Date,BidOpen,BidHigh,BidLow,BidClose,AskOpen,AskHigh,AskLow,AskClose,Volume
2026-01-02 06:31:00,1.17379,1.1741100000000002,1.17379,1.1741,1.17395,1.17427,1.17395,1.17424,33
2026-01-02 06:32:00,1.1741,1.17422,1.1741,1.1742100000000002,1.17424,1.17435,1.17423,1.17434,37
2026-01-02 06:33:00,1.1742100000000002,1.17422,1.1741400000000002,1.17416,1.17434,1.17436,1.17427,1.1743,72
2026-01-02 06:34:00,1.17416,1.17418,1.1741400000000002,1.1741700000000002,1.1743,1.17431,1.17428,1.17429,78
2026-01-02 06:35:00,1.1741700000000002,1.17432,1.1741700000000002,1.17425,1.17429,1.17446,1.17429,1.17439,80
2026-01-02 06:36:00,1.17425,1.1743100000000002,1.17425,1.1743,1.17439,1.17444,1.17439,1.17443,27
2026-01-02 06:37:00,1.1743,1.1743,1.1742,1.17422,1.17443,1.17444,1.17432,1.17436,40
2026-01-02 06:38:00,1.17422,1.17433,1.17419,1.17433,1.17436,1.17447,1.17433,1.17447,72
2026-01-02 06:39:00,1.17433,1.17436,1.1743100000000002,1.1743100000000002,1.17447,1.1745,1.17443,1.17445,69
2026-01-02 06:40:00,1.1743100000000002,1.1743100000000002,1.17425,1.17425,1.17445,1.17445,1.17438,1.17439,64
2026-01-02 06:41:00,1.17425,1.1742800000000002,1.17425,1.1742800000000002,1.17439,1.17441,1.17437,1.1744,49
2026-01-02 06:42:00,1.1742800000000002,1.1743,1.1742400000000002,1.17427,1.1744,1.17443,1.17437,1.1744,86
2026-01-02 06:43:00,1.17427,1.17429,1.17426,1.17427,1.1744,1.17442,1.17439,1.17441,46
2026-01-02 06:44:00,1.17427,1.1742800000000002,1.17423,1.17425,1.17441,1.17441,1.17437,1.17438,37
2026-01-02 06:45:00,1.17425,1.17426,1.1742,1.1742100000000002,1.17438,1.17439,1.17434,1.17435,48
2026-01-02 06:46:00,1.1742100000000002,1.17432,1.1742,1.17432,1.17435,1.17446,1.17434,1.17444,44
2026-01-02 06:47:00,1.17432,1.17433,1.17432,1.17433,1.17444,1.17446,1.17444,1.17445,36
2026-01-02 06:48:00,1.17433,1.17433,1.17432,1.17433,1.17445,1.17446,1.17444,1.17445,49
2026-01-02 06:49:00,1.17433,1.1743800000000002,1.17429,1.17432,1.17445,1.1745,1.17442,1.17444,85
2026-01-02 06:50:00,1.17432,1.17432,1.17422,1.17423,1.17444,1.17445,1.17434,1.17436,78
2026-01-02 06:51:00,1.17423,1.17439,1.17422,1.1743800000000002,1.17436,1.17452,1.17434,1.17452,70
2026-01-02 06:52:00,1.1743800000000002,1.17449,1.1743800000000002,1.1744800000000002,1.17452,1.17461,1.17451,1.1746,66
2026-01-02 06:53:00,1.1744800000000002,1.1744800000000002,1.17433,1.1744500000000002,1.1746,1.17461,1.17445,1.17458,95
2026-01-02 06:54:00,1.1744500000000002,1.1744500000000002,1.1743100000000002,1.17436,1.17458,1.17458,1.17444,1.17449,81
2026-01-02 06:55:00,1.17436,1.17436,1.1741400000000002,1.17416,1.17449,1.17449,1.17428,1.17428,91
2026-01-02 06:56:00,1.17416,1.1742800000000002,1.17416,1.17427,1.17428,1.17442,1.17428,1.17439,84
2026-01-02 06:57:00,1.17427,1.1742800000000002,1.1742400000000002,1.17425,1.17439,1.17441,1.17437,1.17439,45
2026-01-02 06:58:00,1.17425,1.1742800000000002,1.1742400000000002,1.17427,1.17439,1.17441,1.17438,1.17441,51
2026-01-02 06:59:00,1.17427,1.17435,1.17426,1.17432,1.17441,1.17449,1.17439,1.17446,58
2026-01-02 07:00:00,1.17432,1.17432,1.17419,1.17423,1.17446,1.17446,1.17432,1.17436,213
2026-01-02 07:01:00,1.17423,1.17432,1.1742100000000002,1.1743,1.17436,1.17445,1.17434,1.17442,163
2026-01-02 07:02:00,1.1743,1.1743,1.1741400000000002,1.1742800000000002,1.17442,1.17444,1.17427,1.17441,83
2026-01-02 07:03:00,1.1742800000000002,1.17436,1.17425,1.17429,1.17441,1.1745,1.17439,1.17442,101
2026-01-02 07:04:00,1.17429,1.1743800000000002,1.17429,1.17437,1.17442,1.17452,1.17442,1.1745,76
2026-01-02 07:05:00,1.17437,1.17439,1.1742800000000002,1.1743800000000002,1.1745,1.17452,1.17441,1.1745,80
2026-01-02 07:06:00,1.1743800000000002,1.1743800000000002,1.1743,1.1743400000000002,1.1745,1.17451,1.17443,1.17448,80
2026-01-02 07:07:00,1.1743400000000002,1.1744100000000002,1.1743100000000002,1.1744100000000002,1.17448,1.17456,1.17444,1.17454,62
2026-01-02 07:08:00,1.1744100000000002,1.17447,1.1744100000000002,1.17443,1.17454,1.17461,1.17454,1.17456,63
2026-01-02 07:09:00,1.17443,1.17454,1.17443,1.1744400000000002,1.17456,1.17467,1.17456,1.17456,97
2026-01-02 07:10:00,1.1744400000000002,1.17447,1.1743400000000002,1.17443,1.17456,1.17461,1.17448,1.17456,102
2026-01-02 07:11:00,1.17443,1.1745,1.17443,1.17443,1.17456,1.17464,1.17456,1.17456,94
2026-01-02 07:12:00,1.17443,1.1744800000000002,1.17443,1.17443,1.17456,1.17462,1.17455,1.17455,51
2026-01-02 07:13:00,1.17443,1.1744400000000002,1.17435,1.17443,1.17455,1.17457,1.17448,1.17456,78
2026-01-02 07:14:00,1.17443,1.17447,1.17436,1.1744400000000002,1.17456,1.1746,1.17448,1.17458,101
2026-01-02 07:15:00,1.1744400000000002,1.1744500000000002,1.1744,1.1744100000000002,1.17458,1.17458,1.17452,1.17454,69
2026-01-02 07:16:00,1.1744100000000002,1.1744400000000002,1.17437,1.1743800000000002,1.17454,1.17458,1.1745,1.17451,65
2026-01-02 07:17:00,1.1743800000000002,1.1744500000000002,1.1743800000000002,1.1744100000000002,1.17451,1.17459,1.17451,1.17455,32
2026-01-02 07:18:00,1.1744100000000002,1.1744400000000002,1.17432,1.17433,1.17455,1.17457,1.17445,1.17446,59
2026-01-02 07:19:00,1.17433,1.17447,1.1743,1.17447,1.17446,1.1746,1.17444,1.1746,81
2026-01-02 07:20:00,1.17447,1.1746500000000002,1.17447,1.1745800000000002,1.1746,1.17479,1.17459,1.17471,96
2026-01-02 07:21:00,1.1745800000000002,1.17463,1.17457,1.17457,1.17471,1.17476,1.17469,1.17471,48
2026-01-02 07:22:00,1.17457,1.1745800000000002,1.17427,1.17433,1.17471,1.17471,1.1744,1.17446,130
2026-01-02 07:23:00,1.17433,1.17442,1.1743100000000002,1.1743100000000002,1.17446,1.17455,1.17444,1.17445,104
2026-01-02 07:24:00,1.1743100000000002,1.1743400000000002,1.1743100000000002,1.17433,1.17445,1.17449,1.17443,1.17446,34
2026-01-02 07:25:00,1.17433,1.1745100000000002,1.17432,1.1744500000000002,1.17446,1.17464,1.17446,1.17459,107
2026-01-02 07:26:00,1.1744500000000002,1.1744800000000002,1.1744500000000002,1.17446,1.17459,1.17461,1.17459,1.1746,26
2026-01-02 07:27:00,1.17446,1.17447,1.17429,1.1743,1.1746,1.17461,1.17443,1.17444,84
2026-01-02 07:28:00,1.1743,1.1743100000000002,1.17422,1.1743,1.17444,1.17444,1.17436,1.17443,67
2026-01-02 07:29:00,1.1743,1.1743,1.1741,1.1741,1.17443,1.17443,1.17423,1.17423,82
2026-01-02 07:30:00,1.1741,1.1741,1.17366,1.17369,1.17423,1.17424,1.1738,1.17382,173
2026-01-02 07:31:00,1.17369,1.17372,1.17341,1.17341,1.17382,1.17387,1.17355,1.17355,206
2026-01-02 07:32:00,1.17341,1.17351,1.17338,1.1734300000000002,1.17355,1.17365,1.17352,1.17356,149
2026-01-02 07:33:00,1.1734300000000002,1.1734300000000002,1.1733300000000002,1.17335,1.17356,1.17356,1.17346,1.17349,123
2026-01-02 07:34:00,1.17335,1.17344,1.1731600000000002,1.17321,1.17349,1.17357,1.1733,1.17336,123
2026-01-02 07:35:00,1.17321,1.1733300000000002,1.1731900000000002,1.1733,1.17336,1.17346,1.17332,1.17343,120
2026-01-02 07:36:00,1.1733,1.17335,1.17324,1.17334,1.17343,1.17348,1.17338,1.17347,99
2026-01-02 07:37:00,1.17334,1.17349,1.17334,1.1734600000000002,1.17347,1.17362,1.17347,1.17359,92
2026-01-02 07:38:00,1.1734600000000002,1.17358,1.17345,1.17358,1.17359,1.17371,1.17358,1.17371,76
2026-01-02 07:39:00,1.17358,1.17375,1.17349,1.17375,1.17371,1.17388,1.17362,1.17388,121
2026-01-02 07:40:00,1.17375,1.17385,1.17374,1.1738300000000002,1.17388,1.17398,1.17387,1.17397,68
2026-01-02 07:41:00,1.1738300000000002,1.17384,1.17365,1.17366,1.17397,1.17397,1.17378,1.1738,106
2026-01-02 07:42:00,1.17366,1.17374,1.17366,1.17368,1.1738,1.17387,1.17379,1.17382,65
2026-01-02 07:43:00,1.17368,1.17376,1.1735600000000002,1.17365,1.17382,1.17389,1.17369,1.17378,91
2026-01-02 07:44:00,1.17365,1.17365,1.17349,1.17351,1.17378,1.17378,1.17362,1.17363,82
2026-01-02 07:45:00,1.17351,1.1735300000000002,1.1734600000000002,1.17348,1.17363,1.17365,1.17359,1.1736,98
2026-01-02 07:46:00,1.17348,1.17362,1.1734600000000002,1.17352,1.1736,1.17374,1.17358,1.17365,98
2026-01-02 07:47:00,1.17352,1.1735600000000002,1.17345,1.17345,1.17365,1.17369,1.17358,1.17358,92
2026-01-02 07:48:00,1.17345,1.1734600000000002,1.17324,1.17324,1.17358,1.17359,1.17337,1.17337,175
2026-01-02 07:49:00,1.17324,1.17332,1.17318,1.17328,1.17337,1.17345,1.17331,1.17341,95
2026-01-02 07:50:00,1.17328,1.17335,1.1732600000000002,1.1733300000000002,1.17341,1.17348,1.1734,1.17345,87
2026-01-02 07:51:00,1.1733300000000002,1.1733900000000002,1.1733,1.1733600000000002,1.17345,1.17351,1.17343,1.1735,93
2026-01-02 07:52:00,1.1733600000000002,1.1734300000000002,1.1732600000000002,1.1732900000000002,1.1735,1.17355,1.17339,1.17341,172
2026-01-02 07:53:00,1.1732900000000002,1.17354,1.1732900000000002,1.17341,1.17341,1.17366,1.17341,1.17353,173
2026-01-02 07:54:00,1.17341,1.17341,1.17331,1.17341,1.17353,1.17353,1.17345,1.17353,119
2026-01-02 07:55:00,1.17341,1.1736000000000002,1.1733900000000002,1.17358,1.17353,1.17373,1.17352,1.1737,121
2026-01-02 07:56:00,1.17358,1.17378,1.17355,1.1737700000000002,1.1737,1.17391,1.17369,1.17391,115
2026-01-02 07:57:00,1.1737700000000002,1.17386,1.17366,1.17366,1.17391,1.17399,1.1738,1.1738,169
2026-01-02 07:58:00,1.17366,1.1737300000000002,1.17355,1.17362,1.1738,1.17386,1.17368,1.1737499999999998,197
2026-01-02 07:59:00,1.17362,1.17364,1.1733900000000002,1.17342,1.1737499999999998,1.17377,1.17353,1.17355,165
2026-01-02 08:00:00,1.17342,1.1735600000000002,1.17331,1.17332,1.17355,1.1737,1.17345,1.17346,376
2026-01-02 08:01:00,1.17332,1.1736000000000002,1.17331,1.17354,1.17346,1.17372,1.17344,1.17366,272
2026-01-02 08:02:00,1.17354,1.17378,1.1732600000000002,1.17327,1.17366,1.17391,1.17341,1.17341,386
2026-01-02 08:03:00,1.17327,1.17342,1.17307,1.17342,1.17341,1.17356,1.17322,1.17355,370
2026-01-02 08:04:00,1.17342,1.1734600000000002,1.17308,1.17314,1.17355,1.17359,1.17322,1.17327,263
2026-01-02 08:05:00,1.17314,1.17323,1.1729900000000002,1.1732200000000002,1.17327,1.17337,1.17312,1.17336,212
2026-01-02 08:06:00,1.1732200000000002,1.1733300000000002,1.1731900000000002,1.17332,1.17336,1.17347,1.17333,1.17346,156
2026-01-02 08:07:00,1.17332,1.17332,1.1731200000000002,1.1732,1.17346,1.17346,1.17325,1.17333,178
2026-01-02 08:08:00,1.1732,1.17345,1.1732,1.17338,1.17333,1.17358,1.17332,1.17352,203
2026-01-02 08:09:00,1.17338,1.1734,1.17327,1.17335,1.17352,1.17353,1.17339,1.17348,144
2026-01-02 08:10:00,1.17335,1.1734600000000002,1.17334,1.17344,1.17348,1.17359,1.17347,1.17358,150
2026-01-02 08:11:00,1.17344,1.17358,1.1733600000000002,1.17348,1.17358,1.17371,1.17349,1.1736,115
2026-01-02 08:12:00,1.17348,1.17355,1.17344,1.17347,1.1736,1.17368,1.17357,1.17361,127
2026-01-02 08:13:00,1.17347,1.1736300000000002,1.17345,1.17362,1.17361,1.17376,1.17357,1.1737499999999998,169
2026-01-02 08:14:00,1.17362,1.17366,1.17341,1.17342,1.1737499999999998,1.17379,1.17355,1.17356,123
2026-01-02 08:15:00,1.17342,1.17342,1.17318,1.1731900000000002,1.17356,1.17356,1.17332,1.17333,153
2026-01-02 08:16:00,1.1731900000000002,1.1732,1.17308,1.17318,1.17333,1.17333,1.17322,1.17332,122
2026-01-02 08:17:00,1.17318,1.1731900000000002,1.1728200000000002,1.1728200000000002,1.17332,1.17333,1.17296,1.17296,165
2026-01-02 08:18:00,1.1728200000000002,1.1728200000000002,1.1726,1.17263,1.17296,1.17296,1.17274,1.17276,215
2026-01-02 08:19:00,1.17263,1.17263,1.1723400000000002,1.17242,1.17276,1.17276,1.17247,1.17256,251
2026-01-02 08:20:00,1.17242,1.17259,1.1723800000000002,1.1725,1.17256,1.17272,1.1725,1.17263,151
2026-01-02 08:21:00,1.1725,1.17276,1.1725,1.17271,1.17263,1.17289,1.17262,1.17283,198
2026-01-02 08:22:00,1.17271,1.1727200000000002,1.17244,1.1725,1.17283,1.17285,1.17257,1.17263,224
2026-01-02 08:23:00,1.1725,1.17273,1.1725,1.17271,1.17263,1.17286,1.17262,1.17284,239
2026-01-02 08:24:00,1.17271,1.17274,1.1725100000000002,1.1725500000000002,1.17284,1.17287,1.17263,1.17268,160
2026-01-02 08:25:00,1.1725500000000002,1.1728200000000002,1.17253,1.1727500000000002,1.17268,1.17295,1.17266,1.17288,249
2026-01-02 08:26:00,1.1727500000000002,1.17286,1.1727200000000002,1.17274,1.17288,1.17298,1.17285,1.17287,199
2026-01-02 08:27:00,1.17274,1.1727500000000002,1.1724,1.1724100000000002,1.17287,1.17287,1.17252,1.17254,186
2026-01-02 08:28:00,1.1724100000000002,1.1725,1.17233,1.17246,1.17254,1.17263,1.17246,1.17259,280
2026-01-02 08:29:00,1.17246,1.1725500000000002,1.1724100000000002,1.1725500000000002,1.17259,1.17268,1.17254,1.17267,173
2026-01-02 08:30:00,1.1725500000000002,1.1727800000000002,1.1725100000000002,1.1727800000000002,1.17267,1.17292,1.17263,1.1729,204
2026-01-02 08:31:00,1.1727800000000002,1.1727800000000002,1.1724800000000002,1.1724800000000002,1.1729,1.17292,1.1726,1.1726,218
2026-01-02 08:32:00,1.1724800000000002,1.1725500000000002,1.17237,1.1724800000000002,1.1726,1.17267,1.17251,1.1726,260
2026-01-02 08:33:00,1.1724800000000002,1.1727800000000002,1.1724100000000002,1.17271,1.1726,1.1729,1.17254,1.17285,186
2026-01-02 08:34:00,1.17271,1.17293,1.1726800000000002,1.1729,1.17285,1.17305,1.17281,1.17303,249
2026-01-02 08:35:00,1.1729,1.173,1.17283,1.17283,1.17303,1.1731399999999998,1.17296,1.17296,242
2026-01-02 08:36:00,1.17283,1.1728500000000002,1.17269,1.17284,1.17296,1.17298,1.17283,1.17297,127
2026-01-02 08:37:00,1.17284,1.17286,1.1727500000000002,1.17279,1.17297,1.17299,1.17289,1.17293,106
2026-01-02 08:38:00,1.17279,1.17287,1.17271,1.17279,1.17293,1.17301,1.17284,1.17292,136
2026-01-02 08:39:00,1.17279,1.1728900000000002,1.17274,1.17276,1.17292,1.17303,1.17287,1.17289,147
2026-01-02 08:40:00,1.17276,1.17276,1.1727,1.1727,1.17289,1.17289,1.17283,1.17283,37
2026-01-02 08:41:00,1.1727,1.17294,1.1726800000000002,1.1729,1.17283,1.17308,1.17281,1.17304,148
2026-01-02 08:42:00,1.1729,1.1729500000000002,1.1727200000000002,1.1728200000000002,1.17304,1.17309,1.17285,1.17295,114
2026-01-02 08:43:00,1.1728200000000002,1.17291,1.1727200000000002,1.1727800000000002,1.17295,1.17304,1.17285,1.17291,92
2026-01-02 08:44:00,1.1727800000000002,1.17283,1.17271,1.1727500000000002,1.17291,1.17297,1.17285,1.17289,79
2026-01-02 08:45:00,1.1727500000000002,1.17276,1.17263,1.17263,1.17289,1.17289,1.17275,1.17277,130
2026-01-02 08:46:00,1.17263,1.1726500000000002,1.17252,1.1726100000000002,1.17277,1.17278,1.17265,1.17275,168
2026-01-02 08:47:00,1.1726100000000002,1.1727500000000002,1.1726,1.1727500000000002,1.17275,1.17288,1.17273,1.17287,125
2026-01-02 08:48:00,1.1727500000000002,1.17279,1.17264,1.1726500000000002,1.17287,1.17292,1.17277,1.17279,82
2026-01-02 08:49:00,1.1726500000000002,1.17271,1.1725100000000002,1.17266,1.17279,1.17284,1.17265,1.17279,187
2026-01-02 08:50:00,1.17266,1.1729,1.1726500000000002,1.1729,1.17279,1.17304,1.17279,1.17304,141
2026-01-02 08:51:00,1.1729,1.1729200000000002,1.17269,1.17269,1.17304,1.17305,1.17282,1.17283,151
2026-01-02 08:52:00,1.17269,1.1727,1.17256,1.1726100000000002,1.17283,1.17283,1.17269,1.17275,148
2026-01-02 08:53:00,1.1726100000000002,1.17267,1.17252,1.17263,1.17275,1.17281,1.17265,1.17276,153
2026-01-02 08:54:00,1.17263,1.17273,1.1725800000000002,1.17269,1.17276,1.17288,1.17273,1.17284,177
2026-01-02 08:55:00,1.17269,1.1727800000000002,1.17263,1.1727200000000002,1.17284,1.17292,1.17277,1.17286,125
2026-01-02 08:56:00,1.1727200000000002,1.17301,1.1727200000000002,1.1729900000000002,1.17286,1.17315,1.17284,1.1731399999999998,130
2026-01-02 08:57:00,1.1729900000000002,1.173,1.1729,1.173,1.1731399999999998,1.1731399999999998,1.17303,1.1731399999999998,162
2026-01-02 08:58:00,1.173,1.17301,1.17284,1.17291,1.1731399999999998,1.1731399999999998,1.17298,1.17305,133
2026-01-02 08:59:00,1.17291,1.17297,1.1728,1.1728,1.17305,1.17311,1.17293,1.17293,104
2026-01-02 09:00:00,1.1728,1.17291,1.17274,1.17286,1.17293,1.17305,1.17288,1.17299,96
2026-01-02 09:01:00,1.17286,1.17288,1.17274,1.17279,1.17299,1.17302,1.17288,1.17293,119
2026-01-02 09:02:00,1.17279,1.17293,1.17279,1.17291,1.17293,1.17307,1.17293,1.17304,62
2026-01-02 09:03:00,1.17291,1.1729200000000002,1.1726800000000002,1.17269,1.17304,1.17306,1.17282,1.17283,120
2026-01-02 09:04:00,1.17269,1.1727200000000002,1.17264,1.17271,1.17283,1.17286,1.17279,1.17284,109
2026-01-02 09:05:00,1.17271,1.17277,1.1726800000000002,1.1727500000000002,1.17284,1.1729,1.1728,1.17288,94
2026-01-02 09:06:00,1.1727500000000002,1.1731200000000002,1.1727500000000002,1.17311,1.17288,1.17326,1.17287,1.17324,158
2026-01-02 09:07:00,1.17311,1.17324,1.17305,1.17324,1.17324,1.17337,1.17319,1.17337,141
2026-01-02 09:08:00,1.17324,1.17351,1.1732,1.17351,1.17337,1.17365,1.17333,1.17364,176
2026-01-02 09:09:00,1.17351,1.17359,1.17325,1.17332,1.17364,1.17373,1.17338,1.17345,204
2026-01-02 09:10:00,1.17332,1.1733600000000002,1.1732,1.1732,1.17345,1.1735,1.17333,1.17333,168
2026-01-02 09:11:00,1.1732,1.17342,1.1732,1.17342,1.17333,1.17356,1.17333,1.17355,90
2026-01-02 09:12:00,1.17342,1.17345,1.1732600000000002,1.17328,1.17355,1.17358,1.17339,1.17341,130
2026-01-02 09:13:00,1.17328,1.1732900000000002,1.1730900000000002,1.17314,1.17341,1.17342,1.17323,1.17327,172
2026-01-02 09:14:00,1.17314,1.17327,1.17308,1.1730900000000002,1.17327,1.17339,1.1732,1.17321,141
2026-01-02 09:15:00,1.1730900000000002,1.17318,1.17303,1.17305,1.17321,1.17331,1.17315,1.17318,204
2026-01-02 09:16:00,1.17305,1.1731900000000002,1.1730200000000002,1.17305,1.17318,1.17332,1.17315,1.17318,142
2026-01-02 09:17:00,1.17305,1.17317,1.17305,1.1731200000000002,1.17318,1.1733,1.17318,1.17325,118
2026-01-02 09:18:00,1.1731200000000002,1.1735600000000002,1.1731200000000002,1.17349,1.17325,1.1737,1.17325,1.17362,172
2026-01-02 09:19:00,1.17349,1.17358,1.17345,1.17355,1.17362,1.17371,1.17358,1.17368,101
2026-01-02 09:20:00,1.17355,1.1736300000000002,1.17354,1.1736000000000002,1.17368,1.17378,1.17368,1.17373,148
2026-01-02 09:21:00,1.1736000000000002,1.17369,1.17347,1.1735000000000002,1.17373,1.17382,1.17359,1.17364,166
2026-01-02 09:22:00,1.1735000000000002,1.17358,1.17347,1.17348,1.17364,1.17371,1.17361,1.17361,76
2026-01-02 09:23:00,1.17348,1.1735600000000002,1.1733300000000002,1.17335,1.17361,1.17368,1.17346,1.17348,98
2026-01-02 09:24:00,1.17335,1.17335,1.17313,1.17315,1.17348,1.17348,1.17326,1.17328,65
2026-01-02 09:25:00,1.17315,1.17324,1.17314,1.17315,1.17328,1.17337,1.17327,1.17329,86
2026-01-02 09:26:00,1.17315,1.17317,1.17291,1.17293,1.17329,1.17329,1.17303,1.17305,163
2026-01-02 09:27:00,1.17293,1.1731,1.17291,1.17305,1.17305,1.17323,1.17303,1.17318,74
2026-01-02 09:28:00,1.17305,1.1730900000000002,1.1729500000000002,1.17298,1.17318,1.17321,1.17308,1.17311,66
2026-01-02 09:29:00,1.17298,1.17318,1.17296,1.17314,1.17311,1.17332,1.17309,1.17326,89
2026-01-02 09:30:00,1.17314,1.17317,1.17293,1.17294,1.17326,1.1733,1.17307,1.17308,75
2026-01-02 09:31:00,1.17294,1.17308,1.17281,1.17307,1.17308,1.17321,1.17295,1.1732,110
2026-01-02 09:32:00,1.17307,1.17317,1.1730600000000002,1.1731,1.1732,1.1733,1.17318,1.17322,110
2026-01-02 09:33:00,1.1731,1.17313,1.17303,1.1730600000000002,1.17322,1.17326,1.17316,1.17319,101
2026-01-02 09:34:00,1.1730600000000002,1.1731,1.1730200000000002,1.1730200000000002,1.17319,1.17323,1.17315,1.17315,70
2026-01-02 09:35:00,1.1730200000000002,1.17303,1.17286,1.17288,1.17315,1.17315,1.17298,1.17301,112
2026-01-02 09:36:00,1.17288,1.17288,1.17276,1.17286,1.17301,1.17302,1.17289,1.17299,111
2026-01-02 09:37:00,1.17286,1.17286,1.17271,1.17271,1.17299,1.17299,1.17283,1.17283,119
2026-01-02 09:38:00,1.17271,1.17277,1.17267,1.17274,1.17283,1.17289,1.17279,1.17287,100
2026-01-02 09:39:00,1.17274,1.17286,1.17266,1.17267,1.17287,1.17299,1.17279,1.1728,101
2026-01-02 09:40:00,1.17267,1.1726800000000002,1.17235,1.17243,1.1728,1.1728,1.17249,1.17256,203
2026-01-02 09:41:00,1.17243,1.1726100000000002,1.1724100000000002,1.17259,1.17256,1.17273,1.17254,1.17272,194
2026-01-02 09:42:00,1.17259,1.17259,1.17246,1.1724800000000002,1.17272,1.17272,1.17259,1.1726,128
2026-01-02 09:43:00,1.1724800000000002,1.1726800000000002,1.17247,1.17267,1.1726,1.1728,1.17259,1.17279,108
2026-01-02 09:44:00,1.17267,1.17281,1.17262,1.17281,1.17279,1.17295,1.17274,1.17295,120
2026-01-02 09:45:00,1.17281,1.17291,1.1727800000000002,1.17281,1.17295,1.17304,1.17291,1.17293,130
2026-01-02 09:46:00,1.17281,1.1728500000000002,1.1727500000000002,1.1727500000000002,1.17293,1.17299,1.17288,1.17288,58
2026-01-02 09:47:00,1.1727500000000002,1.1728900000000002,1.1727200000000002,1.17287,1.17288,1.17302,1.17285,1.17301,93
2026-01-02 09:48:00,1.17287,1.17287,1.1727,1.1727,1.17301,1.17301,1.17283,1.17284,72
2026-01-02 09:49:00,1.1727,1.1727200000000002,1.1727,1.17271,1.17284,1.17285,1.17283,1.17284,43
2026-01-02 09:50:00,1.17271,1.17274,1.17263,1.17274,1.17284,1.17287,1.17277,1.17286,79
2026-01-02 09:51:00,1.17274,1.1727500000000002,1.17256,1.17256,1.17286,1.17287,1.17269,1.17269,113
2026-01-02 09:52:00,1.17256,1.1725800000000002,1.17247,1.17253,1.17269,1.17271,1.1726,1.17266,140
2026-01-02 09:53:00,1.17253,1.17254,1.17235,1.17235,1.17266,1.17266,1.17248,1.17249,106
2026-01-02 09:54:00,1.17235,1.17235,1.17215,1.17232,1.17249,1.17249,1.17229,1.17245,201
2026-01-02 09:55:00,1.17232,1.1723400000000002,1.1720000000000002,1.1720700000000002,1.17245,1.17248,1.17214,1.1722,177
2026-01-02 09:56:00,1.1720700000000002,1.17212,1.1720000000000002,1.1720700000000002,1.1722,1.17225,1.17214,1.17221,187
2026-01-02 09:57:00,1.1720700000000002,1.17216,1.1720000000000002,1.17203,1.17221,1.17229,1.17214,1.17216,221
2026-01-02 09:58:00,1.17203,1.17219,1.17201,1.17215,1.17216,1.17232,1.17215,1.17228,173
2026-01-02 09:59:00,1.17215,1.17216,1.1720400000000002,1.17208,1.17228,1.1723,1.17217,1.17222,132
2026-01-02 10:00:00,1.17208,1.17213,1.1720000000000002,1.17203,1.17222,1.17227,1.17213,1.17216,146
2026-01-02 10:01:00,1.17203,1.17212,1.17195,1.17199,1.17216,1.17225,1.17208,1.17213,124
2026-01-02 10:02:00,1.17199,1.1721,1.17192,1.1720700000000002,1.17213,1.17223,1.17205,1.1722,138
2026-01-02 10:03:00,1.1720700000000002,1.1720700000000002,1.17195,1.17199,1.1722,1.17221,1.17208,1.17213,146
2026-01-02 10:04:00,1.17199,1.17203,1.17195,1.17202,1.17213,1.17217,1.17208,1.17216,109
2026-01-02 10:05:00,1.17202,1.17202,1.17195,1.17196,1.17216,1.17216,1.17208,1.1721,85
2026-01-02 10:06:00,1.17196,1.17215,1.1719400000000002,1.17215,1.1721,1.17229,1.17207,1.17228,94
2026-01-02 10:07:00,1.17215,1.17215,1.17193,1.17195,1.17228,1.17229,1.17205,1.17208,134
2026-01-02 10:08:00,1.17195,1.1720700000000002,1.1719000000000002,1.1719700000000002,1.17208,1.1722,1.17204,1.17211,169
2026-01-02 10:09:00,1.1719700000000002,1.1719700000000002,1.17193,1.17196,1.17211,1.17211,1.17206,1.17209,63
2026-01-02 10:10:00,1.17196,1.17196,1.17165,1.1717000000000002,1.17209,1.17209,1.17179,1.17184,162
2026-01-02 10:11:00,1.1717000000000002,1.17178,1.1716700000000002,1.1717700000000002,1.17184,1.17193,1.1718,1.1719,68
2026-01-02 10:12:00,1.1717700000000002,1.1717700000000002,1.17159,1.17172,1.1719,1.1719,1.17173,1.17185,161
2026-01-02 10:13:00,1.17172,1.17178,1.17162,1.17162,1.17185,1.17191,1.17175,1.17176,120
2026-01-02 10:14:00,1.17162,1.17164,1.17147,1.1715000000000002,1.17176,1.17178,1.1716,1.17164,82
2026-01-02 10:15:00,1.1715000000000002,1.17158,1.17144,1.17157,1.17164,1.17171,1.17157,1.1717,113
2026-01-02 10:16:00,1.17157,1.17158,1.17149,1.1715300000000002,1.1717,1.17172,1.17163,1.17165,89
2026-01-02 10:17:00,1.1715300000000002,1.17171,1.17151,1.17166,1.17165,1.17184,1.17164,1.1718,106
2026-01-02 10:18:00,1.17166,1.1716700000000002,1.17145,1.1714600000000002,1.1718,1.1718,1.17158,1.1716,132
2026-01-02 10:19:00,1.1714600000000002,1.17147,1.17132,1.17135,1.1716,1.1716,1.17145,1.17148,127
2026-01-02 10:20:00,1.17135,1.17149,1.17132,1.17141,1.17148,1.17163,1.17146,1.17155,93
2026-01-02 10:21:00,1.17141,1.17147,1.17128,1.17138,1.17155,1.1716,1.17142,1.17151,130
2026-01-02 10:22:00,1.17138,1.17148,1.17135,1.17147,1.17151,1.17162,1.17148,1.1716,102
2026-01-02 10:23:00,1.17147,1.17148,1.1714300000000002,1.17147,1.1716,1.17161,1.17157,1.1716,41
2026-01-02 10:24:00,1.17147,1.17157,1.17145,1.17157,1.1716,1.1717,1.17159,1.1717,66
2026-01-02 10:25:00,1.17157,1.1716700000000002,1.17151,1.17151,1.1717,1.17181,1.17164,1.17165,102
2026-01-02 10:26:00,1.17151,1.17158,1.17141,1.17141,1.17165,1.17171,1.17154,1.17154,103
2026-01-02 10:27:00,1.17141,1.17141,1.1713300000000002,1.17137,1.17154,1.17155,1.17146,1.1715,91
2026-01-02 10:28:00,1.17137,1.1713900000000002,1.1712900000000002,1.17132,1.1715,1.17152,1.17141,1.17145,75
2026-01-02 10:29:00,1.17132,1.17132,1.17127,1.1712900000000002,1.17145,1.17145,1.1714,1.17142,82
2026-01-02 10:30:00,1.1712900000000002,1.1715000000000002,1.1712600000000002,1.17149,1.17142,1.17163,1.17138,1.17163,91
2026-01-02 10:31:00,1.17149,1.17175,1.17148,1.17168,1.17163,1.17189,1.17162,1.17182,225
2026-01-02 10:32:00,1.17168,1.1718000000000002,1.17166,1.1717700000000002,1.17182,1.17193,1.17179,1.1719,112
2026-01-02 10:33:00,1.1717700000000002,1.17179,1.17162,1.17164,1.1719,1.17192,1.17175,1.17176,141
2026-01-02 10:34:00,1.17164,1.17164,1.17148,1.17149,1.17176,1.17177,1.1716,1.17161,102
2026-01-02 10:35:00,1.17149,1.1715600000000002,1.17145,1.17154,1.17161,1.17169,1.17158,1.17167,72
2026-01-02 10:36:00,1.17154,1.17172,1.17151,1.1717000000000002,1.17167,1.17186,1.17163,1.17184,141
2026-01-02 10:37:00,1.1717000000000002,1.1717300000000002,1.17148,1.17149,1.17184,1.17186,1.17161,1.17162,104
2026-01-02 10:38:00,1.17149,1.17154,1.17147,1.17148,1.17162,1.17167,1.1716,1.17162,93
2026-01-02 10:39:00,1.17148,1.17149,1.17138,1.17148,1.17162,1.17162,1.17151,1.17161,86
2026-01-02 10:40:00,1.17148,1.17149,1.1713900000000002,1.1714600000000002,1.17161,1.17162,1.17152,1.1716,100
2026-01-02 10:41:00,1.1714600000000002,1.1715000000000002,1.17142,1.1714300000000002,1.1716,1.17164,1.17155,1.17156,80
2026-01-02 10:42:00,1.1714300000000002,1.17171,1.17137,1.17164,1.17156,1.17185,1.1715,1.17178,213
2026-01-02 10:43:00,1.17164,1.17172,1.1715300000000002,1.17168,1.17178,1.17185,1.17165,1.17182,161
2026-01-02 10:44:00,1.17168,1.17168,1.17152,1.17164,1.17182,1.17182,1.17165,1.17177,137
2026-01-02 10:45:00,1.17164,1.17169,1.17154,1.17165,1.17177,1.17182,1.17168,1.17179,121
2026-01-02 10:46:00,1.17165,1.17181,1.17165,1.17178,1.17179,1.17193,1.17178,1.17191,60
2026-01-02 10:47:00,1.17178,1.17183,1.17174,1.17179,1.17191,1.17196,1.17187,1.17192,68
2026-01-02 10:48:00,1.17179,1.17188,1.1717700000000002,1.1718700000000002,1.17192,1.17201,1.1719,1.17201,62
2026-01-02 10:49:00,1.1718700000000002,1.17195,1.17186,1.17193,1.17201,1.17208,1.172,1.17206,111
2026-01-02 10:50:00,1.17193,1.1719700000000002,1.17188,1.17188,1.17206,1.17209,1.172,1.17201,66
2026-01-02 10:51:00,1.17188,1.17198,1.17185,1.17191,1.17201,1.17211,1.17198,1.17204,82
2026-01-02 10:52:00,1.17191,1.17198,1.17191,1.17198,1.17204,1.17211,1.17204,1.17211,91
2026-01-02 10:53:00,1.17198,1.1721,1.17189,1.1719000000000002,1.17211,1.17223,1.17202,1.17204,103
2026-01-02 10:54:00,1.1719000000000002,1.17195,1.1718400000000002,1.17193,1.17204,1.17208,1.17198,1.17206,92
2026-01-02 10:55:00,1.17193,1.17209,1.17192,1.17208,1.17206,1.17222,1.17206,1.17221,91
2026-01-02 10:56:00,1.17208,1.17225,1.1720700000000002,1.17225,1.17221,1.17239,1.1722,1.17238,101
2026-01-02 10:57:00,1.17225,1.17229,1.17225,1.1722800000000002,1.17238,1.17243,1.17237,1.17241,62
2026-01-02 10:58:00,1.1722800000000002,1.17229,1.1720700000000002,1.1721100000000002,1.17241,1.17242,1.1722,1.17224,139
2026-01-02 10:59:00,1.1721100000000002,1.17212,1.1720400000000002,1.17205,1.17224,1.17225,1.17217,1.17218,106
2026-01-02 11:00:00,1.17205,1.17205,1.1719400000000002,1.17199,1.17218,1.17219,1.17207,1.17212,119
2026-01-02 11:01:00,1.17199,1.17199,1.1719400000000002,1.17196,1.17212,1.17212,1.17206,1.17209,56
2026-01-02 11:02:00,1.17196,1.17203,1.17195,1.17198,1.17209,1.17216,1.17208,1.17211,112
2026-01-02 11:03:00,1.17198,1.17199,1.1719400000000002,1.17195,1.17211,1.17212,1.17208,1.17209,45
2026-01-02 11:04:00,1.17195,1.17195,1.17188,1.17189,1.17209,1.17209,1.17201,1.17202,56
2026-01-02 11:05:00,1.17189,1.1719400000000002,1.17185,1.17192,1.17202,1.17206,1.17198,1.17206,48
2026-01-02 11:06:00,1.17192,1.17199,1.17185,1.17198,1.17206,1.17211,1.17198,1.17211,74
2026-01-02 11:07:00,1.17198,1.17206,1.1719700000000002,1.17198,1.17211,1.17218,1.17209,1.17211,85
2026-01-02 11:08:00,1.17198,1.17213,1.1719700000000002,1.17213,1.17211,1.17226,1.1721,1.17225,98
2026-01-02 11:09:00,1.17213,1.1721400000000002,1.17201,1.17201,1.17225,1.17228,1.17213,1.17213,122
2026-01-02 11:10:00,1.17201,1.17202,1.17192,1.17192,1.17213,1.17215,1.17205,1.17205,60
2026-01-02 11:11:00,1.17192,1.17196,1.1719000000000002,1.17191,1.17205,1.1721,1.17203,1.17204,83
2026-01-02 11:12:00,1.17191,1.1719700000000002,1.17186,1.17186,1.17204,1.1721,1.17199,1.17199,81
2026-01-02 11:13:00,1.17186,1.17188,1.17178,1.17181,1.17199,1.17202,1.17191,1.17194,73
2026-01-02 11:14:00,1.17181,1.17181,1.17169,1.17179,1.17194,1.17194,1.17183,1.17191,73
2026-01-02 11:15:00,1.17179,1.17185,1.17176,1.17178,1.17191,1.17199,1.17188,1.1719,103
2026-01-02 11:16:00,1.17178,1.1718700000000002,1.17178,1.17182,1.1719,1.172,1.1719,1.17195,120
2026-01-02 11:17:00,1.17182,1.1719000000000002,1.17175,1.1718700000000002,1.17195,1.17203,1.17187,1.172,115
2026-01-02 11:18:00,1.1718700000000002,1.1719000000000002,1.1717300000000002,1.17175,1.172,1.17203,1.17186,1.17189,87
2026-01-02 11:19:00,1.17175,1.17178,1.17171,1.1717700000000002,1.17189,1.1719,1.17184,1.1719,40
2026-01-02 11:20:00,1.1717700000000002,1.17183,1.17171,1.17171,1.1719,1.17197,1.17184,1.17184,68
2026-01-02 11:21:00,1.17171,1.17172,1.17157,1.17158,1.17184,1.17185,1.1717,1.17171,75
2026-01-02 11:22:00,1.17158,1.1716000000000002,1.1715300000000002,1.17159,1.17171,1.17173,1.17167,1.17172,70
2026-01-02 11:23:00,1.17159,1.17166,1.17157,1.17162,1.17172,1.17179,1.1717,1.17176,144
2026-01-02 11:24:00,1.17162,1.17171,1.17162,1.17166,1.17176,1.17184,1.17176,1.1718,51
2026-01-02 11:25:00,1.17166,1.17178,1.17166,1.17176,1.1718,1.17191,1.17178,1.17189,54
2026-01-02 11:26:00,1.17176,1.1717700000000002,1.1716700000000002,1.1717300000000002,1.17189,1.1719,1.1718,1.17185,95
2026-01-02 11:27:00,1.1717300000000002,1.1718400000000002,1.1716700000000002,1.17183,1.17185,1.17197,1.1718,1.17196,85
2026-01-02 11:28:00,1.17183,1.17189,1.17182,1.1718700000000002,1.17196,1.17203,1.17195,1.172,98
2026-01-02 11:29:00,1.1718700000000002,1.17193,1.17183,1.17192,1.172,1.17205,1.17196,1.17205,84
2026-01-02 11:30:00,1.17192,1.1720700000000002,1.17191,1.17193,1.17205,1.1722,1.17205,1.17206,107
2026-01-02 11:31:00,1.17193,1.17213,1.17192,1.1721,1.17206,1.17226,1.17205,1.17223,137
2026-01-02 11:32:00,1.1721,1.17219,1.1720700000000002,1.1721700000000002,1.17223,1.17232,1.1722,1.1723,78
2026-01-02 11:33:00,1.1721700000000002,1.17218,1.17202,1.17216,1.1723,1.17231,1.17215,1.17229,98
2026-01-02 11:34:00,1.17216,1.17219,1.17202,1.17203,1.17229,1.17232,1.17215,1.17215,94
2026-01-02 11:35:00,1.17203,1.17205,1.1719400000000002,1.17196,1.17215,1.17218,1.17206,1.1721,59
2026-01-02 11:36:00,1.17196,1.1719700000000002,1.17181,1.1719000000000002,1.1721,1.1721,1.17194,1.17203,87
2026-01-02 11:37:00,1.1719000000000002,1.1719000000000002,1.1714600000000002,1.17147,1.17203,1.17203,1.1716,1.17161,111
2026-01-02 11:38:00,1.17147,1.1716300000000002,1.1714600000000002,1.17162,1.17161,1.17176,1.17161,1.17175,156
2026-01-02 11:39:00,1.17162,1.1717300000000002,1.17158,1.17172,1.17175,1.17186,1.17171,1.17185,104
2026-01-02 11:40:00,1.17172,1.17176,1.17166,1.1717300000000002,1.17185,1.1719,1.17179,1.17185,109
2026-01-02 11:41:00,1.1717300000000002,1.17188,1.1716700000000002,1.17188,1.17185,1.17201,1.17179,1.17201,157
2026-01-02 11:42:00,1.17188,1.17203,1.17182,1.1720000000000002,1.17201,1.17216,1.17195,1.17214,164
2026-01-02 11:43:00,1.1720000000000002,1.1720700000000002,1.17198,1.17206,1.17214,1.17221,1.1721,1.17219,85
2026-01-02 11:44:00,1.17206,1.17206,1.17189,1.17191,1.17219,1.17219,1.17202,1.17204,73
2026-01-02 11:45:00,1.17191,1.17193,1.17181,1.17181,1.17204,1.17206,1.17194,1.17194,50
2026-01-02 11:46:00,1.17181,1.17182,1.17171,1.1717300000000002,1.17194,1.17196,1.17184,1.17185,65
2026-01-02 11:47:00,1.1717300000000002,1.17186,1.17171,1.17182,1.17185,1.172,1.17183,1.17196,83
2026-01-02 11:48:00,1.17182,1.17183,1.17169,1.17171,1.17196,1.17196,1.17183,1.17184,94
2026-01-02 11:49:00,1.17171,1.17196,1.1717000000000002,1.17189,1.17184,1.1721,1.17184,1.17203,172
2026-01-02 11:50:00,1.17189,1.17189,1.17182,1.1718700000000002,1.17203,1.17203,1.17195,1.172,67
2026-01-02 11:51:00,1.1718700000000002,1.17191,1.17183,1.1718700000000002,1.172,1.17204,1.17196,1.172,43
2026-01-02 11:52:00,1.1718700000000002,1.17192,1.17183,1.17191,1.172,1.17205,1.17195,1.17204,49
2026-01-02 11:53:00,1.17191,1.17191,1.17181,1.17183,1.17204,1.17204,1.17194,1.17196,71
2026-01-02 11:54:00,1.17183,1.17189,1.1717700000000002,1.17185,1.17196,1.17202,1.17191,1.17199,91
2026-01-02 11:55:00,1.17185,1.17201,1.17185,1.1719000000000002,1.17199,1.17214,1.17199,1.17203,140
2026-01-02 11:56:00,1.1719000000000002,1.17199,1.17176,1.17199,1.17203,1.17212,1.17189,1.17212,125
2026-01-02 11:57:00,1.17199,1.1721,1.1719700000000002,1.17206,1.17212,1.17224,1.1721,1.1722,172
2026-01-02 11:58:00,1.17206,1.17209,1.1719700000000002,1.17208,1.1722,1.17222,1.1721,1.17221,144
2026-01-02 11:59:00,1.17208,1.17219,1.1720400000000002,1.17213,1.17221,1.17231,1.17217,1.17226,196
2026-01-02 12:00:00,1.17213,1.17213,1.17201,1.1720700000000002,1.17226,1.17227,1.17214,1.17219,156
2026-01-02 12:01:00,1.1720700000000002,1.1721400000000002,1.1720400000000002,1.17212,1.17219,1.17227,1.17217,1.17226,63
2026-01-02 12:02:00,1.17212,1.17226,1.1721,1.17225,1.17226,1.17238,1.17223,1.17237,205
2026-01-02 12:03:00,1.17225,1.17233,1.1722100000000002,1.17229,1.17237,1.17246,1.17235,1.17242,140
2026-01-02 12:04:00,1.17229,1.1723100000000002,1.17225,1.17226,1.17242,1.17245,1.17237,1.1724,101
2026-01-02 12:05:00,1.17226,1.17233,1.17225,1.17233,1.1724,1.17247,1.17238,1.17247,77
2026-01-02 12:06:00,1.17233,1.1724100000000002,1.1723100000000002,1.1724,1.17247,1.17255,1.17245,1.17253,119
2026-01-02 12:07:00,1.1724,1.17242,1.17235,1.1724100000000002,1.17253,1.17256,1.17248,1.17255,87
2026-01-02 12:08:00,1.1724100000000002,1.17242,1.17233,1.1724,1.17255,1.17255,1.17247,1.17253,112
2026-01-02 12:09:00,1.1724,1.1724100000000002,1.17236,1.17236,1.17253,1.17254,1.17249,1.17249,34
2026-01-02 12:10:00,1.17236,1.17243,1.17236,1.17237,1.17249,1.17256,1.17248,1.1725,49
2026-01-02 12:11:00,1.17237,1.17242,1.17235,1.1723800000000002,1.1725,1.17255,1.17248,1.17251,72
2026-01-02 12:12:00,1.1723800000000002,1.1723800000000002,1.1723,1.1723400000000002,1.17251,1.17251,1.17243,1.17247,42
2026-01-02 12:13:00,1.1723400000000002,1.17242,1.17232,1.17237,1.17247,1.17256,1.17244,1.17251,87
2026-01-02 12:14:00,1.17237,1.17237,1.1723100000000002,1.17232,1.17251,1.17251,1.17244,1.17245,68
2026-01-02 12:15:00,1.17232,1.17242,1.1723100000000002,1.1723800000000002,1.17245,1.17255,1.17245,1.17251,78
2026-01-02 12:16:00,1.1723800000000002,1.1723800000000002,1.17227,1.17233,1.17251,1.17251,1.17239,1.17246,115
2026-01-02 12:17:00,1.17233,1.17242,1.17233,1.17242,1.17246,1.17255,1.17246,1.17255,45
2026-01-02 12:18:00,1.17242,1.1724800000000002,1.1724100000000002,1.17247,1.17255,1.17262,1.17254,1.1726,82
2026-01-02 12:19:00,1.17247,1.17247,1.17227,1.17227,1.1726,1.17261,1.1724,1.17241,84
2026-01-02 12:20:00,1.17227,1.17232,1.17222,1.17223,1.17241,1.17246,1.17234,1.17235,68
2026-01-02 12:21:00,1.17223,1.17244,1.17223,1.17242,1.17235,1.17257,1.17235,1.17256,80
2026-01-02 12:22:00,1.17242,1.1725100000000002,1.17242,1.1724500000000002,1.17256,1.17264,1.17254,1.17257,84
2026-01-02 12:23:00,1.1724500000000002,1.17253,1.1724500000000002,1.17252,1.17257,1.17266,1.17257,1.17266,62
2026-01-02 12:24:00,1.17252,1.17253,1.17243,1.1724800000000002,1.17266,1.17266,1.17256,1.17261,65
2026-01-02 12:25:00,1.1724800000000002,1.1725,1.17246,1.1724800000000002,1.17261,1.17262,1.17259,1.17261,52
2026-01-02 12:26:00,1.1724800000000002,1.1724800000000002,1.17233,1.17233,1.17261,1.17261,1.17247,1.17247,58
2026-01-02 12:27:00,1.17233,1.17242,1.17233,1.1724,1.17247,1.17255,1.17247,1.17254,88
2026-01-02 12:28:00,1.1724,1.1724800000000002,1.17236,1.1724100000000002,1.17254,1.17261,1.17249,1.17254,64
2026-01-02 12:29:00,1.1724100000000002,1.17247,1.17239,1.1724500000000002,1.17254,1.1726,1.17252,1.17257,79
2026-01-02 12:30:00,1.1724500000000002,1.1724500000000002,1.17226,1.17226,1.17257,1.17259,1.17239,1.17239,72
2026-01-02 12:31:00,1.17226,1.17229,1.1722100000000002,1.1722800000000002,1.17239,1.17242,1.17235,1.17241,72
2026-01-02 12:32:00,1.1722800000000002,1.1723100000000002,1.17222,1.1723,1.17241,1.17244,1.17235,1.17244,65
2026-01-02 12:33:00,1.1723,1.17233,1.1722,1.17222,1.17244,1.17246,1.17234,1.17236,116
2026-01-02 12:34:00,1.17222,1.17235,1.17222,1.17235,1.17236,1.17249,1.17235,1.17249,83
2026-01-02 12:35:00,1.17235,1.17244,1.1723100000000002,1.17235,1.17249,1.17258,1.17244,1.17248,97
2026-01-02 12:36:00,1.17235,1.17239,1.1723100000000002,1.17232,1.17248,1.17253,1.17244,1.17244,35
2026-01-02 12:37:00,1.17232,1.1724100000000002,1.17232,1.17235,1.17244,1.17254,1.17244,1.17248,66
2026-01-02 12:38:00,1.17235,1.17236,1.1722100000000002,1.17222,1.17248,1.17249,1.17235,1.17235,49
2026-01-02 12:39:00,1.17222,1.17246,1.1721700000000002,1.1724500000000002,1.17235,1.17258,1.1723,1.17258,64
2026-01-02 12:40:00,1.1724500000000002,1.17259,1.1724500000000002,1.17259,1.17258,1.17272,1.17258,1.17271,113
2026-01-02 12:41:00,1.17259,1.17264,1.1725500000000002,1.1725800000000002,1.17271,1.17278,1.17269,1.17272,60
2026-01-02 12:42:00,1.1725800000000002,1.17263,1.17256,1.17262,1.17272,1.17275,1.17269,1.17275,55
2026-01-02 12:43:00,1.17262,1.17263,1.17253,1.17262,1.17275,1.17276,1.17266,1.17275,68
2026-01-02 12:44:00,1.17262,1.17267,1.17259,1.17266,1.17275,1.17279,1.17271,1.17278,26
2026-01-02 12:45:00,1.17266,1.17266,1.17254,1.1725800000000002,1.17278,1.17278,1.17266,1.17271,63
2026-01-02 12:46:00,1.1725800000000002,1.17262,1.1725800000000002,1.1725800000000002,1.17271,1.17275,1.1727,1.17271,25
2026-01-02 12:47:00,1.1725800000000002,1.17262,1.17249,1.1725100000000002,1.17271,1.17275,1.17263,1.17265,38
2026-01-02 12:48:00,1.1725100000000002,1.1725100000000002,1.1723800000000002,1.1724800000000002,1.17265,1.17265,1.17252,1.17261,64
2026-01-02 12:49:00,1.1724800000000002,1.17254,1.17242,1.17242,1.17261,1.17267,1.17254,1.17255,83
2026-01-02 12:50:00,1.17242,1.1724800000000002,1.17237,1.1723800000000002,1.17255,1.17261,1.1725,1.1725,75
2026-01-02 12:51:00,1.1723800000000002,1.17242,1.17237,1.17242,1.1725,1.17255,1.17249,1.17254,42
2026-01-02 12:52:00,1.17242,1.1724500000000002,1.17236,1.17236,1.17254,1.17259,1.17249,1.1725,64
2026-01-02 12:53:00,1.17236,1.17236,1.1721700000000002,1.17223,1.1725,1.1725,1.1723,1.17235,106
2026-01-02 12:54:00,1.17223,1.1722800000000002,1.17215,1.1721700000000002,1.17235,1.1724,1.17228,1.1723,85
2026-01-02 12:55:00,1.1721700000000002,1.1722100000000002,1.1720700000000002,1.1720700000000002,1.1723,1.17234,1.17219,1.17221,119
2026-01-02 12:56:00,1.1720700000000002,1.17223,1.1720700000000002,1.1722,1.17221,1.17235,1.1722,1.17233,161
2026-01-02 12:57:00,1.1722,1.17229,1.17218,1.1722100000000002,1.17233,1.17241,1.17231,1.17234,187
2026-01-02 12:58:00,1.1722100000000002,1.1722400000000002,1.17219,1.17222,1.17234,1.17236,1.17231,1.17234,121
2026-01-02 12:59:00,1.17222,1.17232,1.17222,1.17232,1.17234,1.17244,1.17234,1.17244,75
2026-01-02 13:00:00,1.17232,1.17244,1.1722400000000002,1.17227,1.17244,1.17256,1.17237,1.1724,228
2026-01-02 13:01:00,1.17227,1.17232,1.1721100000000002,1.1721400000000002,1.1724,1.17245,1.17224,1.17227,144
2026-01-02 13:02:00,1.1721400000000002,1.17244,1.1721100000000002,1.17244,1.17227,1.17257,1.17224,1.17257,202
2026-01-02 13:03:00,1.17244,1.17252,1.17236,1.17246,1.17257,1.17265,1.17249,1.17259,159
2026-01-02 13:04:00,1.17246,1.1725500000000002,1.1724100000000002,1.1725100000000002,1.17259,1.17267,1.17254,1.17263,98
2026-01-02 13:05:00,1.1725100000000002,1.17252,1.17242,1.17242,1.17263,1.17265,1.17255,1.17256,85
2026-01-02 13:06:00,1.17242,1.17246,1.1723,1.1723100000000002,1.17256,1.17259,1.17244,1.17244,90
2026-01-02 13:07:00,1.1723100000000002,1.1724800000000002,1.1723100000000002,1.17236,1.17244,1.17261,1.17244,1.1725,79
2026-01-02 13:08:00,1.17236,1.17239,1.1722,1.17222,1.1725,1.17252,1.17234,1.17234,96
2026-01-02 13:09:00,1.17222,1.17222,1.17208,1.17208,1.17234,1.17234,1.1722,1.17221,121
2026-01-02 13:10:00,1.17208,1.1721100000000002,1.1719700000000002,1.17208,1.17221,1.17224,1.1721,1.17221,185
2026-01-02 13:11:00,1.17208,1.1722800000000002,1.17208,1.17227,1.17221,1.1724,1.17221,1.1724,170
2026-01-02 13:12:00,1.17227,1.1724800000000002,1.17225,1.1724800000000002,1.1724,1.1726,1.17238,1.1726,163
2026-01-02 13:13:00,1.1724800000000002,1.1725100000000002,1.17242,1.1724800000000002,1.1726,1.17263,1.17254,1.17261,142
2026-01-02 13:14:00,1.1724800000000002,1.17253,1.1724,1.17242,1.17261,1.17267,1.17252,1.17254,161
2026-01-02 13:15:00,1.17242,1.1726100000000002,1.17242,1.17257,1.17254,1.17274,1.17254,1.17271,179
2026-01-02 13:16:00,1.17257,1.17266,1.1724,1.1724100000000002,1.17271,1.17278,1.17253,1.17254,108
2026-01-02 13:17:00,1.1724100000000002,1.1725100000000002,1.17239,1.17243,1.17254,1.17265,1.17252,1.17256,97
2026-01-02 13:18:00,1.17243,1.17254,1.1724100000000002,1.17249,1.17256,1.17268,1.17253,1.17262,168
2026-01-02 13:19:00,1.17249,1.17266,1.1724800000000002,1.1726500000000002,1.17262,1.17279,1.1726,1.17279,135
2026-01-02 13:20:00,1.1726500000000002,1.17266,1.1725100000000002,1.17252,1.17279,1.17279,1.17263,1.17265,171
2026-01-02 13:21:00,1.17252,1.17252,1.1724,1.1724100000000002,1.17265,1.17265,1.17253,1.17254,113
2026-01-02 13:22:00,1.1724100000000002,1.1726100000000002,1.17236,1.1726,1.17254,1.17275,1.17249,1.17273,129
2026-01-02 13:23:00,1.1726,1.1728200000000002,1.1726,1.17281,1.17273,1.17295,1.17273,1.17295,186
2026-01-02 13:24:00,1.17281,1.17284,1.17277,1.17283,1.17295,1.17298,1.1729,1.17296,192
2026-01-02 13:25:00,1.17283,1.17283,1.17266,1.17266,1.17296,1.17296,1.17279,1.17279,173
2026-01-02 13:26:00,1.17266,1.17269,1.1725500000000002,1.17256,1.17279,1.17282,1.17268,1.17269,135
2026-01-02 13:27:00,1.17256,1.1725800000000002,1.1724100000000002,1.1724100000000002,1.17269,1.17271,1.17254,1.17254,91
2026-01-02 13:28:00,1.1724100000000002,1.17243,1.1723100000000002,1.17236,1.17254,1.17255,1.17244,1.17249,135
2026-01-02 13:29:00,1.17236,1.17237,1.1721,1.1721100000000002,1.17249,1.17249,1.17223,1.17224,103
2026-01-02 13:30:00,1.1721100000000002,1.1721100000000002,1.17196,1.17198,1.17224,1.17224,1.17209,1.1721,186
2026-01-02 13:31:00,1.17198,1.17209,1.17196,1.17209,1.1721,1.17224,1.17208,1.17222,204
2026-01-02 13:32:00,1.17209,1.17209,1.1719000000000002,1.17203,1.17222,1.17222,1.17203,1.17217,165
2026-01-02 13:33:00,1.17203,1.1720700000000002,1.1720000000000002,1.17202,1.17217,1.1722,1.17214,1.17215,159
2026-01-02 13:34:00,1.17202,1.17208,1.17195,1.1720000000000002,1.17215,1.17222,1.1721,1.17212,226
2026-01-02 13:35:00,1.1720000000000002,1.1722400000000002,1.1720000000000002,1.1721100000000002,1.17212,1.17236,1.17212,1.17225,191
2026-01-02 13:36:00,1.1721100000000002,1.17212,1.17191,1.17201,1.17225,1.17225,1.17204,1.17214,173
2026-01-02 13:37:00,1.17201,1.17208,1.17192,1.17208,1.17214,1.17221,1.17205,1.17221,130
2026-01-02 13:38:00,1.17208,1.17219,1.1720000000000002,1.17201,1.17221,1.17232,1.17213,1.17214,98
2026-01-02 13:39:00,1.17201,1.17202,1.17195,1.17196,1.17214,1.17215,1.17208,1.17209,87
2026-01-02 13:40:00,1.17196,1.17199,1.17183,1.17186,1.17209,1.17212,1.17197,1.17199,104
2026-01-02 13:41:00,1.17186,1.1719400000000002,1.17178,1.17193,1.17199,1.17208,1.17191,1.17206,128
2026-01-02 13:42:00,1.17193,1.17208,1.17191,1.17203,1.17206,1.1722,1.17204,1.17215,175
2026-01-02 13:43:00,1.17203,1.17212,1.17193,1.17209,1.17215,1.17225,1.17208,1.17221,187
2026-01-02 13:44:00,1.17209,1.1721100000000002,1.17188,1.17191,1.17221,1.17224,1.172,1.17203,169
2026-01-02 13:45:00,1.17191,1.17192,1.17179,1.17181,1.17203,1.17204,1.17192,1.17193,150
2026-01-02 13:46:00,1.17181,1.1720700000000002,1.1718000000000002,1.17206,1.17193,1.17222,1.17192,1.1722,151
2026-01-02 13:47:00,1.17206,1.17218,1.17206,1.17216,1.1722,1.17232,1.17219,1.17229,132
2026-01-02 13:48:00,1.17216,1.1722400000000002,1.17201,1.17202,1.17229,1.17238,1.17214,1.17215,103
2026-01-02 13:49:00,1.17202,1.1720700000000002,1.1720000000000002,1.17202,1.17215,1.17221,1.17214,1.17215,87
2026-01-02 13:50:00,1.17202,1.17216,1.17195,1.17195,1.17215,1.17229,1.17209,1.1721,108
2026-01-02 13:51:00,1.17195,1.17202,1.17186,1.17188,1.1721,1.17215,1.17199,1.17201,211
2026-01-02 13:52:00,1.17188,1.1720700000000002,1.17188,1.1720400000000002,1.17201,1.1722,1.17201,1.17217,130
2026-01-02 13:53:00,1.1720400000000002,1.1720700000000002,1.1718000000000002,1.17182,1.17217,1.1722,1.17193,1.17194,214
2026-01-02 13:54:00,1.17182,1.1719700000000002,1.17176,1.17196,1.17194,1.17209,1.17189,1.17209,187
2026-01-02 13:55:00,1.17196,1.17208,1.17196,1.17206,1.17209,1.1722,1.17209,1.17219,169
2026-01-02 13:56:00,1.17206,1.17209,1.17198,1.17202,1.17219,1.17222,1.17211,1.17214,115
2026-01-02 13:57:00,1.17202,1.1720400000000002,1.1718700000000002,1.1719700000000002,1.17214,1.17216,1.17201,1.17209,231
2026-01-02 13:58:00,1.1719700000000002,1.17216,1.17191,1.1721400000000002,1.17209,1.17229,1.17204,1.17226,245
2026-01-02 13:59:00,1.1721400000000002,1.1723,1.17209,1.1721100000000002,1.17226,1.17243,1.17222,1.17224,198
2026-01-02 14:00:00,1.1721100000000002,1.17219,1.1719700000000002,1.17205,1.17224,1.17233,1.17212,1.17219,236
2026-01-02 14:01:00,1.17205,1.17208,1.17191,1.17191,1.17219,1.17221,1.17203,1.17204,141
2026-01-02 14:02:00,1.17191,1.17213,1.1719000000000002,1.17212,1.17204,1.17225,1.17203,1.17225,119
2026-01-02 14:03:00,1.17212,1.17218,1.17203,1.17206,1.17225,1.17231,1.17216,1.17219,108
2026-01-02 14:04:00,1.17206,1.17206,1.1719000000000002,1.17192,1.17219,1.17219,1.17204,1.17205,93
2026-01-02 14:05:00,1.17192,1.17203,1.1718700000000002,1.17199,1.17205,1.17215,1.172,1.17212,151
2026-01-02 14:06:00,1.17199,1.1720400000000002,1.17195,1.1719700000000002,1.17212,1.17217,1.17209,1.1721,164
2026-01-02 14:07:00,1.1719700000000002,1.17202,1.1718700000000002,1.17198,1.1721,1.17215,1.172,1.1721,150
2026-01-02 14:08:00,1.17198,1.17219,1.17198,1.17218,1.1721,1.17231,1.1721,1.1723,232
2026-01-02 14:09:00,1.17218,1.17229,1.17216,1.1722800000000002,1.1723,1.17244,1.17229,1.1724,159
2026-01-02 14:10:00,1.1722800000000002,1.1723,1.17213,1.1721700000000002,1.1724,1.17242,1.17227,1.17229,154
2026-01-02 14:11:00,1.1721700000000002,1.17219,1.17206,1.1721,1.17229,1.17232,1.17219,1.17223,99
2026-01-02 14:12:00,1.1721,1.17212,1.17193,1.1719700000000002,1.17223,1.17225,1.17205,1.1721,154
2026-01-02 14:13:00,1.1719700000000002,1.17215,1.17196,1.17212,1.1721,1.17228,1.17209,1.17225,109
2026-01-02 14:14:00,1.17212,1.17218,1.1719700000000002,1.17198,1.17225,1.17231,1.17209,1.17211,124
2026-01-02 14:15:00,1.17198,1.17198,1.17188,1.17192,1.17211,1.17211,1.172,1.17205,131
2026-01-02 14:16:00,1.17192,1.17206,1.17175,1.1717700000000002,1.17205,1.1722,1.17189,1.1719,140
2026-01-02 14:17:00,1.1717700000000002,1.17182,1.1716700000000002,1.17174,1.1719,1.17195,1.1718,1.17188,170
2026-01-02 14:18:00,1.17174,1.17174,1.17151,1.17152,1.17188,1.17188,1.17165,1.17165,134
2026-01-02 14:19:00,1.17152,1.1717300000000002,1.17152,1.1717000000000002,1.17165,1.17187,1.17165,1.17183,107
2026-01-02 14:20:00,1.1717000000000002,1.17178,1.1716700000000002,1.17171,1.17183,1.17191,1.1718,1.17185,103
2026-01-02 14:21:00,1.17171,1.17202,1.1717000000000002,1.17201,1.17185,1.17215,1.17182,1.17214,110
2026-01-02 14:22:00,1.17201,1.17206,1.17191,1.17196,1.17214,1.17218,1.17204,1.17209,165
2026-01-02 14:23:00,1.17196,1.1720000000000002,1.1719000000000002,1.17191,1.17209,1.17215,1.17204,1.17205,122
2026-01-02 14:24:00,1.17191,1.17218,1.17191,1.17216,1.17205,1.17231,1.17205,1.1723,162
2026-01-02 14:25:00,1.17216,1.1723,1.17213,1.17229,1.1723,1.17243,1.17228,1.17241,205
2026-01-02 14:26:00,1.17229,1.17243,1.1722800000000002,1.17237,1.17241,1.17257,1.17241,1.1725,100
2026-01-02 14:27:00,1.17237,1.17244,1.17237,1.17242,1.1725,1.17257,1.1725,1.17256,94
2026-01-02 14:28:00,1.17242,1.17244,1.1723100000000002,1.17232,1.17256,1.17257,1.17244,1.17244,121
2026-01-02 14:29:00,1.17232,1.1726800000000002,1.1723100000000002,1.1726100000000002,1.17244,1.17282,1.17244,1.17275,174
2026-01-02 14:30:00,1.1726100000000002,1.17269,1.17252,1.1726100000000002,1.17275,1.17282,1.17266,1.17275,344
2026-01-02 14:31:00,1.1726100000000002,1.17262,1.17249,1.17253,1.17275,1.17275,1.17262,1.17266,295
2026-01-02 14:32:00,1.17253,1.17263,1.17249,1.1726100000000002,1.17266,1.17275,1.17261,1.17275,196
2026-01-02 14:33:00,1.1726100000000002,1.17263,1.17247,1.17247,1.17275,1.17276,1.17259,1.17261,155
2026-01-02 14:34:00,1.17247,1.17273,1.17244,1.17273,1.17261,1.17286,1.17257,1.17286,148
2026-01-02 14:35:00,1.17273,1.1727500000000002,1.1725500000000002,1.1726800000000002,1.17286,1.17289,1.17269,1.17281,230
2026-01-02 14:36:00,1.1726800000000002,1.17274,1.17266,1.17273,1.17281,1.17287,1.17279,1.17286,220
2026-01-02 14:37:00,1.17273,1.1728200000000002,1.17263,1.17281,1.17286,1.17295,1.17276,1.17295,212
2026-01-02 14:38:00,1.17281,1.1728500000000002,1.1727500000000002,1.17276,1.17295,1.17297,1.17289,1.1729,141
2026-01-02 14:39:00,1.17276,1.17276,1.17246,1.17253,1.1729,1.1729,1.17261,1.17268,201
2026-01-02 14:40:00,1.17253,1.17276,1.1725100000000002,1.1726100000000002,1.17268,1.17289,1.17265,1.17274,239
2026-01-02 14:41:00,1.1726100000000002,1.1726100000000002,1.17246,1.17249,1.17274,1.17275,1.1726,1.17263,117
2026-01-02 14:42:00,1.17249,1.17253,1.1724500000000002,1.17246,1.17263,1.17266,1.17259,1.1726,69
2026-01-02 14:43:00,1.17246,1.1727,1.17246,1.17269,1.1726,1.17284,1.1726,1.17283,111
2026-01-02 14:44:00,1.17269,1.1727,1.1725100000000002,1.17253,1.17283,1.17284,1.17269,1.17271,105
2026-01-02 14:45:00,1.17253,1.17262,1.1724500000000002,1.17262,1.17271,1.17276,1.17262,1.17276,85
2026-01-02 14:46:00,1.17262,1.1727800000000002,1.17254,1.1727800000000002,1.17276,1.17292,1.17267,1.17292,156
2026-01-02 14:47:00,1.1727800000000002,1.173,1.17277,1.17283,1.17292,1.1731399999999998,1.17291,1.17296,209
2026-01-02 14:48:00,1.17283,1.17284,1.1727,1.17271,1.17296,1.17298,1.17283,1.17284,158
2026-01-02 14:49:00,1.17271,1.17287,1.1727,1.1728,1.17284,1.173,1.17283,1.17294,83
2026-01-02 14:50:00,1.1728,1.1728200000000002,1.1727500000000002,1.17276,1.17294,1.17295,1.17288,1.17289,133
2026-01-02 14:51:00,1.17276,1.17281,1.1727,1.17271,1.17289,1.17294,1.17284,1.17285,106
2026-01-02 14:52:00,1.17271,1.1727200000000002,1.17252,1.17254,1.17285,1.17285,1.17266,1.17268,131
2026-01-02 14:53:00,1.17254,1.17257,1.17247,1.1725100000000002,1.17268,1.1727,1.1726,1.17264,136
2026-01-02 14:54:00,1.1725100000000002,1.17277,1.1725,1.17277,1.17264,1.17291,1.17264,1.17291,151
2026-01-02 14:55:00,1.17277,1.1729200000000002,1.17276,1.1729,1.17291,1.17305,1.1729,1.17304,145
2026-01-02 14:56:00,1.1729,1.1729200000000002,1.1727500000000002,1.17281,1.17304,1.17305,1.17288,1.17294,97
2026-01-02 14:57:00,1.17281,1.1728200000000002,1.17267,1.17279,1.17294,1.17295,1.1728,1.17292,152
2026-01-02 14:58:00,1.17279,1.17279,1.1726500000000002,1.1727,1.17292,1.17292,1.17278,1.17284,158
2026-01-02 14:59:00,1.1727,1.17281,1.17266,1.17281,1.17284,1.17295,1.1728,1.17293,191
2026-01-02 15:00:00,1.17281,1.1729900000000002,1.17277,1.17296,1.17293,1.17312,1.1729,1.17309,329
2026-01-02 15:01:00,1.17296,1.1731,1.17293,1.17296,1.17309,1.17322,1.17306,1.17309,196
2026-01-02 15:02:00,1.17296,1.17327,1.17294,1.1732600000000002,1.17309,1.1734,1.17306,1.1734,225
2026-01-02 15:03:00,1.1732600000000002,1.17334,1.1731200000000002,1.17317,1.1734,1.17347,1.17325,1.17329,218
2026-01-02 15:04:00,1.17317,1.17328,1.17311,1.17328,1.17329,1.17341,1.17325,1.1734,167
2026-01-02 15:05:00,1.17328,1.17332,1.17321,1.17332,1.1734,1.17346,1.17335,1.17346,116
2026-01-02 15:06:00,1.17332,1.1735000000000002,1.1732600000000002,1.17348,1.17346,1.17363,1.17339,1.17361,191
2026-01-02 15:07:00,1.17348,1.17365,1.17345,1.17354,1.17361,1.17378,1.17358,1.17367,272
2026-01-02 15:08:00,1.17354,1.17354,1.1733900000000002,1.17347,1.17367,1.17367,1.17352,1.17359,227
2026-01-02 15:09:00,1.17347,1.17362,1.17345,1.17354,1.17359,1.1737499999999998,1.17357,1.17368,305
2026-01-02 15:10:00,1.17354,1.17364,1.17345,1.17345,1.17368,1.17377,1.17357,1.17357,187
2026-01-02 15:11:00,1.17345,1.17349,1.17334,1.17337,1.17357,1.17361,1.17348,1.17351,274
2026-01-02 15:12:00,1.17337,1.17345,1.17334,1.1734,1.17351,1.17359,1.17347,1.17352,198
2026-01-02 15:13:00,1.1734,1.17342,1.17331,1.17331,1.17352,1.17355,1.17344,1.17344,171
2026-01-02 15:14:00,1.17331,1.1733600000000002,1.17328,1.17335,1.17344,1.17349,1.17342,1.17348,150
2026-01-02 15:15:00,1.17335,1.17342,1.17324,1.1734,1.17348,1.17354,1.17338,1.17353,164
2026-01-02 15:16:00,1.1734,1.17362,1.1734,1.1736000000000002,1.17353,1.1737499999999998,1.17352,1.17373,221
2026-01-02 15:17:00,1.1736000000000002,1.1736000000000002,1.17345,1.1734600000000002,1.17373,1.17373,1.17357,1.17359,194
2026-01-02 15:18:00,1.1734600000000002,1.17362,1.1734600000000002,1.17361,1.17359,1.1737499999999998,1.17358,1.17373,175
2026-01-02 15:19:00,1.17361,1.17366,1.17351,1.1735300000000002,1.17373,1.17379,1.17363,1.17365,162
2026-01-02 15:20:00,1.1735300000000002,1.17371,1.17349,1.1736000000000002,1.17365,1.17384,1.17362,1.17373,166
2026-01-02 15:21:00,1.1736000000000002,1.17366,1.17354,1.17359,1.17373,1.17379,1.17368,1.17373,236
2026-01-02 15:22:00,1.17359,1.17361,1.17344,1.17351,1.17373,1.17374,1.17357,1.17364,210
2026-01-02 15:23:00,1.17351,1.17354,1.1734,1.1734600000000002,1.17364,1.17367,1.17353,1.17358,110
2026-01-02 15:24:00,1.1734600000000002,1.1735600000000002,1.17342,1.17345,1.17358,1.17369,1.17355,1.17357,177
2026-01-02 15:25:00,1.17345,1.1735300000000002,1.1731200000000002,1.1731600000000002,1.17357,1.17366,1.17325,1.17329,253
2026-01-02 15:26:00,1.1731600000000002,1.1733600000000002,1.17313,1.17335,1.17329,1.17349,1.17327,1.17347,202
2026-01-02 15:27:00,1.17335,1.1734600000000002,1.17334,1.17335,1.17347,1.17359,1.17347,1.17348,170
2026-01-02 15:28:00,1.17335,1.1734600000000002,1.17321,1.1734300000000002,1.17348,1.17359,1.17335,1.17356,392
2026-01-02 15:29:00,1.1734300000000002,1.1735600000000002,1.1734300000000002,1.17348,1.17356,1.17371,1.17356,1.17361,281
2026-01-02 15:30:00,1.17348,1.1735600000000002,1.17345,1.1735000000000002,1.17361,1.1737,1.17358,1.17363,85
2026-01-02 15:31:00,1.1735000000000002,1.17351,1.17327,1.17327,1.17363,1.17364,1.17341,1.17341,266
2026-01-02 15:32:00,1.17327,1.17364,1.17327,1.1734,1.17341,1.17376,1.17341,1.17353,311
2026-01-02 15:33:00,1.1734,1.17359,1.1734,1.17345,1.17353,1.17372,1.17353,1.17358,153
2026-01-02 15:34:00,1.17345,1.17345,1.1732600000000002,1.1733900000000002,1.17358,1.17358,1.17339,1.17353,205
2026-01-02 15:35:00,1.1733900000000002,1.1737000000000002,1.1733900000000002,1.1736700000000002,1.17353,1.17384,1.17353,1.17379,293
2026-01-02 15:36:00,1.1736700000000002,1.1738000000000002,1.17366,1.17371,1.17379,1.17393,1.17379,1.17384,234
2026-01-02 15:37:00,1.17371,1.17376,1.17364,1.17365,1.17384,1.17389,1.17377,1.17378,195
2026-01-02 15:38:00,1.17365,1.1738000000000002,1.17364,1.1738000000000002,1.17378,1.17393,1.17377,1.17392,92
2026-01-02 15:39:00,1.1738000000000002,1.17393,1.17379,1.17392,1.17392,1.17406,1.17392,1.17405,131
2026-01-02 15:40:00,1.17392,1.17409,1.17392,1.17405,1.17405,1.17423,1.17405,1.17417,215
2026-01-02 15:41:00,1.17405,1.17416,1.17401,1.17401,1.17417,1.17429,1.17413,1.17413,230
2026-01-02 15:42:00,1.17401,1.1741400000000002,1.17399,1.1741100000000002,1.17413,1.17426,1.17412,1.17423,210
2026-01-02 15:43:00,1.1741100000000002,1.1741400000000002,1.17402,1.1740700000000002,1.17423,1.17427,1.17416,1.17419,212
2026-01-02 15:44:00,1.1740700000000002,1.1740700000000002,1.1738000000000002,1.1738300000000002,1.17419,1.17419,1.17393,1.17397,251
2026-01-02 15:45:00,1.1738300000000002,1.17398,1.17375,1.17375,1.17397,1.17411,1.17388,1.17388,228
2026-01-02 15:46:00,1.17375,1.17382,1.17374,1.1738000000000002,1.17388,1.17396,1.17387,1.17392,152
2026-01-02 15:47:00,1.1738000000000002,1.17392,1.1737700000000002,1.1739000000000002,1.17392,1.17405,1.1739,1.17402,211
2026-01-02 15:48:00,1.1739000000000002,1.17402,1.1739000000000002,1.17401,1.17402,1.17414,1.17402,1.17413,145
2026-01-02 15:49:00,1.17401,1.1741400000000002,1.17398,1.17405,1.17413,1.17427,1.17412,1.17418,186
2026-01-02 15:50:00,1.17405,1.1742,1.17396,1.17405,1.17418,1.17433,1.17408,1.17418,211
2026-01-02 15:51:00,1.17405,1.17406,1.17385,1.17391,1.17418,1.17418,1.17398,1.17403,200
2026-01-02 15:52:00,1.17391,1.1741,1.1739000000000002,1.17391,1.17403,1.17423,1.17403,1.17404,292
2026-01-02 15:53:00,1.17391,1.17403,1.17391,1.17403,1.17404,1.17416,1.17404,1.17416,109
2026-01-02 15:54:00,1.17403,1.1745800000000002,1.17401,1.17457,1.17416,1.17472,1.17415,1.17471,474
2026-01-02 15:55:00,1.17457,1.1751,1.17457,1.17503,1.17471,1.17524,1.1747,1.17518,792
2026-01-02 15:56:00,1.17503,1.17511,1.1748900000000002,1.1749,1.17518,1.17524,1.17502,1.17503,686
2026-01-02 15:57:00,1.1749,1.17513,1.1748900000000002,1.1750600000000002,1.17503,1.17526,1.17503,1.17519,418
2026-01-02 15:58:00,1.1750600000000002,1.1751600000000002,1.17501,1.17505,1.17519,1.17529,1.17515,1.17518,337
2026-01-02 15:59:00,1.17505,1.17515,1.17498,1.17501,1.17518,1.17528,1.17513,1.17515,417
2026-01-02 16:00:00,1.17501,1.1751600000000002,1.175,1.17514,1.17515,1.17529,1.17513,1.17527,471
2026-01-02 16:01:00,1.17514,1.1752200000000002,1.1749500000000002,1.17507,1.17527,1.17534,1.17508,1.17521,478
2026-01-02 16:02:00,1.17507,1.1752,1.17505,1.1751200000000002,1.17521,1.17534,1.17518,1.17524,278
2026-01-02 16:03:00,1.1751200000000002,1.1754,1.17496,1.17497,1.17524,1.17553,1.1751,1.17511,337
2026-01-02 16:04:00,1.17497,1.17508,1.17493,1.1749500000000002,1.17511,1.17521,1.17507,1.17508,260
2026-01-02 16:05:00,1.1749500000000002,1.17498,1.1747500000000002,1.17487,1.17508,1.1751,1.17489,1.17499,335
2026-01-02 16:06:00,1.17487,1.17487,1.17469,1.1747,1.17499,1.175,1.17483,1.17483,271
2026-01-02 16:07:00,1.1747,1.17471,1.17454,1.17456,1.17483,1.17484,1.17466,1.17468,254
2026-01-02 16:08:00,1.17456,1.1746800000000002,1.17452,1.17467,1.17468,1.17481,1.17465,1.1748,173
2026-01-02 16:09:00,1.17467,1.17483,1.1746500000000002,1.1746800000000002,1.1748,1.17496,1.17479,1.17481,194
2026-01-02 16:10:00,1.1746800000000002,1.1746800000000002,1.1744500000000002,1.1746,1.17481,1.17481,1.17458,1.17473,278
2026-01-02 16:11:00,1.1746,1.17464,1.1745500000000002,1.17456,1.17473,1.17477,1.17468,1.17468,153
2026-01-02 16:12:00,1.17456,1.17466,1.17446,1.17462,1.17468,1.17479,1.17458,1.17475,146
2026-01-02 16:13:00,1.17462,1.17467,1.1744,1.17446,1.17475,1.17481,1.17455,1.17459,114
2026-01-02 16:14:00,1.17446,1.17452,1.17437,1.17437,1.17459,1.17465,1.17451,1.17451,88
2026-01-02 16:15:00,1.17437,1.17447,1.17437,1.17439,1.17451,1.17461,1.17451,1.17452,222
2026-01-02 16:16:00,1.17439,1.17439,1.17422,1.17425,1.17452,1.17452,1.17435,1.17438,172
2026-01-02 16:17:00,1.17425,1.17437,1.1741,1.1741100000000002,1.17438,1.1745,1.17423,1.17424,183
2026-01-02 16:18:00,1.1741100000000002,1.17426,1.1741100000000002,1.17416,1.17424,1.1744,1.17424,1.17429,275
2026-01-02 16:19:00,1.17416,1.17425,1.1741400000000002,1.17425,1.17429,1.17439,1.17427,1.17438,168
2026-01-02 16:20:00,1.17425,1.1745100000000002,1.17425,1.1744500000000002,1.17438,1.17464,1.17438,1.17459,203
2026-01-02 16:21:00,1.1744500000000002,1.17446,1.17433,1.17435,1.17459,1.17459,1.17446,1.17447,119
2026-01-02 16:22:00,1.17435,1.1744800000000002,1.1743,1.1744800000000002,1.17447,1.17461,1.17444,1.17461,147
2026-01-02 16:23:00,1.1744800000000002,1.1745500000000002,1.17443,1.17447,1.17461,1.17468,1.17456,1.17461,179
2026-01-02 16:24:00,1.17447,1.1745500000000002,1.1744500000000002,1.17446,1.17461,1.17468,1.17458,1.17459,112
2026-01-02 16:25:00,1.17446,1.17454,1.17446,1.1745,1.17459,1.17467,1.17458,1.17463,111
2026-01-02 16:26:00,1.1745,1.1745,1.17429,1.1743400000000002,1.17463,1.17463,1.17443,1.17447,160
2026-01-02 16:27:00,1.1743400000000002,1.1744100000000002,1.1743400000000002,1.1744,1.17447,1.17454,1.17447,1.17453,142
2026-01-02 16:28:00,1.1744,1.1744100000000002,1.17432,1.17436,1.17453,1.17454,1.17445,1.17449,95
2026-01-02 16:29:00,1.17436,1.17452,1.17436,1.1744100000000002,1.17449,1.17464,1.17449,1.17453,139
2026-01-02 16:30:00,1.1744100000000002,1.17453,1.1744100000000002,1.17442,1.17453,1.17466,1.17453,1.17455,162
2026-01-02 16:31:00,1.17442,1.1745500000000002,1.1743800000000002,1.1745,1.17455,1.17468,1.17451,1.17464,110
2026-01-02 16:32:00,1.1745,1.17452,1.1744400000000002,1.17447,1.17464,1.17465,1.17458,1.1746,97
2026-01-02 16:33:00,1.17447,1.1745100000000002,1.1744400000000002,1.1744500000000002,1.1746,1.17464,1.17457,1.17458,125
2026-01-02 16:34:00,1.1744500000000002,1.17459,1.1744500000000002,1.17452,1.17458,1.17472,1.17458,1.17466,145
2026-01-02 16:35:00,1.17452,1.17456,1.17429,1.17432,1.17466,1.17469,1.17443,1.17444,140
2026-01-02 16:36:00,1.17432,1.17432,1.17418,1.1742,1.17444,1.17445,1.17431,1.17435,173
2026-01-02 16:37:00,1.1742,1.17436,1.17418,1.1743100000000002,1.17435,1.17448,1.17432,1.17445,182
2026-01-02 16:38:00,1.1743100000000002,1.17433,1.17416,1.1741700000000002,1.17445,1.17446,1.1743,1.1743,181
2026-01-02 16:39:00,1.1741700000000002,1.17418,1.1741,1.1741400000000002,1.1743,1.17431,1.17424,1.17426,142
2026-01-02 16:40:00,1.1741400000000002,1.17416,1.17399,1.17405,1.17426,1.17429,1.17414,1.17417,152
2026-01-02 16:41:00,1.17405,1.17406,1.1739400000000002,1.17395,1.17417,1.17419,1.17407,1.17408,182
2026-01-02 16:42:00,1.17395,1.17401,1.17388,1.17389,1.17408,1.17414,1.17401,1.17402,126
2026-01-02 16:43:00,1.17389,1.17389,1.17369,1.17374,1.17402,1.17402,1.17383,1.17387,229
2026-01-02 16:44:00,1.17374,1.17375,1.1736700000000002,1.1737000000000002,1.17387,1.17388,1.17381,1.17384,148
2026-01-02 16:45:00,1.1737000000000002,1.17372,1.17364,1.1736700000000002,1.17384,1.17385,1.17378,1.17381,159
2026-01-02 16:46:00,1.1736700000000002,1.1737000000000002,1.17358,1.1736700000000002,1.17381,1.17383,1.17372,1.17381,138
2026-01-02 16:47:00,1.1736700000000002,1.17376,1.1735300000000002,1.1736700000000002,1.17381,1.17389,1.17367,1.17381,197
2026-01-02 16:48:00,1.1736700000000002,1.17376,1.17365,1.17366,1.17381,1.17389,1.17378,1.17378,131
2026-01-02 16:49:00,1.17366,1.17371,1.17364,1.1737000000000002,1.17378,1.17384,1.17377,1.17383,102
2026-01-02 16:50:00,1.1737000000000002,1.17374,1.17365,1.17366,1.17383,1.17387,1.17377,1.17379,92
2026-01-02 16:51:00,1.17366,1.17371,1.1734600000000002,1.17347,1.17379,1.17384,1.17358,1.17359,237
2026-01-02 16:52:00,1.17347,1.17351,1.17341,1.17347,1.17359,1.17364,1.17353,1.1736,213
2026-01-02 16:53:00,1.17347,1.17352,1.17345,1.1734600000000002,1.1736,1.17365,1.17358,1.1736,123
2026-01-02 16:54:00,1.1734600000000002,1.17351,1.17344,1.17351,1.1736,1.17365,1.17358,1.17363,112
2026-01-02 16:55:00,1.17351,1.17352,1.1733600000000002,1.17337,1.17363,1.17364,1.1735,1.1735,137
2026-01-02 16:56:00,1.17337,1.1734600000000002,1.17335,1.1734300000000002,1.1735,1.17359,1.17348,1.17356,180
2026-01-02 16:57:00,1.1734300000000002,1.17368,1.17338,1.1736700000000002,1.17356,1.17381,1.17351,1.1738,204
2026-01-02 16:58:00,1.1736700000000002,1.1737300000000002,1.17365,1.1736700000000002,1.1738,1.17385,1.17377,1.17379,225
2026-01-02 16:59:00,1.1736700000000002,1.17375,1.17359,1.17368,1.17379,1.17389,1.17373,1.17381,204
2026-01-02 17:00:00,1.17368,1.1737000000000002,1.17355,1.17355,1.17381,1.17384,1.17368,1.17368,176
2026-01-02 17:01:00,1.17355,1.17357,1.17344,1.17344,1.17368,1.17372,1.17357,1.17358,193
2026-01-02 17:02:00,1.17344,1.1734600000000002,1.17337,1.17341,1.17358,1.1736,1.17351,1.17353,109
2026-01-02 17:03:00,1.17341,1.17345,1.1733,1.1733600000000002,1.17353,1.17359,1.17344,1.17349,182
2026-01-02 17:04:00,1.1733600000000002,1.1734300000000002,1.17335,1.17341,1.17349,1.17357,1.17349,1.17355,80
2026-01-02 17:05:00,1.17341,1.17344,1.1733,1.1733,1.17355,1.17359,1.17344,1.17344,121
2026-01-02 17:06:00,1.1733,1.17349,1.17324,1.17349,1.17344,1.17362,1.17339,1.17362,238
2026-01-02 17:07:00,1.17349,1.1735600000000002,1.17317,1.17318,1.17362,1.17369,1.17331,1.17331,160
2026-01-02 17:08:00,1.17318,1.17325,1.17313,1.17313,1.17331,1.17338,1.17328,1.17328,122
2026-01-02 17:09:00,1.17313,1.17321,1.1731200000000002,1.17314,1.17328,1.17334,1.17327,1.17328,121
2026-01-02 17:10:00,1.17314,1.17335,1.17313,1.17331,1.17328,1.17349,1.17327,1.17344,112
2026-01-02 17:11:00,1.17331,1.1733900000000002,1.17328,1.17331,1.17344,1.17352,1.17341,1.17343,97
2026-01-02 17:12:00,1.17331,1.17342,1.1733,1.1734,1.17343,1.17355,1.17343,1.17353,80
2026-01-02 17:13:00,1.1734,1.1734600000000002,1.17325,1.17327,1.17353,1.17358,1.17339,1.17341,222
2026-01-02 17:14:00,1.17327,1.17338,1.17313,1.1733600000000002,1.17341,1.17351,1.17328,1.1735,188
2026-01-02 17:15:00,1.1733600000000002,1.17338,1.17324,1.17324,1.1735,1.17351,1.17338,1.17338,89
2026-01-02 17:16:00,1.17324,1.17324,1.1731900000000002,1.1732,1.17338,1.17339,1.17333,1.17334,84
2026-01-02 17:17:00,1.1732,1.17321,1.17307,1.17321,1.17334,1.17335,1.17322,1.17333,153
2026-01-02 17:18:00,1.17321,1.1733600000000002,1.1732,1.17324,1.17333,1.17348,1.17333,1.1734,118
2026-01-02 17:19:00,1.17324,1.17331,1.17321,1.1732900000000002,1.1734,1.17345,1.17337,1.17344,76
2026-01-02 17:20:00,1.1732900000000002,1.1734,1.17325,1.1733900000000002,1.17344,1.17354,1.17342,1.17354,149
2026-01-02 17:21:00,1.1733900000000002,1.1734600000000002,1.17337,1.1734,1.17354,1.1736,1.17352,1.17354,193
2026-01-02 17:22:00,1.1734,1.17354,1.1734,1.17349,1.17354,1.17368,1.17354,1.17362,205
2026-01-02 17:23:00,1.17349,1.17357,1.1734,1.1734,1.17362,1.1737,1.17353,1.17354,199
2026-01-02 17:24:00,1.1734,1.17341,1.1731,1.1731,1.17354,1.17354,1.17323,1.17323,212
2026-01-02 17:25:00,1.1731,1.17315,1.17304,1.17305,1.17323,1.17329,1.17318,1.17318,220
2026-01-02 17:26:00,1.17305,1.17318,1.17304,1.17317,1.17318,1.17331,1.17318,1.1733,188
2026-01-02 17:27:00,1.17317,1.17325,1.1731200000000002,1.17324,1.1733,1.17339,1.17325,1.17338,92
2026-01-02 17:28:00,1.17324,1.17327,1.1732200000000002,1.17325,1.17338,1.17341,1.17336,1.17339,133
2026-01-02 17:29:00,1.17325,1.17331,1.17324,1.1732900000000002,1.17339,1.17345,1.17338,1.17343,124
2026-01-02 17:30:00,1.1732900000000002,1.17337,1.1732900000000002,1.17332,1.17343,1.17351,1.17343,1.17346,138
2026-01-02 17:31:00,1.17332,1.17335,1.1732,1.17328,1.17346,1.17349,1.17333,1.1734,181
2026-01-02 17:32:00,1.17328,1.17341,1.17327,1.17341,1.1734,1.17354,1.1734,1.17354,141
2026-01-02 17:33:00,1.17341,1.17357,1.17337,1.17351,1.17354,1.17371,1.1735,1.17364,215
2026-01-02 17:34:00,1.17351,1.17355,1.17349,1.17355,1.17364,1.17368,1.17361,1.17367,137
2026-01-02 17:35:00,1.17355,1.17362,1.17354,1.17361,1.17367,1.1737499999999998,1.17367,1.17374,79
2026-01-02 17:36:00,1.17361,1.17362,1.1735000000000002,1.17352,1.17374,1.17374,1.17363,1.17364,76
2026-01-02 17:37:00,1.17352,1.17352,1.17345,1.1734600000000002,1.17364,1.17364,1.17358,1.17358,38
2026-01-02 17:38:00,1.1734600000000002,1.1734600000000002,1.17328,1.17334,1.17358,1.17358,1.1734,1.17347,86
2026-01-02 17:39:00,1.17334,1.17341,1.1733300000000002,1.17341,1.17347,1.17355,1.17345,1.17354,69
2026-01-02 17:40:00,1.17341,1.1734600000000002,1.17338,1.1733900000000002,1.17354,1.17358,1.17351,1.17351,94
2026-01-02 17:41:00,1.1733900000000002,1.1733900000000002,1.1732900000000002,1.1733600000000002,1.17351,1.17351,1.17341,1.17349,88
2026-01-02 17:42:00,1.1733600000000002,1.17341,1.17335,1.17337,1.17349,1.17354,1.17348,1.1735,94
2026-01-02 17:43:00,1.17337,1.1734,1.17335,1.1733600000000002,1.1735,1.17352,1.17347,1.17349,65
2026-01-02 17:44:00,1.1733600000000002,1.17342,1.17328,1.1733,1.17349,1.17354,1.17341,1.17344,96
2026-01-02 17:45:00,1.1733,1.17342,1.17323,1.17342,1.17344,1.17355,1.17337,1.17354,134
2026-01-02 17:46:00,1.17342,1.1734600000000002,1.17334,1.1734600000000002,1.17354,1.17359,1.17346,1.17358,151
2026-01-02 17:47:00,1.1734600000000002,1.1735000000000002,1.17334,1.17335,1.17358,1.17363,1.17346,1.17348,167
2026-01-02 17:48:00,1.17335,1.17338,1.1731900000000002,1.17321,1.17348,1.17351,1.17331,1.17333,88
2026-01-02 17:49:00,1.17321,1.17321,1.17301,1.17304,1.17333,1.17334,1.17315,1.17317,169
2026-01-02 17:50:00,1.17304,1.17305,1.1728900000000002,1.173,1.17317,1.17318,1.17303,1.1731399999999998,115
2026-01-02 17:51:00,1.173,1.17303,1.17296,1.17297,1.1731399999999998,1.17317,1.17309,1.1731,57
2026-01-02 17:52:00,1.17297,1.17298,1.17287,1.1728900000000002,1.1731,1.17312,1.17301,1.17302,66
2026-01-02 17:53:00,1.1728900000000002,1.17294,1.1728,1.1728500000000002,1.17302,1.17307,1.17294,1.17299,113
2026-01-02 17:54:00,1.1728500000000002,1.17294,1.1728,1.17294,1.17299,1.17307,1.17293,1.17307,66
2026-01-02 17:55:00,1.17294,1.17298,1.1729,1.1729200000000002,1.17307,1.17311,1.17303,1.17306,97
2026-01-02 17:56:00,1.1729200000000002,1.1729200000000002,1.17288,1.1729,1.17306,1.17306,1.17302,1.17303,83
2026-01-02 17:57:00,1.1729,1.17291,1.1728500000000002,1.17291,1.17303,1.17305,1.17298,1.17303,78
2026-01-02 17:58:00,1.17291,1.17296,1.17288,1.17293,1.17303,1.17308,1.17301,1.17305,83
2026-01-02 17:59:00,1.17293,1.17308,1.17293,1.1730200000000002,1.17305,1.17321,1.17305,1.1731399999999998,182
2026-01-02 18:00:00,1.1730200000000002,1.17307,1.17291,1.1729200000000002,1.1731399999999998,1.1732,1.17304,1.17304,144
2026-01-02 18:01:00,1.1729200000000002,1.17294,1.17286,1.17287,1.17304,1.17307,1.17298,1.173,121
2026-01-02 18:02:00,1.17287,1.1729,1.17286,1.17286,1.173,1.17302,1.17298,1.17298,59
2026-01-02 18:03:00,1.17286,1.17303,1.17284,1.173,1.17298,1.17315,1.17296,1.17313,120
2026-01-02 18:04:00,1.173,1.17301,1.17281,1.17286,1.17313,1.17313,1.17294,1.17298,114
2026-01-02 18:05:00,1.17286,1.17286,1.17266,1.17266,1.17298,1.17298,1.17279,1.17279,123
2026-01-02 18:06:00,1.17266,1.17267,1.1726500000000002,1.17266,1.17279,1.17281,1.17278,1.1728,22
2026-01-02 18:07:00,1.17266,1.17269,1.1725800000000002,1.1726,1.1728,1.17283,1.17272,1.17274,75
2026-01-02 18:08:00,1.1726,1.17266,1.17259,1.1726,1.17274,1.1728,1.17273,1.17273,53
2026-01-02 18:09:00,1.1726,1.1726800000000002,1.17259,1.17267,1.17273,1.17281,1.17273,1.17281,100
2026-01-02 18:10:00,1.17267,1.17267,1.1726,1.1726,1.17281,1.17281,1.17272,1.17272,71
2026-01-02 18:11:00,1.1726,1.17267,1.17259,1.17259,1.17272,1.17279,1.17272,1.17273,96
2026-01-02 18:12:00,1.17259,1.1726,1.17243,1.17244,1.17273,1.17274,1.17257,1.17258,56
2026-01-02 18:13:00,1.17244,1.1725100000000002,1.17242,1.1725100000000002,1.17258,1.17264,1.17254,1.17264,72
2026-01-02 18:14:00,1.1725100000000002,1.17252,1.17246,1.17246,1.17264,1.17266,1.1726,1.1726,30
2026-01-02 18:15:00,1.17246,1.17252,1.17236,1.17237,1.1726,1.17265,1.1725,1.17251,133
2026-01-02 18:16:00,1.17237,1.1725100000000002,1.17237,1.1725100000000002,1.17251,1.17265,1.17251,1.17265,95
2026-01-02 18:17:00,1.1725100000000002,1.1726100000000002,1.17244,1.17246,1.17265,1.17274,1.17258,1.1726,148
2026-01-02 18:18:00,1.17246,1.17259,1.1724500000000002,1.17259,1.1726,1.17272,1.17257,1.17272,98
2026-01-02 18:19:00,1.17259,1.1726,1.17254,1.17256,1.17272,1.17273,1.17266,1.17269,104
2026-01-02 18:20:00,1.17256,1.1726100000000002,1.1725100000000002,1.17252,1.17269,1.17273,1.17263,1.17266,141
2026-01-02 18:21:00,1.17252,1.1725800000000002,1.17252,1.17257,1.17266,1.17272,1.17264,1.17271,106
2026-01-02 18:22:00,1.17257,1.1726100000000002,1.17256,1.17257,1.17271,1.17274,1.17269,1.1727,70
2026-01-02 18:23:00,1.17257,1.17257,1.1724,1.17243,1.1727,1.17271,1.17253,1.17256,131
2026-01-02 18:24:00,1.17243,1.17244,1.1724,1.17242,1.17256,1.17257,1.17252,1.17255,100
2026-01-02 18:25:00,1.17242,1.17242,1.1723,1.17235,1.17255,1.17255,1.17243,1.17247,112
2026-01-02 18:26:00,1.17235,1.1723800000000002,1.17222,1.17223,1.17247,1.17251,1.17235,1.17236,138
2026-01-02 18:27:00,1.17223,1.17233,1.17223,1.17232,1.17236,1.17245,1.17235,1.17244,112
2026-01-02 18:28:00,1.17232,1.17235,1.17223,1.17235,1.17244,1.17249,1.17235,1.17248,138
2026-01-02 18:29:00,1.17235,1.17237,1.17227,1.17227,1.17248,1.1725,1.17239,1.1724,208
2026-01-02 18:30:00,1.17227,1.1722800000000002,1.17212,1.17216,1.1724,1.1724,1.17226,1.17228,128
2026-01-02 18:31:00,1.17216,1.17219,1.1721100000000002,1.17212,1.17228,1.17233,1.17224,1.17225,98
2026-01-02 18:32:00,1.17212,1.17223,1.1721100000000002,1.1722100000000002,1.17225,1.17236,1.17224,1.17233,109
2026-01-02 18:33:00,1.1722100000000002,1.17222,1.1720400000000002,1.1720400000000002,1.17233,1.17235,1.17217,1.17218,127
2026-01-02 18:34:00,1.1720400000000002,1.1721,1.1720000000000002,1.1721,1.17218,1.17224,1.17214,1.17222,76
2026-01-02 18:35:00,1.1721,1.1721,1.17179,1.17179,1.17222,1.17223,1.17192,1.17192,143
2026-01-02 18:36:00,1.17179,1.17179,1.17162,1.17169,1.17192,1.17193,1.17174,1.17183,199
2026-01-02 18:37:00,1.17169,1.17174,1.1716300000000002,1.17174,1.17183,1.17189,1.17176,1.17187,135
2026-01-02 18:38:00,1.17174,1.1718000000000002,1.1717300000000002,1.1718000000000002,1.17187,1.17193,1.17186,1.17193,58
2026-01-02 18:39:00,1.1718000000000002,1.17186,1.17174,1.17186,1.17193,1.172,1.17186,1.17198,172
2026-01-02 18:40:00,1.17186,1.17189,1.17179,1.17186,1.17198,1.17202,1.17193,1.17198,111
2026-01-02 18:41:00,1.17186,1.17199,1.17185,1.17199,1.17198,1.17214,1.17198,1.17213,93
2026-01-02 18:42:00,1.17199,1.17199,1.1717300000000002,1.17176,1.17213,1.17213,1.17187,1.1719,111
2026-01-02 18:43:00,1.17176,1.17192,1.17176,1.1718700000000002,1.1719,1.17205,1.1719,1.17199,85
2026-01-02 18:44:00,1.1718700000000002,1.1718700000000002,1.17161,1.17165,1.17199,1.17199,1.17174,1.17179,249
2026-01-02 18:45:00,1.17165,1.17168,1.17157,1.17157,1.17179,1.17182,1.17171,1.17172,133
2026-01-02 18:46:00,1.17157,1.17166,1.17151,1.1716300000000002,1.17172,1.17178,1.17165,1.17177,142
2026-01-02 18:47:00,1.1716300000000002,1.1716700000000002,1.1716000000000002,1.17164,1.17177,1.17179,1.17174,1.17176,69
2026-01-02 18:48:00,1.17164,1.17166,1.1716000000000002,1.17162,1.17176,1.17179,1.17173,1.17176,98
2026-01-02 18:49:00,1.17162,1.17166,1.1715600000000002,1.17158,1.17176,1.17179,1.17169,1.1717,67
2026-01-02 18:50:00,1.17158,1.17161,1.17151,1.17161,1.1717,1.17174,1.17164,1.17174,129
2026-01-02 18:51:00,1.17161,1.17161,1.17149,1.1715300000000002,1.17174,1.17174,1.17162,1.17167,123
2026-01-02 18:52:00,1.1715300000000002,1.1715600000000002,1.17147,1.1715300000000002,1.17167,1.1717,1.17161,1.17167,136
2026-01-02 18:53:00,1.1715300000000002,1.17162,1.17152,1.17161,1.17167,1.17174,1.17165,1.17174,58
2026-01-02 18:54:00,1.17161,1.1718400000000002,1.17161,1.1718400000000002,1.17174,1.17197,1.17174,1.17196,95
2026-01-02 18:55:00,1.1718400000000002,1.17192,1.17183,1.17185,1.17196,1.17205,1.17196,1.17198,159
2026-01-02 18:56:00,1.17185,1.1719000000000002,1.17181,1.17183,1.17198,1.17203,1.17193,1.17197,138
2026-01-02 18:57:00,1.17183,1.17191,1.17178,1.17191,1.17197,1.17204,1.17192,1.17204,125
2026-01-02 18:58:00,1.17191,1.17192,1.17183,1.17183,1.17204,1.17206,1.17197,1.17197,158
2026-01-02 18:59:00,1.17183,1.17186,1.17176,1.1718400000000002,1.17197,1.17199,1.17189,1.17198,96
2026-01-02 19:00:00,1.1718400000000002,1.17186,1.17179,1.17186,1.17198,1.17199,1.17192,1.17199,81
2026-01-02 19:01:00,1.17186,1.17186,1.1717000000000002,1.17172,1.17199,1.17199,1.17183,1.17184,160
2026-01-02 19:02:00,1.17172,1.17175,1.17169,1.17174,1.17184,1.17188,1.17182,1.17188,86
2026-01-02 19:03:00,1.17174,1.1717700000000002,1.17168,1.17175,1.17188,1.17189,1.17182,1.17188,103
2026-01-02 19:04:00,1.17175,1.17176,1.17172,1.17174,1.17188,1.17188,1.17184,1.17188,59
2026-01-02 19:05:00,1.17174,1.1718400000000002,1.17164,1.17166,1.17188,1.17196,1.17177,1.17178,151
2026-01-02 19:06:00,1.17166,1.1717000000000002,1.17155,1.17157,1.17178,1.17184,1.17167,1.17169,163
2026-01-02 19:07:00,1.17157,1.17162,1.17145,1.1714600000000002,1.17169,1.17174,1.17159,1.17159,165
2026-01-02 19:08:00,1.1714600000000002,1.17164,1.17145,1.1716300000000002,1.17159,1.17176,1.17158,1.17176,196
2026-01-02 19:09:00,1.1716300000000002,1.1716700000000002,1.17155,1.1715600000000002,1.17176,1.17179,1.17168,1.1717,102
2026-01-02 19:10:00,1.1715600000000002,1.17165,1.1715000000000002,1.17152,1.1717,1.17178,1.17164,1.17165,126
2026-01-02 19:11:00,1.17152,1.1715600000000002,1.17141,1.1714600000000002,1.17165,1.1717,1.17153,1.17159,135
2026-01-02 19:12:00,1.1714600000000002,1.17158,1.17145,1.1715600000000002,1.17159,1.17171,1.17157,1.17169,148
2026-01-02 19:13:00,1.1715600000000002,1.17161,1.17152,1.17155,1.17169,1.17174,1.17165,1.17168,114
2026-01-02 19:14:00,1.17155,1.17165,1.1715300000000002,1.17165,1.17168,1.17178,1.17167,1.17178,65
2026-01-02 19:15:00,1.17165,1.1717000000000002,1.1716000000000002,1.1716300000000002,1.17178,1.17183,1.17173,1.17176,137
2026-01-02 19:16:00,1.1716300000000002,1.17166,1.1716300000000002,1.17165,1.17176,1.17179,1.17176,1.17179,43
2026-01-02 19:17:00,1.17165,1.17179,1.17165,1.17176,1.17179,1.17192,1.17178,1.17188,105
2026-01-02 19:18:00,1.17176,1.17178,1.17172,1.17176,1.17188,1.17191,1.17185,1.17188,98
2026-01-02 19:19:00,1.17176,1.17178,1.17174,1.17176,1.17188,1.17192,1.17187,1.17189,104
2026-01-02 19:20:00,1.17176,1.1717700000000002,1.1716700000000002,1.17168,1.17189,1.17191,1.17179,1.1718,142
2026-01-02 19:21:00,1.17168,1.17171,1.17159,1.17164,1.1718,1.17185,1.17172,1.17177,126
2026-01-02 19:22:00,1.17164,1.17164,1.1715600000000002,1.17161,1.17177,1.17177,1.17168,1.17173,72
2026-01-02 19:23:00,1.17161,1.17164,1.1715300000000002,1.17155,1.17173,1.17177,1.17166,1.17168,105
2026-01-02 19:24:00,1.17155,1.17157,1.17144,1.17145,1.17168,1.1717,1.17157,1.17158,81
2026-01-02 19:25:00,1.17145,1.1715600000000002,1.17145,1.17154,1.17158,1.17169,1.17158,1.17168,88
2026-01-02 19:26:00,1.17154,1.1716300000000002,1.17154,1.1716000000000002,1.17168,1.17176,1.17167,1.17174,89
2026-01-02 19:27:00,1.1716000000000002,1.17171,1.1716000000000002,1.17171,1.17174,1.17184,1.17174,1.17184,72
2026-01-02 19:28:00,1.17171,1.17175,1.17164,1.17166,1.17184,1.17188,1.17177,1.17178,87
2026-01-02 19:29:00,1.17166,1.17169,1.1716000000000002,1.1716000000000002,1.17178,1.17182,1.17173,1.17174,80
2026-01-02 19:30:00,1.1716000000000002,1.17162,1.1713900000000002,1.1714300000000002,1.17174,1.17175,1.17153,1.17156,144
2026-01-02 19:31:00,1.1714300000000002,1.17159,1.1714300000000002,1.17155,1.17156,1.17171,1.17156,1.17169,78
2026-01-02 19:32:00,1.17155,1.17166,1.17155,1.1716300000000002,1.17169,1.17179,1.17169,1.17177,72
2026-01-02 19:33:00,1.1716300000000002,1.1716300000000002,1.1714600000000002,1.1714600000000002,1.17177,1.17177,1.1716,1.1716,81
2026-01-02 19:34:00,1.1714600000000002,1.17147,1.17137,1.17147,1.1716,1.1716,1.1715,1.1716,87
2026-01-02 19:35:00,1.17147,1.17151,1.1713900000000002,1.1715000000000002,1.1716,1.17164,1.17152,1.17163,73
2026-01-02 19:36:00,1.1715000000000002,1.17157,1.1715000000000002,1.17154,1.17163,1.1717,1.17163,1.17167,66
2026-01-02 19:37:00,1.17154,1.1716000000000002,1.17149,1.17159,1.17167,1.17173,1.17163,1.17173,69
2026-01-02 19:38:00,1.17159,1.1716000000000002,1.1714600000000002,1.17151,1.17173,1.17173,1.17159,1.17163,80
2026-01-02 19:39:00,1.17151,1.1715600000000002,1.1715000000000002,1.1715600000000002,1.17163,1.1717,1.17163,1.17169,55
2026-01-02 19:40:00,1.1715600000000002,1.17166,1.17155,1.1716000000000002,1.17169,1.17178,1.17169,1.17173,71
2026-01-02 19:41:00,1.1716000000000002,1.17161,1.17154,1.17159,1.17173,1.17174,1.17167,1.17172,32
2026-01-02 19:42:00,1.17159,1.17164,1.1715300000000002,1.1716300000000002,1.17172,1.17178,1.17166,1.17175,81
2026-01-02 19:43:00,1.1716300000000002,1.17169,1.1716300000000002,1.17166,1.17175,1.17183,1.17175,1.17179,69
2026-01-02 19:44:00,1.17166,1.17169,1.17165,1.17165,1.17179,1.17183,1.17178,1.17178,22
2026-01-02 19:45:00,1.17165,1.1717700000000002,1.17165,1.17174,1.17178,1.1719,1.17178,1.17187,111
2026-01-02 19:46:00,1.17174,1.1717700000000002,1.1717000000000002,1.17175,1.17187,1.1719,1.17183,1.17187,97
2026-01-02 19:47:00,1.17175,1.1717700000000002,1.17171,1.17171,1.17187,1.17189,1.17183,1.17183,41
2026-01-02 19:48:00,1.17171,1.17175,1.17169,1.17175,1.17183,1.17188,1.17182,1.17187,44
2026-01-02 19:49:00,1.17175,1.17178,1.17172,1.17174,1.17187,1.17191,1.17185,1.17186,58
2026-01-02 19:50:00,1.17174,1.1717700000000002,1.17172,1.17174,1.17186,1.17189,1.17185,1.17187,81
2026-01-02 19:51:00,1.17174,1.17192,1.17174,1.17192,1.17187,1.17206,1.17187,1.17206,67
2026-01-02 19:52:00,1.17192,1.17193,1.1718400000000002,1.1718700000000002,1.17206,1.17207,1.17198,1.172,101
2026-01-02 19:53:00,1.1718700000000002,1.1719000000000002,1.1718000000000002,1.1718400000000002,1.172,1.17203,1.17193,1.17198,67
2026-01-02 19:54:00,1.1718400000000002,1.17206,1.17183,1.17202,1.17198,1.17219,1.17197,1.17215,101
2026-01-02 19:55:00,1.17202,1.1722,1.17202,1.17215,1.17215,1.17234,1.17215,1.17229,119
2026-01-02 19:56:00,1.17215,1.17227,1.17213,1.17222,1.17229,1.17239,1.17225,1.17236,101
2026-01-02 19:57:00,1.17222,1.1723800000000002,1.17222,1.1723100000000002,1.17236,1.17251,1.17235,1.17244,121
2026-01-02 19:58:00,1.1723100000000002,1.17232,1.1722,1.17222,1.17244,1.17245,1.17232,1.17235,165
2026-01-02 19:59:00,1.17222,1.17232,1.1722100000000002,1.17226,1.17235,1.17245,1.17233,1.17239,129
2026-01-02 20:00:00,1.17226,1.1723100000000002,1.17219,1.1722100000000002,1.17239,1.17244,1.17232,1.17234,82
2026-01-02 20:01:00,1.1722100000000002,1.1722800000000002,1.1721700000000002,1.1721700000000002,1.17234,1.1724,1.17229,1.17229,62
2026-01-02 20:02:00,1.1721700000000002,1.17226,1.1721100000000002,1.17215,1.17229,1.17239,1.17223,1.17228,85
2026-01-02 20:03:00,1.17215,1.17225,1.17215,1.17223,1.17228,1.17238,1.17228,1.17236,65
2026-01-02 20:04:00,1.17223,1.17223,1.1718700000000002,1.1718700000000002,1.17236,1.17237,1.17202,1.17203,116
2026-01-02 20:05:00,1.1718700000000002,1.17191,1.17175,1.17179,1.17203,1.17206,1.1719,1.17193,103
2026-01-02 20:06:00,1.17179,1.17179,1.1715300000000002,1.1715300000000002,1.17193,1.17193,1.17166,1.17166,192
2026-01-02 20:07:00,1.1715300000000002,1.17161,1.17147,1.1715600000000002,1.17166,1.17173,1.17159,1.17169,115
2026-01-02 20:08:00,1.1715600000000002,1.17174,1.1715600000000002,1.17161,1.17169,1.17188,1.17169,1.17174,121
2026-01-02 20:09:00,1.17161,1.1717300000000002,1.1716000000000002,1.17172,1.17174,1.17186,1.17173,1.17186,73
2026-01-02 20:10:00,1.17172,1.17188,1.17172,1.1718700000000002,1.17186,1.17202,1.17186,1.17201,47
2026-01-02 20:11:00,1.1718700000000002,1.17196,1.17186,1.17196,1.17201,1.17211,1.17199,1.17209,79
2026-01-02 20:12:00,1.17196,1.17196,1.17188,1.17188,1.17209,1.17209,1.172,1.172,40
2026-01-02 20:13:00,1.17188,1.1719000000000002,1.17188,1.1719000000000002,1.172,1.17203,1.172,1.17203,9
2026-01-02 20:14:00,1.1719000000000002,1.17201,1.1718000000000002,1.17182,1.17203,1.17214,1.17194,1.17194,79
2026-01-02 20:15:00,1.17182,1.1719400000000002,1.1718000000000002,1.17188,1.17194,1.17208,1.17194,1.17202,84
2026-01-02 20:16:00,1.17188,1.17205,1.17188,1.17205,1.17202,1.17219,1.17202,1.17219,57
2026-01-02 20:17:00,1.17205,1.1720700000000002,1.1719000000000002,1.17192,1.17219,1.17221,1.17203,1.17205,66
2026-01-02 20:18:00,1.17192,1.17192,1.17179,1.17182,1.17205,1.17205,1.17195,1.17196,99
2026-01-02 20:19:00,1.17182,1.17199,1.17181,1.17199,1.17196,1.17212,1.17195,1.17212,90
2026-01-02 20:20:00,1.17199,1.17208,1.17195,1.1720000000000002,1.17212,1.17222,1.17208,1.17214,61
2026-01-02 20:21:00,1.1720000000000002,1.1720400000000002,1.17182,1.1719000000000002,1.17214,1.17217,1.17196,1.17204,86
2026-01-02 20:22:00,1.1719000000000002,1.17192,1.17182,1.17191,1.17204,1.17206,1.17196,1.17204,67
2026-01-02 20:23:00,1.17191,1.1719400000000002,1.17185,1.17191,1.17204,1.17208,1.17198,1.17204,61
2026-01-02 20:24:00,1.17191,1.1719400000000002,1.17189,1.1719000000000002,1.17204,1.17207,1.17203,1.17204,39
2026-01-02 20:25:00,1.1719000000000002,1.1719000000000002,1.17189,1.17189,1.17204,1.17204,1.17203,1.17203,13
2026-01-02 20:26:00,1.17189,1.1719400000000002,1.17188,1.1719400000000002,1.17203,1.17208,1.17201,1.17208,31
2026-01-02 20:27:00,1.1719400000000002,1.17208,1.1719400000000002,1.17208,1.17208,1.17222,1.17208,1.17222,47
2026-01-02 20:28:00,1.17208,1.17208,1.17199,1.1720400000000002,1.17222,1.17222,1.17213,1.17218,57
2026-01-02 20:29:00,1.1720400000000002,1.17208,1.1720400000000002,1.17206,1.17218,1.17222,1.17218,1.1722,68
2026-01-02 20:30:00,1.17206,1.1721400000000002,1.17206,1.1721100000000002,1.1722,1.17228,1.17219,1.17225,88
2026-01-02 20:31:00,1.1721100000000002,1.17212,1.17208,1.17212,1.17225,1.17225,1.17221,1.17225,20
2026-01-02 20:32:00,1.17212,1.17213,1.17208,1.1721,1.17225,1.17227,1.17222,1.17223,27
2026-01-02 20:33:00,1.1721,1.1721100000000002,1.1720000000000002,1.1720000000000002,1.17223,1.17224,1.17213,1.17214,62
2026-01-02 20:34:00,1.1720000000000002,1.17203,1.17195,1.17195,1.17214,1.17217,1.17208,1.17208,35
2026-01-02 20:35:00,1.17195,1.1720000000000002,1.17192,1.1720000000000002,1.17208,1.17214,1.17205,1.17214,41
2026-01-02 20:36:00,1.1720000000000002,1.1720700000000002,1.17199,1.17206,1.17214,1.1722,1.17213,1.1722,22
2026-01-02 20:37:00,1.17206,1.1720700000000002,1.17203,1.17205,1.1722,1.1722,1.17217,1.17218,18
2026-01-02 20:38:00,1.17205,1.1721100000000002,1.17205,1.1721100000000002,1.17218,1.17224,1.17218,1.17224,45
2026-01-02 20:39:00,1.1721100000000002,1.17216,1.1721,1.1721,1.17224,1.17229,1.17223,1.17223,36
2026-01-02 20:40:00,1.1721,1.17216,1.17209,1.17213,1.17223,1.17229,1.17223,1.17227,57
2026-01-02 20:41:00,1.17213,1.17213,1.1719400000000002,1.1720000000000002,1.17227,1.17227,1.17208,1.17214,93
2026-01-02 20:42:00,1.1720000000000002,1.17206,1.17185,1.17185,1.17214,1.17221,1.17199,1.17199,89
2026-01-02 20:43:00,1.17185,1.17195,1.17185,1.17188,1.17199,1.17209,1.17199,1.17202,53
2026-01-02 20:44:00,1.17188,1.17192,1.17176,1.1717700000000002,1.17202,1.17206,1.1719,1.17191,78
2026-01-02 20:45:00,1.1717700000000002,1.17185,1.1717000000000002,1.17172,1.17191,1.17198,1.17183,1.17185,81
2026-01-02 20:46:00,1.17172,1.17175,1.17171,1.1717300000000002,1.17185,1.17189,1.17185,1.17187,48
2026-01-02 20:47:00,1.1717300000000002,1.1717300000000002,1.17168,1.17169,1.17187,1.17187,1.17182,1.17183,37
2026-01-02 20:48:00,1.17169,1.17171,1.1716700000000002,1.1716700000000002,1.17183,1.17184,1.17181,1.17181,26
2026-01-02 20:49:00,1.1716700000000002,1.17168,1.17164,1.17165,1.17181,1.17181,1.17178,1.17178,21
2026-01-02 20:50:00,1.17165,1.1716700000000002,1.1716000000000002,1.17164,1.17178,1.1718,1.17173,1.17177,87
2026-01-02 20:51:00,1.17164,1.17166,1.17161,1.17165,1.17177,1.1718,1.17175,1.17179,70
2026-01-02 20:52:00,1.17165,1.17168,1.17164,1.17164,1.17179,1.17181,1.17178,1.17178,25
2026-01-02 20:53:00,1.17164,1.17166,1.1716000000000002,1.17165,1.17178,1.1718,1.17174,1.17178,56
2026-01-02 20:54:00,1.17165,1.17166,1.17161,1.1716300000000002,1.17178,1.17179,1.17174,1.17176,42
2026-01-02 20:55:00,1.1716300000000002,1.17165,1.17155,1.17155,1.17176,1.17179,1.17168,1.17168,53
2026-01-02 20:56:00,1.17155,1.17157,1.17149,1.1715000000000002,1.17168,1.17171,1.17163,1.17163,45
2026-01-02 20:57:00,1.1715000000000002,1.17154,1.17149,1.17152,1.17163,1.17168,1.17163,1.17166,30
2026-01-02 20:58:00,1.17152,1.17164,1.17151,1.1716000000000002,1.17166,1.17178,1.17165,1.17174,68
2026-01-02 20:59:00,1.1716000000000002,1.1717300000000002,1.17159,1.17171,1.17174,1.17185,1.17171,1.17183,99
2026-01-02 21:00:00,1.17171,1.1718000000000002,1.1716700000000002,1.1718000000000002,1.17183,1.17195,1.1718,1.17195,65
2026-01-02 21:01:00,1.1718000000000002,1.17191,1.1718000000000002,1.17191,1.17195,1.17206,1.17194,1.17206,21
2026-01-02 21:02:00,1.17191,1.17196,1.17191,1.17193,1.17206,1.17211,1.17206,1.17206,64
2026-01-02 21:03:00,1.17193,1.17202,1.17192,1.17202,1.17206,1.17217,1.17206,1.17217,33
2026-01-02 21:04:00,1.17202,1.17208,1.17202,1.17206,1.17217,1.17223,1.17216,1.17221,19
2026-01-02 21:05:00,1.17206,1.1721100000000002,1.17206,1.1720700000000002,1.17221,1.17226,1.17221,1.17222,25
2026-01-02 21:06:00,1.1720700000000002,1.1720700000000002,1.1720000000000002,1.17201,1.17222,1.17222,1.17215,1.17216,15
2026-01-02 21:07:00,1.17201,1.17213,1.17201,1.1721100000000002,1.17216,1.17227,1.17216,1.17227,28
2026-01-02 21:08:00,1.1721100000000002,1.17218,1.1721100000000002,1.1721400000000002,1.17227,1.17232,1.17225,1.17229,34
2026-01-02 21:09:00,1.1721400000000002,1.17215,1.1721100000000002,1.1721400000000002,1.17229,1.17229,1.17226,1.17229,10
2026-01-02 21:10:00,1.1721400000000002,1.1722,1.1721400000000002,1.1721700000000002,1.17229,1.17235,1.17229,1.17232,25
2026-01-02 21:11:00,1.1721700000000002,1.1721700000000002,1.17216,1.17216,1.17232,1.17232,1.17231,1.17231,2
2026-01-02 21:12:00,1.17216,1.17216,1.1721,1.1721100000000002,1.17231,1.17231,1.17223,1.17226,19
2026-01-02 21:13:00,1.1721100000000002,1.17218,1.1721,1.17215,1.17226,1.17232,1.17226,1.1723,19
2026-01-02 21:14:00,1.17215,1.1722100000000002,1.1720700000000002,1.1720700000000002,1.1723,1.17237,1.17221,1.17221,50
2026-01-02 21:15:00,1.1720700000000002,1.17213,1.1720700000000002,1.17212,1.17221,1.17226,1.17221,1.17226,17
2026-01-02 21:16:00,1.17212,1.17212,1.17203,1.1721100000000002,1.17226,1.17226,1.17218,1.17225,23
2026-01-02 21:17:00,1.1721100000000002,1.17212,1.1721,1.17212,1.17225,1.17226,1.17225,1.17226,8
2026-01-02 21:18:00,1.17212,1.17212,1.1721,1.1721100000000002,1.17226,1.17226,1.17225,1.17225,8
2026-01-02 21:19:00,1.1721100000000002,1.17213,1.1720700000000002,1.1720700000000002,1.17225,1.17228,1.17221,1.17221,26
2026-01-02 21:20:00,1.1720700000000002,1.1720700000000002,1.17201,1.17202,1.17221,1.17221,1.17216,1.17217,13
2026-01-02 21:21:00,1.17202,1.17203,1.17198,1.17198,1.17217,1.17217,1.17212,1.17213,25
2026-01-02 21:22:00,1.17198,1.1720000000000002,1.17196,1.1720000000000002,1.17213,1.17215,1.1721,1.17214,14
2026-01-02 21:23:00,1.1720000000000002,1.1720000000000002,1.17195,1.1719700000000002,1.17214,1.17214,1.17211,1.17211,14
2026-01-02 21:24:00,1.1719700000000002,1.1719700000000002,1.1719700000000002,1.1719700000000002,1.17211,1.17212,1.17211,1.17211,2
2026-01-02 21:25:00,1.1719700000000002,1.17203,1.17196,1.17202,1.17211,1.17217,1.17211,1.17216,13
2026-01-02 21:26:00,1.17202,1.17208,1.1720000000000002,1.1720700000000002,1.17216,1.17222,1.17215,1.17221,35
2026-01-02 21:27:00,1.1720700000000002,1.1720700000000002,1.17198,1.17203,1.17221,1.17222,1.17214,1.17217,16
2026-01-02 21:28:00,1.17203,1.17208,1.1720000000000002,1.17208,1.17217,1.17222,1.17214,1.17222,24
2026-01-02 21:29:00,1.17208,1.17212,1.1720400000000002,1.1720700000000002,1.17222,1.17226,1.17218,1.17222,62
2026-01-02 21:30:00,1.1720700000000002,1.17216,1.17206,1.17216,1.17222,1.17231,1.17221,1.17231,64
2026-01-02 21:31:00,1.17216,1.1722100000000002,1.17215,1.1722,1.17231,1.17235,1.17229,1.17234,22
2026-01-02 21:32:00,1.1722,1.1722100000000002,1.17215,1.1721700000000002,1.17234,1.17235,1.1723,1.17231,13
2026-01-02 21:33:00,1.1721700000000002,1.17222,1.1721400000000002,1.17218,1.17231,1.17237,1.1723,1.17233,20
2026-01-02 21:34:00,1.17218,1.1722100000000002,1.17215,1.1721700000000002,1.17233,1.17236,1.1723,1.17231,24
2026-01-02 21:35:00,1.1721700000000002,1.17226,1.1721700000000002,1.17225,1.17231,1.17241,1.17231,1.17239,29
2026-01-02 21:36:00,1.17225,1.17226,1.1722400000000002,1.17226,1.17239,1.17241,1.17238,1.1724,14
2026-01-02 21:37:00,1.17226,1.17226,1.1721700000000002,1.17219,1.1724,1.1724,1.17231,1.17233,27
2026-01-02 21:38:00,1.17219,1.17219,1.17209,1.17216,1.17233,1.17233,1.17224,1.17231,36
2026-01-02 21:39:00,1.17216,1.17222,1.17215,1.1721700000000002,1.17231,1.17236,1.17229,1.17232,37
2026-01-02 21:40:00,1.1721700000000002,1.17225,1.17206,1.17206,1.17232,1.17239,1.17221,1.17222,64
2026-01-02 21:41:00,1.17206,1.1720700000000002,1.1718400000000002,1.1718400000000002,1.17222,1.17223,1.17198,1.17198,66
2026-01-02 21:42:00,1.1718400000000002,1.17185,1.17179,1.1718400000000002,1.17198,1.172,1.17193,1.17199,23
2026-01-02 21:43:00,1.1718400000000002,1.17186,1.17182,1.17183,1.17199,1.17202,1.17196,1.17196,27
2026-01-02 21:44:00,1.17183,1.1718400000000002,1.1718000000000002,1.1718400000000002,1.17196,1.17199,1.17194,1.17198,34
2026-01-02 21:45:00,1.1718400000000002,1.1718400000000002,1.17181,1.17183,1.17198,1.172,1.17196,1.17197,34
2026-01-02 21:46:00,1.17183,1.17183,1.1717700000000002,1.17181,1.17197,1.17198,1.17192,1.17196,38
2026-01-02 21:47:00,1.17181,1.17181,1.17178,1.17178,1.17196,1.17196,1.1719,1.17191,25
2026-01-02 21:48:00,1.17178,1.17179,1.1717000000000002,1.17172,1.17191,1.17191,1.17183,1.17184,79
2026-01-02 21:49:00,1.17172,1.17174,1.17168,1.17172,1.17184,1.17188,1.17181,1.17184,71
2026-01-02 21:50:00,1.17172,1.1721,1.1717000000000002,1.1720700000000002,1.17184,1.17223,1.17184,1.1722,188
2026-01-02 21:51:00,1.1720700000000002,1.17208,1.17199,1.1720700000000002,1.1722,1.17221,1.17211,1.17219,99
2026-01-02 21:52:00,1.1720700000000002,1.1720700000000002,1.17196,1.17196,1.17219,1.1722,1.17209,1.17209,53
2026-01-02 21:53:00,1.17196,1.1721100000000002,1.17196,1.17205,1.17209,1.17224,1.17209,1.17218,87
2026-01-02 21:54:00,1.17205,1.17205,1.17196,1.1720000000000002,1.17218,1.17218,1.17209,1.17215,74
2026-01-02 21:55:00,1.1720000000000002,1.1720000000000002,1.1718700000000002,1.17189,1.17215,1.1722,1.17208,1.1721,73
2026-01-02 21:56:00,1.17189,1.17189,1.17182,1.1718700000000002,1.1721,1.17213,1.17204,1.17209,124
2026-01-02 21:57:00,1.1718700000000002,1.17189,1.1718400000000002,1.1718400000000002,1.17209,1.17213,1.17207,1.17208,126
2026-01-02 21:58:00,1.1718400000000002,1.17189,1.1718400000000002,1.17185,1.17208,1.17213,1.17206,1.17207,155
2026-01-02 21:59:00,1.17185,1.17185,1.1718400000000002,1.1718400000000002,1.17207,1.17207,1.17207,1.17207,1
2026-01-04 18:17:00,1.1718400000000002,1.17247,1.1718400000000002,1.17247,1.17207,1.17294,1.17207,1.17294,3
2026-01-04 18:18:00,1.17247,1.17254,1.17219,1.17254,1.17294,1.17302,1.17294,1.17297,5
2026-01-04 18:19:00,1.17254,1.1725500000000002,1.17254,1.17254,1.17297,1.17297,1.17296,1.17297,2
2026-01-04 18:20:00,1.17254,1.17254,1.1722400000000002,1.1725,1.17297,1.17299,1.17291,1.17291,3
2026-01-04 18:26:00,1.1725,1.1725,1.17209,1.1721100000000002,1.17291,1.17297,1.17291,1.17295,2
2026-01-04 18:27:00,1.1721100000000002,1.17212,1.1721100000000002,1.1721100000000002,1.17295,1.17295,1.17294,1.17295,2
2026-01-04 18:29:00,1.1721100000000002,1.17212,1.1721100000000002,1.17212,1.17295,1.17295,1.17295,1.17295,1
2026-01-04 18:30:00,1.17212,1.17212,1.17212,1.17212,1.17295,1.17295,1.17294,1.17294,1
2026-01-04 18:37:00,1.17212,1.17212,1.17198,1.17198,1.17294,1.17298,1.17294,1.17298,1
2026-01-04 18:39:00,1.17198,1.17199,1.17198,1.17199,1.17298,1.17298,1.17297,1.17297,1
2026-01-04 18:52:00,1.17199,1.17208,1.17198,1.17208,1.17297,1.17298,1.17297,1.17298,2
2026-01-04 18:53:00,1.17208,1.17209,1.17208,1.17209,1.17298,1.17298,1.17297,1.17297,1
2026-01-04 18:54:00,1.17209,1.17227,1.17209,1.17227,1.17297,1.173,1.17268,1.17294,6
2026-01-04 18:55:00,1.17227,1.17227,1.1720000000000002,1.1720000000000002,1.17294,1.17296,1.17294,1.17296,6
2026-01-04 18:56:00,1.1720000000000002,1.17206,1.1720000000000002,1.17203,1.17296,1.17296,1.17295,1.17295,3
2026-01-04 18:59:00,1.17203,1.17206,1.17203,1.17206,1.17295,1.17295,1.17295,1.17295,1
2026-01-04 19:00:00,1.17206,1.17219,1.17206,1.17219,1.17295,1.17295,1.17292,1.17292,4
2026-01-04 19:01:00,1.17219,1.1722100000000002,1.17219,1.1722100000000002,1.17292,1.17292,1.1729,1.1729,1
2026-01-04 19:02:00,1.1722100000000002,1.17222,1.1722100000000002,1.17222,1.1729,1.1729,1.17289,1.17289,1
2026-01-04 19:06:00,1.17222,1.17223,1.17222,1.17223,1.17289,1.17289,1.17288,1.17288,1
2026-01-04 19:12:00,1.17223,1.1722400000000002,1.17223,1.1722400000000002,1.17288,1.17288,1.17287,1.17287,2
2026-01-04 19:27:00,1.1722400000000002,1.17229,1.1722400000000002,1.17229,1.17287,1.17287,1.17287,1.17287,2
2026-01-04 19:28:00,1.17229,1.17229,1.1722800000000002,1.1722800000000002,1.17287,1.17288,1.17287,1.17288,1
2026-01-04 19:30:00,1.1722800000000002,1.17229,1.17227,1.17227,1.17288,1.17289,1.17287,1.17289,2
2026-01-04 19:31:00,1.17227,1.17233,1.17227,1.17233,1.17289,1.17289,1.17288,1.17288,2
2026-01-04 19:32:00,1.17233,1.1723400000000002,1.17233,1.1723400000000002,1.17288,1.17288,1.17287,1.17287,1
2026-01-04 19:35:00,1.1723400000000002,1.17235,1.1723400000000002,1.17235,1.17287,1.17287,1.17286,1.17286,1
2026-01-04 19:36:00,1.17235,1.17236,1.17235,1.17236,1.17286,1.17286,1.17285,1.17285,2
2026-01-04 19:42:00,1.17236,1.17236,1.1723400000000002,1.1723400000000002,1.17285,1.17287,1.17285,1.17287,1
2026-01-04 19:44:00,1.1723400000000002,1.1723800000000002,1.17227,1.17227,1.17287,1.17289,1.17287,1.17289,2
2026-01-04 19:53:00,1.17227,1.1722800000000002,1.17198,1.17205,1.17289,1.17293,1.17239,1.17249,12
2026-01-04 19:54:00,1.17205,1.17206,1.17205,1.17206,1.17249,1.17249,1.17248,1.17248,2
2026-01-04 19:55:00,1.17206,1.17206,1.17206,1.17206,1.17248,1.17248,1.17247,1.17247,1
2026-01-04 19:57:00,1.17206,1.1720700000000002,1.17206,1.1720700000000002,1.17247,1.17247,1.17247,1.17247,1
2026-01-04 19:59:00,1.1720700000000002,1.1720700000000002,1.1720700000000002,1.1720700000000002,1.17247,1.17247,1.17246,1.17246,1
2026-01-04 20:05:00,1.1720700000000002,1.17208,1.1720700000000002,1.17208,1.17246,1.17246,1.17246,1.17246,1
2026-01-04 20:11:00,1.17208,1.17208,1.17201,1.17201,1.17246,1.17293,1.17246,1.17293,3
2026-01-04 20:13:00,1.17201,1.17201,1.17201,1.17201,1.17293,1.17293,1.17285,1.17286,3
2026-01-04 20:14:00,1.17201,1.17201,1.17201,1.17201,1.17286,1.17293,1.17286,1.17293,1
2026-01-04 20:15:00,1.17201,1.17201,1.17201,1.17201,1.17293,1.17293,1.17292,1.17292,1
2026-01-04 20:16:00,1.17201,1.17201,1.17201,1.17201,1.17292,1.17292,1.17291,1.17291,1
2026-01-04 20:20:00,1.17201,1.17201,1.17201,1.17201,1.17291,1.17293,1.17291,1.17292,2
2026-01-04 20:21:00,1.17201,1.17201,1.17201,1.17201,1.17292,1.17293,1.17292,1.17293,1
2026-01-04 20:22:00,1.17201,1.17201,1.17201,1.17201,1.17293,1.17293,1.17292,1.17292,1
2026-01-04 20:25:00,1.17201,1.17201,1.17201,1.17201,1.17292,1.17293,1.17292,1.17293,1
2026-01-04 20:27:00,1.17201,1.17201,1.17201,1.17201,1.17293,1.17293,1.17292,1.17292,1
2026-01-04 20:37:00,1.17201,1.17201,1.1718000000000002,1.17181,1.17292,1.17292,1.17268,1.17268,2
2026-01-04 20:39:00,1.17181,1.17181,1.17181,1.17181,1.17268,1.17268,1.17267,1.17267,1
2026-01-04 20:43:00,1.17181,1.17182,1.17181,1.17182,1.17267,1.17267,1.17267,1.17267,1
2026-01-04 20:48:00,1.17182,1.1720000000000002,1.17179,1.1719700000000002,1.17267,1.17267,1.17266,1.17266,4
2026-01-04 20:50:00,1.1719700000000002,1.17198,1.1719700000000002,1.17198,1.17266,1.17266,1.17266,1.17266,1
2026-01-04 20:51:00,1.17198,1.17198,1.17198,1.17198,1.17266,1.17266,1.17265,1.17265,1
2026-01-04 20:52:00,1.17198,1.17198,1.17179,1.17179,1.17265,1.17267,1.17265,1.17267,1
2026-01-04 20:54:00,1.17179,1.1722,1.17179,1.1722,1.17267,1.17267,1.17266,1.17266,1
2026-01-04 20:55:00,1.1722,1.1722100000000002,1.1722,1.1722100000000002,1.17266,1.1729,1.17265,1.1729,3
2026-01-04 21:02:00,1.1722100000000002,1.17223,1.1722100000000002,1.1722100000000002,1.1729,1.1729,1.17288,1.1729,3
2026-01-04 21:46:00,1.1722100000000002,1.1722100000000002,1.1719700000000002,1.17198,1.1729,1.17294,1.1729,1.17293,2
2026-01-04 21:54:00,1.17198,1.17199,1.17198,1.17199,1.17293,1.17293,1.17293,1.17293,1
2026-01-04 21:55:00,1.17199,1.17199,1.17199,1.17199,1.17293,1.17293,1.17292,1.17292,1
2026-01-04 22:07:00,1.17199,1.17199,1.17189,1.1719000000000002,1.17292,1.17292,1.17288,1.17288,2
2026-01-04 22:08:00,1.1719000000000002,1.17191,1.17189,1.17191,1.17288,1.17289,1.17286,1.17286,4
2026-01-04 22:09:00,1.17191,1.17192,1.1719000000000002,1.17191,1.17286,1.17289,1.17285,1.17289,22
2026-01-04 22:10:00,1.17191,1.17191,1.17189,1.1719000000000002,1.17289,1.17289,1.17278,1.17283,13
2026-01-04 22:11:00,1.1719000000000002,1.17192,1.1719000000000002,1.17191,1.17283,1.17283,1.1728,1.17282,6
2026-01-04 22:12:00,1.17191,1.17199,1.17191,1.17199,1.17282,1.17282,1.17271,1.17271,8
2026-01-04 22:13:00,1.17199,1.17199,1.17186,1.17199,1.17271,1.17274,1.1727,1.17271,7
2026-01-04 22:14:00,1.17199,1.1720000000000002,1.17199,1.1720000000000002,1.17271,1.17272,1.17268,1.17269,4
2026-01-04 22:15:00,1.1720000000000002,1.1720000000000002,1.17199,1.17199,1.17269,1.1727,1.17268,1.17269,4
2026-01-04 22:16:00,1.17199,1.17199,1.17199,1.17199,1.17269,1.17269,1.17267,1.17269,6
2026-01-04 22:17:00,1.17199,1.1720000000000002,1.17196,1.1720000000000002,1.17269,1.17269,1.17267,1.17267,9
2026-01-04 22:18:00,1.1720000000000002,1.1720000000000002,1.17193,1.17198,1.17267,1.17267,1.17265,1.17265,11
2026-01-04 22:19:00,1.17198,1.17198,1.17198,1.17198,1.17265,1.17266,1.17264,1.17266,2
2026-01-04 22:20:00,1.17198,1.17198,1.17198,1.17198,1.17266,1.17271,1.17266,1.17269,2
2026-01-04 22:21:00,1.17198,1.17198,1.17198,1.17198,1.17269,1.1727,1.17269,1.1727,1
2026-01-04 22:22:00,1.17198,1.17198,1.17198,1.17198,1.1727,1.1727,1.17268,1.17268,1
2026-01-04 22:23:00,1.17198,1.17199,1.17198,1.17198,1.17268,1.17272,1.17265,1.1727,11
2026-01-04 22:24:00,1.17198,1.17199,1.17198,1.17199,1.1727,1.1727,1.17265,1.1727,5
2026-01-04 22:25:00,1.17199,1.17199,1.17195,1.17195,1.1727,1.17274,1.17269,1.17274,4
2026-01-04 22:28:00,1.17195,1.17195,1.17192,1.17195,1.17274,1.17276,1.17269,1.17271,14
2026-01-04 22:29:00,1.17195,1.17195,1.17195,1.17195,1.17271,1.17271,1.1726,1.1726,12
2026-01-04 22:30:00,1.17195,1.1719700000000002,1.1719400000000002,1.1719700000000002,1.1726,1.17266,1.17243,1.17243,15
2026-01-04 22:31:00,1.1719700000000002,1.17198,1.1719700000000002,1.17198,1.17243,1.17243,1.17242,1.17242,2
2026-01-04 22:32:00,1.17198,1.17199,1.17198,1.17199,1.17242,1.17243,1.17242,1.17243,1
2026-01-04 22:33:00,1.17199,1.17199,1.17158,1.1719700000000002,1.17243,1.17246,1.17243,1.17243,7
2026-01-04 22:34:00,1.1719700000000002,1.17198,1.1719700000000002,1.1719700000000002,1.17243,1.17243,1.17241,1.17242,4
2026-01-04 22:35:00,1.1719700000000002,1.17198,1.1719700000000002,1.17198,1.17242,1.17242,1.17241,1.17241,7
2026-01-04 22:36:00,1.17198,1.17199,1.17198,1.17199,1.17241,1.17241,1.17239,1.1724,14
2026-01-04 22:39:00,1.17199,1.17199,1.17165,1.17193,1.1724,1.17244,1.17237,1.17239,15
2026-01-04 22:40:00,1.17193,1.17193,1.17189,1.1719000000000002,1.17239,1.17239,1.17231,1.17232,31
2026-01-04 22:41:00,1.1719000000000002,1.17191,1.1719000000000002,1.17191,1.17232,1.17234,1.17231,1.17233,21
2026-01-04 22:42:00,1.17191,1.17191,1.1719000000000002,1.1719000000000002,1.17233,1.17233,1.17231,1.17231,10
2026-01-04 22:43:00,1.1719000000000002,1.17191,1.17185,1.17185,1.17231,1.17234,1.17225,1.17226,15
2026-01-04 22:44:00,1.17185,1.17196,1.17182,1.17192,1.17226,1.17236,1.17222,1.17228,43
2026-01-04 22:45:00,1.17192,1.1719700000000002,1.1718700000000002,1.1719400000000002,1.17228,1.17236,1.17226,1.17231,22
2026-01-04 22:46:00,1.1719400000000002,1.1719700000000002,1.17189,1.1719700000000002,1.17231,1.17236,1.17231,1.17232,16
2026-01-04 22:47:00,1.1719700000000002,1.1719700000000002,1.17191,1.1719400000000002,1.17232,1.17239,1.1723,1.17236,43
2026-01-04 22:48:00,1.1719400000000002,1.1719400000000002,1.17192,1.1719400000000002,1.17236,1.17242,1.17236,1.1724,16
2026-01-04 22:49:00,1.1719400000000002,1.17195,1.1719400000000002,1.1719400000000002,1.1724,1.17244,1.17239,1.17244,13
2026-01-04 22:50:00,1.1719400000000002,1.17195,1.1719400000000002,1.17195,1.17244,1.17246,1.17241,1.17243,14
2026-01-04 22:51:00,1.17195,1.17195,1.1719000000000002,1.1719000000000002,1.17243,1.17243,1.1724,1.17242,10
2026-01-04 22:52:00,1.1719000000000002,1.17195,1.17186,1.17193,1.17242,1.17246,1.17239,1.17243,22
2026-01-04 22:53:00,1.17193,1.17193,1.17193,1.17193,1.17243,1.17244,1.17238,1.17244,10
2026-01-04 22:54:00,1.17193,1.17193,1.1719000000000002,1.17193,1.17244,1.17244,1.17239,1.17243,13
2026-01-04 22:55:00,1.17193,1.17193,1.1718000000000002,1.17188,1.17243,1.17245,1.17236,1.17245,33
2026-01-04 22:56:00,1.17188,1.17191,1.1711,1.1711,1.17245,1.17255,1.172,1.17206,64
2026-01-04 22:57:00,1.1711,1.17137,1.17073,1.1708500000000002,1.17206,1.1721,1.17143,1.17175,197
2026-01-04 22:58:00,1.1708500000000002,1.17111,1.1708500000000002,1.17111,1.17175,1.17175,1.17126,1.1717,203
2026-01-04 22:59:00,1.17111,1.17111,1.1709900000000002,1.1709900000000002,1.1717,1.17172,1.17131,1.17132,68
2026-01-04 23:00:00,1.1709900000000002,1.1710200000000002,1.17087,1.17097,1.17132,1.17132,1.17113,1.17122,165
2026-01-04 23:01:00,1.17097,1.17098,1.1704800000000002,1.1704800000000002,1.17122,1.17122,1.17063,1.17063,130
2026-01-04 23:02:00,1.1704800000000002,1.17049,1.17002,1.17013,1.17063,1.17065,1.17017,1.1703,182
2026-01-04 23:03:00,1.17013,1.17019,1.1699700000000002,1.17002,1.1703,1.17036,1.17011,1.17018,121
2026-01-04 23:04:00,1.17002,1.17026,1.17002,1.17025,1.17018,1.17041,1.17017,1.17041,99
2026-01-04 23:05:00,1.17025,1.1710900000000002,1.17025,1.17108,1.17041,1.17125,1.17041,1.17125,237
2026-01-04 23:06:00,1.17108,1.17108,1.17079,1.17088,1.17125,1.17125,1.17095,1.17105,92
2026-01-04 23:07:00,1.17088,1.17098,1.17088,1.17097,1.17105,1.17115,1.17105,1.17114,41
2026-01-04 23:08:00,1.17097,1.17122,1.17097,1.17117,1.17114,1.17137,1.17114,1.17135,60
2026-01-04 23:09:00,1.17117,1.17122,1.1711600000000002,1.17117,1.17135,1.17138,1.17132,1.17135,46
2026-01-04 23:10:00,1.17117,1.17118,1.17107,1.17107,1.17135,1.17135,1.17121,1.17121,39
2026-01-04 23:11:00,1.17107,1.1711200000000002,1.17098,1.1711200000000002,1.17121,1.17129,1.17115,1.17129,41
2026-01-04 23:12:00,1.1711200000000002,1.17121,1.1711200000000002,1.17121,1.17129,1.17137,1.17129,1.17137,39
2026-01-04 23:13:00,1.17121,1.17121,1.17113,1.17115,1.17137,1.17137,1.17128,1.1713,52
2026-01-04 23:14:00,1.17115,1.17115,1.1710900000000002,1.1711200000000002,1.1713,1.17132,1.17126,1.17128,49
2026-01-04 23:15:00,1.1711200000000002,1.17121,1.17103,1.17115,1.17128,1.17136,1.17118,1.17131,102
2026-01-04 23:16:00,1.17115,1.17118,1.1711,1.17111,1.17131,1.17135,1.17127,1.17127,50
2026-01-04 23:17:00,1.17111,1.17122,1.1710900000000002,1.1711,1.17127,1.17137,1.17125,1.17126,58
2026-01-04 23:18:00,1.1711,1.1711600000000002,1.17107,1.17108,1.17126,1.17133,1.17123,1.17123,47
2026-01-04 23:19:00,1.17108,1.1710900000000002,1.17103,1.17107,1.17123,1.17124,1.17119,1.17122,22
2026-01-04 23:20:00,1.17107,1.17107,1.1709500000000002,1.1709900000000002,1.17122,1.17122,1.17112,1.17115,42
2026-01-04 23:21:00,1.1709900000000002,1.1710900000000002,1.17097,1.1709900000000002,1.17115,1.17126,1.17113,1.17114,53
2026-01-04 23:22:00,1.1709900000000002,1.17121,1.1709900000000002,1.1712,1.17114,1.17136,1.17114,1.17136,45
2026-01-04 23:23:00,1.1712,1.1712,1.17107,1.17108,1.17136,1.17136,1.17122,1.17124,44
2026-01-04 23:24:00,1.17108,1.1711,1.17108,1.1710900000000002,1.17124,1.17125,1.17124,1.17125,13
2026-01-04 23:25:00,1.1710900000000002,1.17111,1.17104,1.17105,1.17125,1.17125,1.1712,1.1712,39
2026-01-04 23:26:00,1.17105,1.1710600000000002,1.17091,1.17096,1.1712,1.17122,1.17108,1.17112,43
2026-01-04 23:27:00,1.17096,1.17101,1.17093,1.17093,1.17112,1.17116,1.17108,1.17108,48
2026-01-04 23:28:00,1.17093,1.17094,1.1708200000000002,1.1708200000000002,1.17108,1.17108,1.17097,1.17097,30
2026-01-04 23:29:00,1.1708200000000002,1.17091,1.1708200000000002,1.17083,1.17097,1.17107,1.17097,1.17099,30
2026-01-04 23:30:00,1.17083,1.17083,1.17057,1.17057,1.17099,1.17099,1.17071,1.17071,64
2026-01-04 23:31:00,1.17057,1.17067,1.1704800000000002,1.1705100000000002,1.17071,1.17082,1.17063,1.17066,76
2026-01-04 23:32:00,1.1705100000000002,1.1705100000000002,1.17039,1.1704500000000002,1.17066,1.17066,1.17054,1.17059,59
2026-01-04 23:33:00,1.1704500000000002,1.17057,1.1704100000000002,1.17057,1.17059,1.17071,1.17055,1.17071,38
2026-01-04 23:34:00,1.17057,1.17067,1.17056,1.1706500000000002,1.17071,1.17082,1.17071,1.17079,56
2026-01-04 23:35:00,1.1706500000000002,1.17073,1.1706,1.17066,1.17079,1.17087,1.17074,1.17081,86
2026-01-04 23:36:00,1.17066,1.17071,1.1706200000000002,1.1706200000000002,1.17081,1.17085,1.17075,1.17077,46
2026-01-04 23:37:00,1.1706200000000002,1.17071,1.1706200000000002,1.17071,1.17077,1.17085,1.17076,1.17085,30
2026-01-04 23:38:00,1.17071,1.1707200000000002,1.17056,1.17056,1.17085,1.17086,1.17071,1.17071,31
2026-01-04 23:39:00,1.17056,1.1706,1.17054,1.1705800000000002,1.17071,1.17073,1.17068,1.17071,21
2026-01-04 23:40:00,1.1705800000000002,1.1705800000000002,1.17052,1.17052,1.17071,1.17072,1.17066,1.17066,27
2026-01-04 23:41:00,1.17052,1.17052,1.1704500000000002,1.1704500000000002,1.17066,1.17066,1.17059,1.17059,47
2026-01-04 23:42:00,1.1704500000000002,1.17047,1.17032,1.17033,1.17059,1.17059,1.17046,1.17047,36
2026-01-04 23:43:00,1.17033,1.1703400000000002,1.1702100000000002,1.17025,1.17047,1.17048,1.17035,1.17038,64
2026-01-04 23:44:00,1.17025,1.1703800000000002,1.17025,1.17037,1.17038,1.1705,1.17038,1.1705,35
2026-01-04 23:45:00,1.17037,1.1705500000000002,1.17025,1.1705500000000002,1.1705,1.17067,1.17037,1.17067,103
2026-01-04 23:46:00,1.1705500000000002,1.1706,1.1705,1.1706,1.17067,1.17073,1.17063,1.17073,84
2026-01-04 23:47:00,1.1706,1.1706800000000002,1.17059,1.17066,1.17073,1.17081,1.17072,1.17079,67
2026-01-04 23:48:00,1.17066,1.17066,1.17036,1.17042,1.17079,1.17079,1.17049,1.17054,54
2026-01-04 23:49:00,1.17042,1.1706200000000002,1.17042,1.1706200000000002,1.17054,1.17074,1.17054,1.17074,93
2026-01-04 23:50:00,1.1706200000000002,1.1707500000000002,1.1705800000000002,1.17059,1.17074,1.17088,1.17071,1.17072,91
2026-01-04 23:51:00,1.17059,1.1706100000000002,1.1705100000000002,1.17053,1.17072,1.17074,1.17065,1.17066,55
2026-01-04 23:52:00,1.17053,1.1705500000000002,1.17039,1.17042,1.17066,1.17067,1.17052,1.17056,93
2026-01-04 23:53:00,1.17042,1.1704500000000002,1.17036,1.17036,1.17056,1.17058,1.17048,1.17048,84
2026-01-04 23:54:00,1.17036,1.17042,1.17032,1.1704100000000002,1.17048,1.17055,1.17046,1.17055,81
2026-01-04 23:55:00,1.1704100000000002,1.1704100000000002,1.17018,1.1703,1.17055,1.17055,1.17032,1.17045,94
2026-01-04 23:56:00,1.1703,1.17037,1.1702800000000002,1.1703400000000002,1.17045,1.17051,1.17043,1.17049,53
2026-01-04 23:57:00,1.1703400000000002,1.1704,1.17033,1.17035,1.17049,1.17054,1.17047,1.17048,70
2026-01-04 23:58:00,1.17035,1.17053,1.17033,1.17052,1.17048,1.17067,1.17047,1.17066,78
2026-01-04 23:59:00,1.17052,1.17054,1.1704500000000002,1.17047,1.17066,1.17068,1.17059,1.17061,37
2026-01-05 00:00:00,1.17047,1.1707,1.1704100000000002,1.1705800000000002,1.17061,1.17086,1.17055,1.17072,166
2026-01-05 00:01:00,1.1705800000000002,1.1706,1.17036,1.17049,1.17072,1.17074,1.1705,1.17064,256
2026-01-05 00:02:00,1.17049,1.1707200000000002,1.1704800000000002,1.1706200000000002,1.17064,1.17085,1.17062,1.17076,220
2026-01-05 00:03:00,1.1706200000000002,1.1708900000000002,1.17057,1.17077,1.17076,1.17104,1.1707,1.1709,198
2026-01-05 00:04:00,1.17077,1.1708,1.17064,1.1708,1.1709,1.17092,1.17076,1.17092,195
2026-01-05 00:05:00,1.1708,1.1709200000000002,1.17077,1.1708200000000002,1.17092,1.17106,1.17089,1.17095,150
2026-01-05 00:06:00,1.1708200000000002,1.17084,1.17049,1.17049,1.17095,1.17096,1.17062,1.17062,206
2026-01-05 00:07:00,1.17049,1.17053,1.1703800000000002,1.17042,1.17062,1.17067,1.17052,1.17056,187
2026-01-05 00:08:00,1.17042,1.17054,1.17042,1.1704800000000002,1.17056,1.17067,1.17055,1.17063,134
2026-01-05 00:09:00,1.1704800000000002,1.17076,1.17047,1.17076,1.17063,1.17089,1.17061,1.17089,153
2026-01-05 00:10:00,1.17076,1.1709,1.17067,1.1706800000000002,1.17089,1.17103,1.1708,1.17081,229
2026-01-05 00:11:00,1.1706800000000002,1.1709500000000002,1.17059,1.17093,1.17081,1.17109,1.17071,1.17109,209
2026-01-05 00:12:00,1.17093,1.17094,1.1707800000000002,1.1708500000000002,1.17109,1.17109,1.17092,1.17098,143
2026-01-05 00:13:00,1.1708500000000002,1.1709200000000002,1.1708,1.1708200000000002,1.17098,1.17105,1.17093,1.17094,128
2026-01-05 00:14:00,1.1708200000000002,1.17084,1.17073,1.17074,1.17094,1.17099,1.17085,1.17086,94
2026-01-05 00:15:00,1.17074,1.1707500000000002,1.1705,1.1705800000000002,1.17086,1.17088,1.17065,1.17071,219
2026-01-05 00:16:00,1.1705800000000002,1.17071,1.17052,1.17057,1.17071,1.17085,1.17064,1.1707,231
2026-01-05 00:17:00,1.17057,1.1707500000000002,1.17053,1.17074,1.1707,1.17087,1.17066,1.17087,187
2026-01-05 00:18:00,1.17074,1.1708,1.17074,1.17076,1.17087,1.17093,1.17087,1.17088,106
2026-01-05 00:19:00,1.17076,1.1707800000000002,1.17074,1.17077,1.17088,1.17092,1.17088,1.1709,27
2026-01-05 00:20:00,1.17077,1.17083,1.1707,1.17079,1.1709,1.17095,1.17083,1.17091,87
2026-01-05 00:21:00,1.17079,1.17093,1.17074,1.1708900000000002,1.17091,1.17107,1.17086,1.17101,184
2026-01-05 00:22:00,1.1708900000000002,1.17094,1.17077,1.1708,1.17101,1.17108,1.17089,1.17093,133
2026-01-05 00:23:00,1.1708,1.17096,1.17077,1.17094,1.17093,1.1711,1.17091,1.17108,84
2026-01-05 00:24:00,1.17094,1.17094,1.17088,1.17088,1.17108,1.17108,1.17101,1.17101,62
2026-01-05 00:25:00,1.17088,1.17097,1.17088,1.17096,1.17101,1.17111,1.17101,1.17109,94
2026-01-05 00:26:00,1.17096,1.17105,1.17088,1.1708900000000002,1.17109,1.17118,1.17101,1.17102,87
2026-01-05 00:27:00,1.1708900000000002,1.17093,1.17086,1.17093,1.17102,1.17107,1.17098,1.17106,87
2026-01-05 00:28:00,1.17093,1.17093,1.1707200000000002,1.17074,1.17106,1.17106,1.17086,1.17088,58
2026-01-05 00:29:00,1.17074,1.17076,1.17067,1.1707,1.17088,1.17089,1.1708,1.17084,77
2026-01-05 00:30:00,1.1707,1.17083,1.17069,1.1708200000000002,1.17084,1.17097,1.17082,1.17096,103
2026-01-05 00:31:00,1.1708200000000002,1.17084,1.17064,1.17079,1.17096,1.17097,1.17078,1.17093,111
2026-01-05 00:32:00,1.17079,1.17096,1.1707500000000002,1.1709,1.17093,1.17109,1.17089,1.17103,68
2026-01-05 00:33:00,1.1709,1.17091,1.1708500000000002,1.17087,1.17103,1.17104,1.17099,1.171,79
2026-01-05 00:34:00,1.17087,1.1708900000000002,1.1708500000000002,1.17086,1.171,1.17103,1.17098,1.171,81
2026-01-05 00:35:00,1.17086,1.17086,1.1706200000000002,1.1706200000000002,1.171,1.171,1.17075,1.17076,127
2026-01-05 00:36:00,1.1706200000000002,1.1706800000000002,1.1706,1.1706500000000002,1.17076,1.17082,1.17073,1.17078,128
2026-01-05 00:37:00,1.1706500000000002,1.1707500000000002,1.17063,1.17069,1.17078,1.17089,1.17076,1.17083,144
2026-01-05 00:38:00,1.17069,1.17071,1.1706200000000002,1.17063,1.17083,1.17084,1.17075,1.17077,77
2026-01-05 00:39:00,1.17063,1.17064,1.1706100000000002,1.1706200000000002,1.17077,1.17078,1.17075,1.17076,55
2026-01-05 00:40:00,1.1706200000000002,1.17063,1.17047,1.1705500000000002,1.17076,1.17077,1.1706,1.17069,154
2026-01-05 00:41:00,1.1705500000000002,1.1705800000000002,1.1705,1.1705,1.17069,1.17072,1.17063,1.17063,72
2026-01-05 00:42:00,1.1705,1.17059,1.17046,1.1705800000000002,1.17063,1.17072,1.1706,1.17072,78
2026-01-05 00:43:00,1.1705800000000002,1.1706100000000002,1.17054,1.1705800000000002,1.17072,1.17074,1.17068,1.17072,82
2026-01-05 00:44:00,1.1705800000000002,1.1706500000000002,1.1705800000000002,1.17064,1.17072,1.17079,1.17072,1.17078,52
2026-01-05 00:45:00,1.17064,1.17066,1.17059,1.1706500000000002,1.17078,1.1708,1.17073,1.17079,59
2026-01-05 00:46:00,1.1706500000000002,1.17079,1.1706500000000002,1.17074,1.17079,1.17093,1.17079,1.17088,85
2026-01-05 00:47:00,1.17074,1.17076,1.1707,1.17074,1.17088,1.1709,1.17083,1.17086,84
2026-01-05 00:48:00,1.17074,1.17076,1.1706500000000002,1.1707200000000002,1.17086,1.17089,1.17077,1.17086,104
2026-01-05 00:49:00,1.1707200000000002,1.17076,1.1706500000000002,1.1707,1.17086,1.17089,1.17079,1.17083,96
2026-01-05 00:50:00,1.1707,1.17073,1.17064,1.17066,1.17083,1.17086,1.17077,1.1708,90
2026-01-05 00:51:00,1.17066,1.17071,1.17064,1.17069,1.1708,1.17085,1.17077,1.17081,105
2026-01-05 00:52:00,1.17069,1.17069,1.1704500000000002,1.17046,1.17081,1.17082,1.17059,1.1706,129
2026-01-05 00:53:00,1.17046,1.17049,1.17039,1.17042,1.1706,1.17063,1.17053,1.17055,83
2026-01-05 00:54:00,1.17042,1.17044,1.1703,1.17032,1.17055,1.17058,1.17043,1.17046,155
2026-01-05 00:55:00,1.17032,1.1703800000000002,1.1703,1.17036,1.17046,1.17052,1.17045,1.1705,105
2026-01-05 00:56:00,1.17036,1.17039,1.1703400000000002,1.1703800000000002,1.1705,1.17053,1.17047,1.17052,71
2026-01-05 00:57:00,1.1703800000000002,1.17057,1.1703800000000002,1.1705100000000002,1.17052,1.17071,1.17052,1.17064,89
2026-01-05 00:58:00,1.1705100000000002,1.1705500000000002,1.1704100000000002,1.17042,1.17064,1.17068,1.17054,1.17055,118
2026-01-05 00:59:00,1.17042,1.17049,1.1704100000000002,1.17044,1.17055,1.17062,1.17054,1.17058,103
2026-01-05 01:00:00,1.17044,1.17044,1.17022,1.1702400000000002,1.17058,1.17058,1.17034,1.17037,259
2026-01-05 01:01:00,1.1702400000000002,1.1705100000000002,1.17022,1.17043,1.17037,1.17064,1.17036,1.17057,215
2026-01-05 01:02:00,1.17043,1.17046,1.17019,1.17023,1.17057,1.1706,1.17032,1.17037,164
2026-01-05 01:03:00,1.17023,1.1703100000000002,1.1702,1.1702,1.17037,1.17044,1.17032,1.17033,103
2026-01-05 01:04:00,1.1702,1.17027,1.17005,1.17012,1.17033,1.17041,1.1702,1.17026,113
2026-01-05 01:05:00,1.17012,1.17015,1.16999,1.17005,1.17026,1.17028,1.17012,1.17017,125
2026-01-05 01:06:00,1.17005,1.1702800000000002,1.1700400000000002,1.17019,1.17017,1.17043,1.17017,1.17032,188
2026-01-05 01:07:00,1.17019,1.17025,1.17006,1.17023,1.17032,1.17039,1.17018,1.17037,232
2026-01-05 01:08:00,1.17023,1.1704,1.17023,1.17036,1.17037,1.17055,1.17037,1.17049,183
2026-01-05 01:09:00,1.17036,1.17042,1.17032,1.17042,1.17049,1.17056,1.17045,1.17055,98
2026-01-05 01:10:00,1.17042,1.1706200000000002,1.1704,1.1705800000000002,1.17055,1.17075,1.17053,1.17071,171
2026-01-05 01:11:00,1.1705800000000002,1.1706100000000002,1.17049,1.17049,1.17071,1.17074,1.17063,1.17063,97
2026-01-05 01:12:00,1.17049,1.17049,1.1703800000000002,1.1703800000000002,1.17063,1.17063,1.17051,1.17051,79
2026-01-05 01:13:00,1.1703800000000002,1.1703800000000002,1.17022,1.17022,1.17051,1.17051,1.17034,1.17036,101
2026-01-05 01:14:00,1.17022,1.17029,1.1702,1.1702800000000002,1.17036,1.17042,1.17034,1.17042,76
2026-01-05 01:15:00,1.1702800000000002,1.1703400000000002,1.1702,1.1703400000000002,1.17042,1.17048,1.17034,1.17048,201
2026-01-05 01:16:00,1.1703400000000002,1.17049,1.17033,1.17044,1.17048,1.17061,1.17045,1.17056,134
2026-01-05 01:17:00,1.17044,1.1704800000000002,1.1703800000000002,1.17039,1.17056,1.17061,1.1705,1.17051,118
2026-01-05 01:18:00,1.17039,1.17043,1.17036,1.17043,1.17051,1.17056,1.17048,1.17055,43
2026-01-05 01:19:00,1.17043,1.17049,1.17033,1.17033,1.17055,1.17063,1.17046,1.17046,64
2026-01-05 01:20:00,1.17033,1.1705500000000002,1.17032,1.17052,1.17046,1.17068,1.17045,1.17065,150
2026-01-05 01:21:00,1.17052,1.17063,1.17049,1.17063,1.17065,1.17076,1.17063,1.17076,91
2026-01-05 01:22:00,1.17063,1.17064,1.1704,1.17049,1.17076,1.17077,1.17053,1.17061,123
2026-01-05 01:23:00,1.17049,1.17067,1.17049,1.17067,1.17061,1.1708,1.17061,1.1708,107
2026-01-05 01:24:00,1.17067,1.1706800000000002,1.1703400000000002,1.1703800000000002,1.1708,1.17081,1.17049,1.17052,142
2026-01-05 01:25:00,1.1703800000000002,1.17044,1.17033,1.1703400000000002,1.17052,1.17058,1.17046,1.17046,104
2026-01-05 01:26:00,1.1703400000000002,1.17036,1.1701700000000002,1.1701700000000002,1.17046,1.17048,1.1703,1.1703,114
2026-01-05 01:27:00,1.1701700000000002,1.17022,1.1701400000000002,1.17018,1.1703,1.17035,1.17028,1.17031,90
2026-01-05 01:28:00,1.17018,1.1703100000000002,1.17015,1.1702100000000002,1.17031,1.17044,1.17029,1.17034,102
2026-01-05 01:29:00,1.1702100000000002,1.1702100000000002,1.1701100000000002,1.1701400000000002,1.17034,1.17034,1.17024,1.17028,47
2026-01-05 01:30:00,1.1701400000000002,1.17019,1.17008,1.1701400000000002,1.17028,1.17032,1.17023,1.17027,113
2026-01-05 01:31:00,1.1701400000000002,1.17019,1.17009,1.17013,1.17027,1.17033,1.17023,1.17027,134
2026-01-05 01:32:00,1.17013,1.1702800000000002,1.17012,1.1702,1.17027,1.1704,1.17025,1.17033,124
2026-01-05 01:33:00,1.1702,1.17025,1.1701700000000002,1.17022,1.17033,1.17037,1.17031,1.17036,77
2026-01-05 01:34:00,1.17022,1.1702800000000002,1.17013,1.17013,1.17036,1.17041,1.17026,1.17026,72
2026-01-05 01:35:00,1.17013,1.17022,1.1701,1.1701400000000002,1.17026,1.17034,1.17023,1.17027,87
2026-01-05 01:36:00,1.1701400000000002,1.17035,1.17013,1.17033,1.17027,1.17048,1.17027,1.17046,110
2026-01-05 01:37:00,1.17033,1.1703800000000002,1.1703100000000002,1.1703800000000002,1.17046,1.17052,1.17045,1.17052,66
2026-01-05 01:38:00,1.1703800000000002,1.1705,1.1703400000000002,1.1704800000000002,1.17052,1.17063,1.17048,1.17061,116
2026-01-05 01:39:00,1.1704800000000002,1.1705,1.1704100000000002,1.17044,1.17061,1.17063,1.17055,1.17056,111
2026-01-05 01:40:00,1.17044,1.1704500000000002,1.17033,1.17035,1.17056,1.17058,1.17047,1.17048,112
2026-01-05 01:41:00,1.17035,1.17036,1.1702100000000002,1.17036,1.17048,1.17049,1.17035,1.17048,95
2026-01-05 01:42:00,1.17036,1.17047,1.17035,1.1704500000000002,1.17048,1.17059,1.17048,1.17058,62
2026-01-05 01:43:00,1.1704500000000002,1.1705,1.1704100000000002,1.17049,1.17058,1.17062,1.17054,1.17061,58
2026-01-05 01:44:00,1.17049,1.1705100000000002,1.17044,1.1704800000000002,1.17061,1.17063,1.17057,1.17062,47
2026-01-05 01:45:00,1.1704800000000002,1.17054,1.1704,1.1704,1.17062,1.17067,1.17053,1.17053,93
2026-01-05 01:46:00,1.1704,1.17043,1.17035,1.17042,1.17053,1.17057,1.17049,1.17056,127
2026-01-05 01:47:00,1.17042,1.1705,1.17037,1.1704800000000002,1.17056,1.17063,1.17051,1.17061,55
2026-01-05 01:48:00,1.1704800000000002,1.17049,1.1704,1.17047,1.17061,1.17063,1.17053,1.17061,74
2026-01-05 01:49:00,1.17047,1.17049,1.1702800000000002,1.1703100000000002,1.17061,1.17061,1.17041,1.17043,60
2026-01-05 01:50:00,1.1703100000000002,1.1703100000000002,1.17019,1.17022,1.17043,1.17043,1.17032,1.17035,59
2026-01-05 01:51:00,1.17022,1.17032,1.17022,1.1702800000000002,1.17035,1.17046,1.17035,1.1704,76
2026-01-05 01:52:00,1.1702800000000002,1.1703,1.17022,1.17022,1.1704,1.17043,1.17035,1.17035,80
2026-01-05 01:53:00,1.17022,1.17022,1.1700700000000002,1.1701100000000002,1.17035,1.17035,1.1702,1.17025,103
2026-01-05 01:54:00,1.1701100000000002,1.1702,1.1701,1.17012,1.17025,1.17034,1.17022,1.17024,124
2026-01-05 01:55:00,1.17012,1.17012,1.17002,1.17003,1.17024,1.17025,1.17015,1.17016,139
2026-01-05 01:56:00,1.17003,1.1700400000000002,1.16993,1.16995,1.17016,1.17018,1.17006,1.17007,118
2026-01-05 01:57:00,1.16995,1.1700000000000002,1.16991,1.1699400000000002,1.17007,1.17013,1.17004,1.17007,82
2026-01-05 01:58:00,1.1699400000000002,1.16999,1.1699000000000002,1.16995,1.17007,1.17013,1.17004,1.17008,136
2026-01-05 01:59:00,1.16995,1.16999,1.16993,1.1699700000000002,1.17008,1.17013,1.17007,1.1701,132
2026-01-05 02:00:00,1.1699700000000002,1.17008,1.16995,1.17003,1.1701,1.17021,1.17008,1.17016,175
2026-01-05 02:01:00,1.17003,1.1701,1.16993,1.16995,1.17016,1.17024,1.17007,1.17009,134
2026-01-05 02:02:00,1.16995,1.16995,1.1698400000000002,1.16991,1.17009,1.17009,1.16998,1.17005,149
2026-01-05 02:03:00,1.16991,1.1701,1.1699000000000002,1.17005,1.17005,1.17023,1.17002,1.17018,118
2026-01-05 02:04:00,1.17005,1.17009,1.1699000000000002,1.1699000000000002,1.17018,1.17023,1.17003,1.17004,144
2026-01-05 02:05:00,1.1699000000000002,1.16995,1.16985,1.16988,1.17004,1.17008,1.16999,1.17002,100
2026-01-05 02:06:00,1.16988,1.16988,1.16945,1.16947,1.17002,1.17002,1.16959,1.16961,145
2026-01-05 02:07:00,1.16947,1.16951,1.16938,1.1693900000000002,1.16961,1.16964,1.16952,1.16952,121
2026-01-05 02:08:00,1.1693900000000002,1.16954,1.16938,1.16952,1.16952,1.16968,1.16951,1.16966,117
2026-01-05 02:09:00,1.16952,1.16958,1.16952,1.1695600000000002,1.16966,1.16971,1.16966,1.1697,69
2026-01-05 02:10:00,1.1695600000000002,1.16957,1.1695000000000002,1.16954,1.1697,1.16971,1.16964,1.16966,98
2026-01-05 02:11:00,1.16954,1.16969,1.16952,1.16968,1.16966,1.16981,1.16965,1.16981,100
2026-01-05 02:12:00,1.16968,1.1697300000000002,1.16957,1.16959,1.16981,1.16987,1.16971,1.16973,110
2026-01-05 02:13:00,1.16959,1.1696700000000002,1.1695600000000002,1.16965,1.16973,1.16981,1.1697,1.16979,70
2026-01-05 02:14:00,1.16965,1.16968,1.16962,1.16968,1.16979,1.16981,1.16975,1.16981,60
2026-01-05 02:15:00,1.16968,1.16974,1.16964,1.16972,1.16981,1.16987,1.16978,1.16986,54
2026-01-05 02:16:00,1.16972,1.1697300000000002,1.1696300000000002,1.1696300000000002,1.16986,1.16987,1.16976,1.16977,70
2026-01-05 02:17:00,1.1696300000000002,1.16981,1.1696000000000002,1.1697700000000002,1.16977,1.16995,1.16974,1.1699,108
2026-01-05 02:18:00,1.1697700000000002,1.1698000000000002,1.16964,1.16965,1.1699,1.16994,1.16978,1.16978,99
2026-01-05 02:19:00,1.16965,1.16965,1.16961,1.16964,1.16978,1.16979,1.16974,1.16978,75
2026-01-05 02:20:00,1.16964,1.1697000000000002,1.1696300000000002,1.16969,1.16978,1.16983,1.16976,1.16982,41
2026-01-05 02:21:00,1.16969,1.16969,1.1695300000000002,1.1695300000000002,1.16982,1.16983,1.16966,1.16966,88
2026-01-05 02:22:00,1.1695300000000002,1.1695300000000002,1.16925,1.16927,1.16966,1.16967,1.16939,1.1694,107
2026-01-05 02:23:00,1.16927,1.16941,1.16927,1.16928,1.1694,1.16955,1.1694,1.16941,120
2026-01-05 02:24:00,1.16928,1.1693300000000002,1.16925,1.16928,1.16941,1.16946,1.16939,1.1694,79
2026-01-05 02:25:00,1.16928,1.1693900000000002,1.1692,1.16921,1.1694,1.16952,1.16932,1.16934,166
2026-01-05 02:26:00,1.16921,1.16922,1.16905,1.1691,1.16934,1.16934,1.16918,1.16922,161
2026-01-05 02:27:00,1.1691,1.16915,1.16907,1.16914,1.16922,1.16929,1.1692,1.16926,128
2026-01-05 02:28:00,1.16914,1.1691900000000002,1.16908,1.16911,1.16926,1.1693099999999998,1.16921,1.16923,134
2026-01-05 02:29:00,1.16911,1.1692600000000002,1.16911,1.16924,1.16923,1.16938,1.16923,1.16936,102
2026-01-05 02:30:00,1.16924,1.16924,1.1690900000000002,1.1691,1.16936,1.16936,1.16923,1.16923,131
2026-01-05 02:31:00,1.1691,1.1692300000000002,1.1691,1.16913,1.16923,1.16936,1.16923,1.16926,108
2026-01-05 02:32:00,1.16913,1.16935,1.1691200000000002,1.1692300000000002,1.16926,1.16948,1.16925,1.16936,95
2026-01-05 02:33:00,1.1692300000000002,1.16925,1.16918,1.1691900000000002,1.16936,1.16938,1.1693099999999998,1.16933,50
2026-01-05 02:34:00,1.1691900000000002,1.16921,1.16917,1.1691900000000002,1.16933,1.16934,1.1693,1.16932,44
2026-01-05 02:35:00,1.1691900000000002,1.1691900000000002,1.16886,1.16891,1.16932,1.16932,1.16901,1.16905,173
2026-01-05 02:36:00,1.16891,1.169,1.1688500000000002,1.16886,1.16905,1.16914,1.16898,1.16898,145
2026-01-05 02:37:00,1.16886,1.16886,1.16856,1.16864,1.16898,1.16899,1.16869,1.16877,254
2026-01-05 02:38:00,1.16864,1.16864,1.1685100000000002,1.1685800000000002,1.16877,1.16878,1.16864,1.16872,191
2026-01-05 02:39:00,1.1685800000000002,1.16867,1.16857,1.16866,1.16872,1.1688,1.1687,1.1688,91
2026-01-05 02:40:00,1.16866,1.16867,1.1684500000000002,1.16852,1.1688,1.1688,1.16859,1.16866,135
2026-01-05 02:41:00,1.16852,1.16854,1.16846,1.16847,1.16866,1.16868,1.16859,1.16861,115
2026-01-05 02:42:00,1.16847,1.16854,1.16844,1.16854,1.16861,1.16868,1.16858,1.16867,117
2026-01-05 02:43:00,1.16854,1.16859,1.16844,1.1684500000000002,1.16867,1.16872,1.16858,1.16858,89
2026-01-05 02:44:00,1.1684500000000002,1.16854,1.16837,1.16847,1.16858,1.16868,1.16851,1.16862,168
2026-01-05 02:45:00,1.16847,1.16852,1.1683400000000002,1.16842,1.16862,1.16865,1.16847,1.16855,129
2026-01-05 02:46:00,1.16842,1.16843,1.16837,1.16837,1.16855,1.16857,1.16849,1.16849,109
2026-01-05 02:47:00,1.16837,1.16849,1.16836,1.16843,1.16849,1.16862,1.16848,1.16856,131
2026-01-05 02:48:00,1.16843,1.1685100000000002,1.16842,1.1684800000000002,1.16856,1.16866,1.16856,1.16862,121
2026-01-05 02:49:00,1.1684800000000002,1.1684800000000002,1.16839,1.1684500000000002,1.16862,1.16862,1.16852,1.16858,113
2026-01-05 02:50:00,1.1684500000000002,1.1686500000000002,1.16844,1.16863,1.16858,1.16879,1.16858,1.16877,153
2026-01-05 02:51:00,1.16863,1.16869,1.1685800000000002,1.1686500000000002,1.16877,1.16883,1.16871,1.16878,148
2026-01-05 02:52:00,1.1686500000000002,1.1686800000000002,1.1685800000000002,1.16863,1.16878,1.16882,1.16873,1.16876,110
2026-01-05 02:53:00,1.16863,1.1687,1.16863,1.16866,1.16876,1.16883,1.16876,1.16879,124
2026-01-05 02:54:00,1.16866,1.16874,1.16866,1.1687,1.16879,1.16888,1.16879,1.16883,139
2026-01-05 02:55:00,1.1687,1.16877,1.1687,1.1687500000000002,1.16883,1.16891,1.16883,1.16889,189
2026-01-05 02:56:00,1.1687500000000002,1.16877,1.1687,1.16871,1.16889,1.16891,1.16883,1.16884,102
2026-01-05 02:57:00,1.16871,1.1687500000000002,1.1686500000000002,1.1687500000000002,1.16884,1.16889,1.16878,1.16889,107
2026-01-05 02:58:00,1.1687500000000002,1.16883,1.1687500000000002,1.16883,1.16889,1.16897,1.16888,1.16897,93
2026-01-05 02:59:00,1.16883,1.16884,1.16877,1.16881,1.16897,1.16897,1.1689,1.16894,128
2026-01-05 03:00:00,1.16881,1.169,1.16879,1.16897,1.16894,1.16914,1.16892,1.1691,173
2026-01-05 03:01:00,1.16897,1.16903,1.1688200000000002,1.16886,1.1691,1.16916,1.16895,1.169,156
2026-01-05 03:02:00,1.16886,1.16888,1.16874,1.16883,1.169,1.16902,1.16887,1.16897,126
2026-01-05 03:03:00,1.16883,1.1689900000000002,1.16879,1.16896,1.16897,1.16913,1.16893,1.16908,149
2026-01-05 03:04:00,1.16896,1.1689900000000002,1.16886,1.16897,1.16908,1.16912,1.16899,1.16909,138
2026-01-05 03:05:00,1.16897,1.1689900000000002,1.1688200000000002,1.1688200000000002,1.16909,1.16912,1.16894,1.16894,97
2026-01-05 03:06:00,1.1688200000000002,1.1688200000000002,1.16871,1.16877,1.16894,1.16894,1.16885,1.1689,118
2026-01-05 03:07:00,1.16877,1.16879,1.16871,1.1687200000000002,1.1689,1.16893,1.16885,1.16885,83
2026-01-05 03:08:00,1.1687200000000002,1.1687200000000002,1.16861,1.1686200000000002,1.16885,1.16886,1.16874,1.16875,168
2026-01-05 03:09:00,1.1686200000000002,1.1686200000000002,1.16842,1.16854,1.16875,1.16875,1.16855,1.16868,185
2026-01-05 03:10:00,1.16854,1.16854,1.16836,1.1684,1.16868,1.16868,1.16849,1.16854,127
2026-01-05 03:11:00,1.1684,1.1684,1.16829,1.1683,1.16854,1.16854,1.16843,1.16844,97
2026-01-05 03:12:00,1.1683,1.1684100000000002,1.1683,1.16839,1.16844,1.16855,1.16844,1.16853,79
2026-01-05 03:13:00,1.16839,1.16839,1.16819,1.1683400000000002,1.16853,1.16853,1.16833,1.16848,115
2026-01-05 03:14:00,1.1683400000000002,1.16835,1.1682400000000002,1.16825,1.16848,1.16849,1.16837,1.16838,74
2026-01-05 03:15:00,1.16825,1.16829,1.1682,1.16822,1.16838,1.16843,1.16835,1.16836,103
2026-01-05 03:16:00,1.16822,1.1682400000000002,1.1681400000000002,1.16815,1.16836,1.16839,1.16828,1.16828,67
2026-01-05 03:17:00,1.16815,1.16823,1.1681100000000002,1.1682,1.16828,1.16836,1.16823,1.16835,112
2026-01-05 03:18:00,1.1682,1.1682100000000002,1.1681,1.16812,1.16835,1.16835,1.16823,1.16825,117
2026-01-05 03:19:00,1.16812,1.16815,1.16809,1.16809,1.16825,1.16829,1.16823,1.16823,65
2026-01-05 03:20:00,1.16809,1.1681,1.1680400000000002,1.1680700000000002,1.16823,1.16824,1.16817,1.16819,99
2026-01-05 03:21:00,1.1680700000000002,1.1680700000000002,1.1678400000000002,1.16795,1.16819,1.1682,1.16798,1.16808,189
2026-01-05 03:22:00,1.16795,1.16796,1.16785,1.16785,1.16808,1.1681,1.16798,1.16798,102
2026-01-05 03:23:00,1.16785,1.16786,1.1677700000000002,1.16778,1.16798,1.168,1.1679,1.16791,96
2026-01-05 03:24:00,1.16778,1.16778,1.16731,1.1673300000000002,1.16791,1.16792,1.16746,1.16747,193
2026-01-05 03:25:00,1.1673300000000002,1.1674600000000002,1.16727,1.16727,1.16747,1.1676,1.1674,1.1674,148
2026-01-05 03:26:00,1.16727,1.1672900000000002,1.16718,1.16724,1.1674,1.16743,1.16732,1.16738,180
2026-01-05 03:27:00,1.16724,1.16728,1.16717,1.16724,1.16738,1.16743,1.16731,1.16737,99
2026-01-05 03:28:00,1.16724,1.1673600000000002,1.1671900000000002,1.1672900000000002,1.16737,1.16749,1.16733,1.16744,139
2026-01-05 03:29:00,1.1672900000000002,1.16734,1.16727,1.1673,1.16744,1.16747,1.16741,1.16745,88
2026-01-05 03:30:00,1.1673,1.1673,1.1671900000000002,1.1672,1.16745,1.16745,1.16732,1.16733,83
2026-01-05 03:31:00,1.1672,1.16725,1.1671900000000002,1.1671900000000002,1.16733,1.16739,1.16732,1.16733,71
2026-01-05 03:32:00,1.1671900000000002,1.16727,1.1671900000000002,1.16725,1.16733,1.16741,1.16733,1.16739,83
2026-01-05 03:33:00,1.16725,1.1672600000000002,1.1672,1.16725,1.16739,1.1674,1.16734,1.16739,84
2026-01-05 03:34:00,1.16725,1.1672600000000002,1.1671600000000002,1.1672,1.16739,1.1674,1.16728,1.16734,139
2026-01-05 03:35:00,1.1672,1.16737,1.1672,1.1673600000000002,1.16734,1.16751,1.16734,1.1675,93
2026-01-05 03:36:00,1.1673600000000002,1.1674600000000002,1.16732,1.16732,1.1675,1.1676,1.16745,1.16746,156
2026-01-05 03:37:00,1.16732,1.16737,1.16722,1.1672600000000002,1.16746,1.1675,1.16736,1.1674,122
2026-01-05 03:38:00,1.1672600000000002,1.16731,1.16725,1.16731,1.1674,1.16745,1.16738,1.16745,110
2026-01-05 03:39:00,1.16731,1.1674300000000002,1.16731,1.1674000000000002,1.16745,1.16757,1.16745,1.16754,113
2026-01-05 03:40:00,1.1674000000000002,1.1675000000000002,1.16731,1.16747,1.16754,1.16764,1.16744,1.16761,103
2026-01-05 03:41:00,1.16747,1.16748,1.16742,1.16744,1.16761,1.16762,1.16756,1.16758,73
2026-01-05 03:42:00,1.16744,1.16757,1.16742,1.16748,1.16758,1.16771,1.16756,1.16762,76
2026-01-05 03:43:00,1.16748,1.1675000000000002,1.16744,1.16747,1.16762,1.16763,1.16756,1.1676,70
2026-01-05 03:44:00,1.16747,1.16751,1.1674000000000002,1.16747,1.1676,1.16764,1.16753,1.16761,76
2026-01-05 03:45:00,1.16747,1.16748,1.16744,1.16744,1.16761,1.16761,1.16757,1.16758,44
2026-01-05 03:46:00,1.16744,1.16747,1.16741,1.16747,1.16758,1.16761,1.16753,1.1676,41
2026-01-05 03:47:00,1.16747,1.16748,1.16737,1.16745,1.1676,1.16762,1.1675,1.16757,61
2026-01-05 03:48:00,1.16745,1.1674600000000002,1.1674300000000002,1.16744,1.16757,1.16759,1.16756,1.16757,37
2026-01-05 03:49:00,1.16744,1.16754,1.16744,1.1675300000000002,1.16757,1.16767,1.16757,1.16767,74
2026-01-05 03:50:00,1.1675300000000002,1.1676000000000002,1.1675300000000002,1.16759,1.16767,1.16774,1.16766,1.16772,52
2026-01-05 03:51:00,1.16759,1.1677700000000002,1.16758,1.16768,1.16772,1.16791,1.16771,1.16782,90
2026-01-05 03:52:00,1.16768,1.16768,1.1676300000000002,1.1676300000000002,1.16782,1.16782,1.16776,1.16777,39
2026-01-05 03:53:00,1.1676300000000002,1.16774,1.1676300000000002,1.1677300000000002,1.16777,1.16787,1.16776,1.16786,81
2026-01-05 03:54:00,1.1677300000000002,1.1677300000000002,1.16764,1.16764,1.16786,1.16786,1.16777,1.16777,46
2026-01-05 03:55:00,1.16764,1.16765,1.16757,1.16757,1.16777,1.16778,1.1677,1.1677,70
2026-01-05 03:56:00,1.16757,1.1676300000000002,1.1675600000000002,1.16758,1.1677,1.16776,1.1677,1.16771,52
2026-01-05 03:57:00,1.16758,1.16765,1.16757,1.16761,1.16771,1.16778,1.1677,1.16774,43
2026-01-05 03:58:00,1.16761,1.16762,1.16748,1.16752,1.16774,1.16775,1.16761,1.16766,93
2026-01-05 03:59:00,1.16752,1.16755,1.16747,1.16747,1.16766,1.16769,1.1676,1.16761,81
2026-01-05 04:00:00,1.16747,1.16748,1.16735,1.16745,1.16761,1.16762,1.16749,1.16759,137
2026-01-05 04:01:00,1.16745,1.16769,1.16737,1.16755,1.16759,1.16782,1.16751,1.1677,168
2026-01-05 04:02:00,1.16755,1.1675600000000002,1.1674300000000002,1.16748,1.1677,1.1677,1.16756,1.16762,116
2026-01-05 04:03:00,1.16748,1.16751,1.16742,1.1674600000000002,1.16762,1.16765,1.16756,1.1676,51
2026-01-05 04:04:00,1.1674600000000002,1.16759,1.16737,1.1675600000000002,1.1676,1.16772,1.16751,1.16769,127
2026-01-05 04:05:00,1.1675600000000002,1.1676000000000002,1.16755,1.16758,1.16769,1.16772,1.16769,1.16772,36
2026-01-05 04:06:00,1.16758,1.1677300000000002,1.1675600000000002,1.1676300000000002,1.16772,1.16787,1.16771,1.16776,79
2026-01-05 04:07:00,1.1676300000000002,1.16772,1.16758,1.1676700000000002,1.16776,1.16786,1.16771,1.16782,126
2026-01-05 04:08:00,1.1676700000000002,1.1677300000000002,1.1676700000000002,1.16771,1.16782,1.16787,1.16782,1.16785,56
2026-01-05 04:09:00,1.16771,1.16772,1.16761,1.16761,1.16785,1.16785,1.16775,1.16775,101
2026-01-05 04:10:00,1.16761,1.16762,1.1674600000000002,1.16747,1.16775,1.16775,1.16759,1.16761,55
2026-01-05 04:11:00,1.16747,1.1675000000000002,1.1674600000000002,1.16747,1.16761,1.16763,1.1676,1.16761,30
2026-01-05 04:12:00,1.16747,1.16757,1.1674600000000002,1.16752,1.16761,1.16771,1.1676,1.16764,79
2026-01-05 04:13:00,1.16752,1.1675600000000002,1.1674600000000002,1.16748,1.16764,1.16768,1.1676,1.16762,54
2026-01-05 04:14:00,1.16748,1.16752,1.1674600000000002,1.16751,1.16762,1.16767,1.16761,1.16767,83
2026-01-05 04:15:00,1.16751,1.16752,1.16748,1.16751,1.16767,1.16767,1.16763,1.16765,58
2026-01-05 04:16:00,1.16751,1.16772,1.16751,1.1676700000000002,1.16765,1.16787,1.16765,1.16782,115
2026-01-05 04:17:00,1.1676700000000002,1.1677700000000002,1.1676700000000002,1.16772,1.16782,1.16792,1.16782,1.16788,52
2026-01-05 04:18:00,1.16772,1.16774,1.16771,1.16771,1.16788,1.16788,1.16783,1.16783,43
2026-01-05 04:19:00,1.16771,1.16771,1.16762,1.1676300000000002,1.16783,1.16783,1.16775,1.16776,51
2026-01-05 04:20:00,1.1676300000000002,1.16766,1.16754,1.16754,1.16776,1.16779,1.16768,1.16769,104
2026-01-05 04:21:00,1.16754,1.16757,1.1674600000000002,1.16749,1.16769,1.1677,1.1676,1.16762,99
2026-01-05 04:22:00,1.16749,1.1675300000000002,1.16747,1.16747,1.16762,1.16768,1.16762,1.16762,39
2026-01-05 04:23:00,1.16747,1.16752,1.16747,1.16749,1.16762,1.16765,1.16762,1.16764,53
2026-01-05 04:24:00,1.16749,1.16759,1.16749,1.16757,1.16764,1.16773,1.16764,1.16771,92
2026-01-05 04:25:00,1.16757,1.16757,1.16747,1.16747,1.16771,1.16771,1.16761,1.16762,78
2026-01-05 04:26:00,1.16747,1.16749,1.16745,1.1674600000000002,1.16762,1.16763,1.16759,1.1676,35
2026-01-05 04:27:00,1.1674600000000002,1.16747,1.16742,1.1674300000000002,1.1676,1.1676,1.16755,1.16757,113
2026-01-05 04:28:00,1.1674300000000002,1.1674600000000002,1.16737,1.16737,1.16757,1.16758,1.16751,1.16751,137
2026-01-05 04:29:00,1.16737,1.16741,1.16737,1.16738,1.16751,1.16754,1.16749,1.1675,78
2026-01-05 04:30:00,1.16738,1.16738,1.1672600000000002,1.16727,1.1675,1.16751,1.16741,1.16742,74
2026-01-05 04:31:00,1.16727,1.16744,1.16727,1.1674300000000002,1.16742,1.16758,1.16742,1.16757,109
2026-01-05 04:32:00,1.1674300000000002,1.16748,1.16737,1.16738,1.16757,1.16761,1.16752,1.16752,68
2026-01-05 04:33:00,1.16738,1.1675600000000002,1.16738,1.16755,1.16752,1.16769,1.16752,1.16769,80
2026-01-05 04:34:00,1.16755,1.16766,1.16754,1.16757,1.16769,1.1678,1.16768,1.16772,97
2026-01-05 04:35:00,1.16757,1.1676300000000002,1.1675600000000002,1.1676300000000002,1.16772,1.16777,1.1677,1.16777,77
2026-01-05 04:36:00,1.1676300000000002,1.1677300000000002,1.16759,1.16769,1.16777,1.16787,1.16773,1.16782,68
2026-01-05 04:37:00,1.16769,1.16772,1.1676700000000002,1.16768,1.16782,1.16786,1.16781,1.16783,51
2026-01-05 04:38:00,1.16768,1.16783,1.16768,1.1678000000000002,1.16783,1.16797,1.16782,1.16795,65
2026-01-05 04:39:00,1.1678000000000002,1.1678400000000002,1.1676700000000002,1.1677000000000002,1.16795,1.16798,1.1678,1.16783,84
2026-01-05 04:40:00,1.1677000000000002,1.16786,1.1677000000000002,1.1678000000000002,1.16783,1.168,1.16783,1.16793,115
2026-01-05 04:41:00,1.1678000000000002,1.16793,1.1678000000000002,1.1679000000000002,1.16793,1.16805,1.16793,1.16803,96
2026-01-05 04:42:00,1.1679000000000002,1.1679000000000002,1.16783,1.1678700000000002,1.16803,1.16803,1.16796,1.168,68
2026-01-05 04:43:00,1.1678700000000002,1.16792,1.1678000000000002,1.16783,1.168,1.16805,1.16794,1.16795,85
2026-01-05 04:44:00,1.16783,1.1678700000000002,1.16778,1.16783,1.16795,1.16801,1.1679,1.16796,95
2026-01-05 04:45:00,1.16783,1.16802,1.16783,1.1680100000000002,1.16796,1.16816,1.16796,1.16815,136
2026-01-05 04:46:00,1.1680100000000002,1.16803,1.16798,1.16803,1.16815,1.16817,1.16811,1.16816,102
2026-01-05 04:47:00,1.16803,1.16803,1.16792,1.16803,1.16816,1.16817,1.16807,1.16816,100
2026-01-05 04:48:00,1.16803,1.16819,1.16802,1.16818,1.16816,1.16833,1.16815,1.16832,104
2026-01-05 04:49:00,1.16818,1.16818,1.16812,1.16818,1.16832,1.16832,1.16826,1.16831,74
2026-01-05 04:50:00,1.16818,1.16818,1.1681,1.1681100000000002,1.16831,1.16831,1.16824,1.16824,34
2026-01-05 04:51:00,1.1681100000000002,1.1681400000000002,1.1680100000000002,1.1680100000000002,1.16824,1.16827,1.16814,1.16814,64
2026-01-05 04:52:00,1.1680100000000002,1.1680400000000002,1.16795,1.16803,1.16814,1.16818,1.16808,1.16816,53
2026-01-05 04:53:00,1.16803,1.1681,1.16802,1.16808,1.16816,1.16823,1.16815,1.16821,60
2026-01-05 04:54:00,1.16808,1.16813,1.16808,1.16812,1.16821,1.16826,1.16821,1.16826,71
2026-01-05 04:55:00,1.16812,1.1681700000000002,1.1681,1.1681,1.16826,1.16831,1.16823,1.16823,106
2026-01-05 04:56:00,1.1681,1.16823,1.1680700000000002,1.16823,1.16823,1.16836,1.1682,1.16836,96
2026-01-05 04:57:00,1.16823,1.1682400000000002,1.1681700000000002,1.16818,1.16836,1.16838,1.1683,1.16831,98
2026-01-05 04:58:00,1.16818,1.16823,1.16812,1.16813,1.16831,1.16836,1.16826,1.16826,110
2026-01-05 04:59:00,1.16813,1.16818,1.16812,1.1681400000000002,1.16826,1.1683,1.16825,1.16827,43
2026-01-05 05:00:00,1.1681400000000002,1.1681400000000002,1.16802,1.16808,1.16827,1.16827,1.16815,1.16821,68
2026-01-05 05:01:00,1.16808,1.16809,1.16799,1.16799,1.16821,1.16821,1.16812,1.16813,51
2026-01-05 05:02:00,1.16799,1.16809,1.16799,1.1680400000000002,1.16813,1.16824,1.16812,1.16819,56
2026-01-05 05:03:00,1.1680400000000002,1.1681400000000002,1.1680400000000002,1.16813,1.16819,1.16827,1.16816,1.16827,60
2026-01-05 05:04:00,1.16813,1.1681400000000002,1.16803,1.16808,1.16827,1.16828,1.16819,1.16823,66
2026-01-05 05:05:00,1.16808,1.16818,1.16808,1.16809,1.16823,1.16833,1.16823,1.16823,69
2026-01-05 05:06:00,1.16809,1.1681,1.1680100000000002,1.1680100000000002,1.16823,1.16825,1.16815,1.16815,60
2026-01-05 05:07:00,1.1680100000000002,1.16812,1.1680100000000002,1.16812,1.16815,1.16826,1.16814,1.16826,60
2026-01-05 05:08:00,1.16812,1.16813,1.16808,1.1681,1.16826,1.16827,1.16822,1.16824,19
2026-01-05 05:09:00,1.1681,1.16815,1.16809,1.1681400000000002,1.16824,1.16828,1.16823,1.16828,28
2026-01-05 05:10:00,1.1681400000000002,1.1681700000000002,1.16812,1.16816,1.16828,1.16831,1.16827,1.1683,44
2026-01-05 05:11:00,1.16816,1.1681700000000002,1.1681,1.1681400000000002,1.1683,1.1683,1.16824,1.16828,59
2026-01-05 05:12:00,1.1681400000000002,1.16818,1.16813,1.16818,1.16828,1.16833,1.16828,1.16832,41
2026-01-05 05:13:00,1.16818,1.16818,1.1681700000000002,1.16818,1.16832,1.16832,1.16831,1.16831,16
2026-01-05 05:14:00,1.16818,1.16818,1.16812,1.1681400000000002,1.16831,1.16831,1.16827,1.16827,37
2026-01-05 05:15:00,1.1681400000000002,1.1681400000000002,1.1680700000000002,1.16813,1.16827,1.16829,1.16822,1.16827,80
2026-01-05 05:16:00,1.16813,1.16815,1.16812,1.16813,1.16827,1.16829,1.16825,1.16827,43
2026-01-05 05:17:00,1.16813,1.1681700000000002,1.16812,1.1681400000000002,1.16827,1.16831,1.16825,1.16828,43
2026-01-05 05:18:00,1.1681400000000002,1.16822,1.1680700000000002,1.1682100000000002,1.16828,1.16835,1.16821,1.16835,114
2026-01-05 05:19:00,1.1682100000000002,1.16823,1.1682100000000002,1.16822,1.16835,1.16838,1.16835,1.16836,68
2026-01-05 05:20:00,1.16822,1.16827,1.16816,1.1681700000000002,1.16836,1.16841,1.1683,1.1683,74
2026-01-05 05:21:00,1.1681700000000002,1.16822,1.16815,1.16822,1.1683,1.16836,1.16829,1.16835,51
2026-01-05 05:22:00,1.16822,1.16822,1.16818,1.1682,1.16835,1.16836,1.16832,1.16834,38
2026-01-05 05:23:00,1.1682,1.16823,1.1682,1.1682100000000002,1.16834,1.16837,1.16834,1.16835,25
2026-01-05 05:24:00,1.1682100000000002,1.1682100000000002,1.1681400000000002,1.16816,1.16835,1.16835,1.16827,1.1683,34
2026-01-05 05:25:00,1.16816,1.16823,1.16815,1.16822,1.1683,1.16837,1.16828,1.16836,65
2026-01-05 05:26:00,1.16822,1.16833,1.1682,1.16822,1.16836,1.16845,1.16835,1.16836,77
2026-01-05 05:27:00,1.16822,1.16829,1.16819,1.16827,1.16836,1.16842,1.16832,1.1684,66
2026-01-05 05:28:00,1.16827,1.16832,1.16825,1.16826,1.1684,1.16845,1.16839,1.16839,46
2026-01-05 05:29:00,1.16826,1.16832,1.16825,1.1683100000000002,1.16839,1.16846,1.16838,1.16845,70
2026-01-05 05:30:00,1.1683100000000002,1.16833,1.1682800000000002,1.16832,1.16845,1.16846,1.16841,1.16845,50
2026-01-05 05:31:00,1.16832,1.1683400000000002,1.1683,1.16832,1.16845,1.16847,1.16843,1.16846,43
2026-01-05 05:32:00,1.16832,1.16837,1.16829,1.16832,1.16846,1.16851,1.16843,1.16846,73
2026-01-05 05:33:00,1.16832,1.1683400000000002,1.1683100000000002,1.1683400000000002,1.16846,1.16847,1.16845,1.16847,40
2026-01-05 05:34:00,1.1683400000000002,1.1683400000000002,1.1682800000000002,1.1682800000000002,1.16847,1.16847,1.16841,1.16841,65
2026-01-05 05:35:00,1.1682800000000002,1.16837,1.16826,1.16837,1.16841,1.16851,1.1684,1.16851,81
2026-01-05 05:36:00,1.16837,1.16843,1.1683400000000002,1.16842,1.16851,1.16857,1.16848,1.16856,55
2026-01-05 05:37:00,1.16842,1.16843,1.16837,1.16837,1.16856,1.16856,1.16851,1.16852,49
2026-01-05 05:38:00,1.16837,1.1684100000000002,1.16833,1.16837,1.16852,1.16856,1.16847,1.16852,90
2026-01-05 05:39:00,1.16837,1.16839,1.1683100000000002,1.16832,1.16852,1.16854,1.16844,1.16845,31
2026-01-05 05:40:00,1.16832,1.16842,1.16832,1.16842,1.16845,1.16857,1.16845,1.16857,46
2026-01-05 05:41:00,1.16842,1.16843,1.1684100000000002,1.16843,1.16857,1.16858,1.16855,1.16858,12
2026-01-05 05:42:00,1.16843,1.16843,1.1684,1.16842,1.16858,1.16858,1.16854,1.16857,19
2026-01-05 05:43:00,1.16842,1.16844,1.1684100000000002,1.1684100000000002,1.16857,1.16859,1.16856,1.16856,25
2026-01-05 05:44:00,1.1684100000000002,1.16843,1.1684,1.16842,1.16856,1.16857,1.16854,1.16856,30
2026-01-05 05:45:00,1.16842,1.16846,1.1684,1.16842,1.16856,1.1686,1.16854,1.16857,40
2026-01-05 05:46:00,1.16842,1.16842,1.16839,1.16839,1.16857,1.16857,1.16851,1.16851,13
2026-01-05 05:47:00,1.16839,1.16839,1.16836,1.16836,1.16851,1.16852,1.1685,1.16851,20
2026-01-05 05:48:00,1.16836,1.16842,1.16836,1.16836,1.16851,1.16856,1.1685,1.1685,69
2026-01-05 05:49:00,1.16836,1.16843,1.16836,1.1684,1.1685,1.16857,1.1685,1.16854,58
2026-01-05 05:50:00,1.1684,1.16847,1.1684,1.16843,1.16854,1.16861,1.16854,1.16856,79
2026-01-05 05:51:00,1.16843,1.16846,1.16842,1.16842,1.16856,1.1686,1.16855,1.16855,88
2026-01-05 05:52:00,1.16842,1.16844,1.16837,1.16844,1.16855,1.16858,1.1685,1.16856,109
2026-01-05 05:53:00,1.16844,1.16846,1.1684,1.16843,1.16856,1.16858,1.16852,1.16856,84
2026-01-05 05:54:00,1.16843,1.1684500000000002,1.16837,1.1683800000000002,1.16856,1.16857,1.1685,1.1685,51
2026-01-05 05:55:00,1.1683800000000002,1.16854,1.1683400000000002,1.16846,1.1685,1.16866,1.16848,1.16858,171
2026-01-05 05:56:00,1.16846,1.16852,1.1684100000000002,1.16843,1.16858,1.16865,1.16854,1.16855,156
2026-01-05 05:57:00,1.16843,1.16856,1.16837,1.16842,1.16855,1.16869,1.16851,1.16854,176
2026-01-05 05:58:00,1.16842,1.16842,1.16832,1.1684,1.16854,1.16856,1.16846,1.16853,129
2026-01-05 05:59:00,1.1684,1.16854,1.1684,1.1685,1.16853,1.16867,1.16852,1.16862,140
2026-01-05 06:00:00,1.1685,1.16853,1.1683800000000002,1.16849,1.16862,1.16866,1.16852,1.16861,134
2026-01-05 06:01:00,1.16849,1.16859,1.1684800000000002,1.16859,1.16861,1.16872,1.16861,1.16871,76
2026-01-05 06:02:00,1.16859,1.16859,1.16847,1.1685100000000002,1.16871,1.16872,1.16859,1.16863,120
2026-01-05 06:03:00,1.1685100000000002,1.1685500000000002,1.16846,1.16854,1.16863,1.16867,1.16859,1.16867,87
2026-01-05 06:04:00,1.16854,1.1685500000000002,1.1682,1.16822,1.16867,1.16868,1.16833,1.16835,209
2026-01-05 06:05:00,1.16822,1.16822,1.1681400000000002,1.16815,1.16835,1.16835,1.16826,1.16827,150
2026-01-05 06:06:00,1.16815,1.16816,1.16805,1.16805,1.16827,1.16829,1.16818,1.16818,73
2026-01-05 06:07:00,1.16805,1.16808,1.16793,1.16793,1.16818,1.16821,1.16805,1.16806,52
2026-01-05 06:08:00,1.16793,1.16808,1.16793,1.1680700000000002,1.16806,1.16821,1.16806,1.1682,109
2026-01-05 06:09:00,1.1680700000000002,1.16809,1.16802,1.16809,1.1682,1.16821,1.16814,1.16821,51
2026-01-05 06:10:00,1.16809,1.16809,1.16792,1.16793,1.16821,1.16821,1.16804,1.16806,79
2026-01-05 06:11:00,1.16793,1.16795,1.16778,1.16789,1.16806,1.16807,1.16791,1.16801,135
2026-01-05 06:12:00,1.16789,1.16809,1.1678700000000002,1.16809,1.16801,1.16822,1.168,1.16821,70
2026-01-05 06:13:00,1.16809,1.1683800000000002,1.16809,1.16833,1.16821,1.1685,1.16821,1.16847,93
2026-01-05 06:14:00,1.16833,1.16837,1.16827,1.16836,1.16847,1.16851,1.16841,1.16851,102
2026-01-05 06:15:00,1.16836,1.16837,1.16829,1.16836,1.16851,1.16851,1.16843,1.1685,99
2026-01-05 06:16:00,1.16836,1.16852,1.1683400000000002,1.1684800000000002,1.1685,1.16866,1.16847,1.16861,97
2026-01-05 06:17:00,1.1684800000000002,1.1684800000000002,1.16836,1.16837,1.16861,1.16861,1.16849,1.1685,86
2026-01-05 06:18:00,1.16837,1.16849,1.16836,1.16846,1.1685,1.16863,1.16849,1.1686,64
2026-01-05 06:19:00,1.16846,1.16853,1.16846,1.16849,1.1686,1.16866,1.1686,1.16863,63
2026-01-05 06:20:00,1.16849,1.16857,1.1684800000000002,1.16853,1.16863,1.16871,1.16862,1.16867,78
2026-01-05 06:21:00,1.16853,1.16853,1.16846,1.1685100000000002,1.16867,1.16867,1.16859,1.16864,50
2026-01-05 06:22:00,1.1685100000000002,1.16856,1.16847,1.16854,1.16864,1.1687,1.1686,1.16868,77
2026-01-05 06:23:00,1.16854,1.16856,1.1685100000000002,1.16852,1.16868,1.16871,1.16865,1.16866,48
2026-01-05 06:24:00,1.16852,1.16863,1.16852,1.1686200000000002,1.16866,1.16878,1.16866,1.16876,101
2026-01-05 06:25:00,1.1686200000000002,1.1686200000000002,1.1685,1.1685800000000002,1.16876,1.16876,1.16864,1.16872,78
2026-01-05 06:26:00,1.1685800000000002,1.1686200000000002,1.16856,1.16859,1.16872,1.16875,1.16871,1.16873,132
2026-01-05 06:27:00,1.16859,1.16869,1.16857,1.16869,1.16873,1.16882,1.16871,1.16882,87
2026-01-05 06:28:00,1.16869,1.1687200000000002,1.16867,1.1686800000000002,1.16882,1.16887,1.16881,1.16882,79
2026-01-05 06:29:00,1.1686800000000002,1.1687200000000002,1.16867,1.1686800000000002,1.16882,1.16885,1.1688,1.16883,61
2026-01-05 06:30:00,1.1686800000000002,1.1687200000000002,1.16866,1.1686800000000002,1.16883,1.16886,1.16879,1.1688,74
2026-01-05 06:31:00,1.1686800000000002,1.16871,1.16866,1.16867,1.1688,1.16885,1.16879,1.16881,86
2026-01-05 06:32:00,1.16867,1.16879,1.16867,1.16874,1.16881,1.16892,1.1688,1.16888,106
2026-01-05 06:33:00,1.16874,1.1688200000000002,1.16874,1.1688200000000002,1.16888,1.16897,1.16888,1.16895,80
2026-01-05 06:34:00,1.1688200000000002,1.16893,1.1688,1.16887,1.16895,1.16907,1.16893,1.16901,77
2026-01-05 06:35:00,1.16887,1.16894,1.16887,1.16893,1.16901,1.16907,1.16901,1.16907,57
2026-01-05 06:36:00,1.16893,1.16893,1.16877,1.1687800000000002,1.16907,1.16907,1.16891,1.16893,85
2026-01-05 06:37:00,1.1687800000000002,1.16879,1.1687,1.1687200000000002,1.16893,1.16893,1.16883,1.16887,92
2026-01-05 06:38:00,1.1687200000000002,1.1687800000000002,1.16871,1.1687800000000002,1.16887,1.16892,1.16885,1.16891,35
2026-01-05 06:39:00,1.1687800000000002,1.1689,1.16877,1.1688900000000002,1.16891,1.16903,1.16891,1.16903,86
2026-01-05 06:40:00,1.1688900000000002,1.1689,1.16879,1.1688200000000002,1.16903,1.16903,1.16893,1.16898,92
2026-01-05 06:41:00,1.1688200000000002,1.1689200000000002,1.1688200000000002,1.16888,1.16898,1.16907,1.16898,1.16903,46
2026-01-05 06:42:00,1.16888,1.1689,1.1688500000000002,1.16888,1.16903,1.16905,1.16898,1.16903,47
2026-01-05 06:43:00,1.16888,1.1689500000000002,1.16888,1.16891,1.16903,1.16909,1.16903,1.16906,73
2026-01-05 06:44:00,1.16891,1.1689500000000002,1.1688900000000002,1.16894,1.16906,1.16909,1.16903,1.16909,30
2026-01-05 06:45:00,1.16894,1.1689900000000002,1.1688900000000002,1.1689900000000002,1.16909,1.16914,1.16904,1.16913,69
2026-01-05 06:46:00,1.1689900000000002,1.1689900000000002,1.1689200000000002,1.1689500000000002,1.16913,1.16914,1.16906,1.16909,53
2026-01-05 06:47:00,1.1689500000000002,1.1689900000000002,1.1689500000000002,1.16898,1.16909,1.16914,1.16909,1.16914,56
2026-01-05 06:48:00,1.16898,1.16898,1.1688500000000002,1.16894,1.16914,1.16914,1.16899,1.16908,99
2026-01-05 06:49:00,1.16894,1.1690900000000002,1.16891,1.1690900000000002,1.16908,1.16923,1.16907,1.16922,86
2026-01-05 06:50:00,1.1690900000000002,1.16913,1.1690600000000002,1.16907,1.16922,1.16927,1.1692,1.16921,90
2026-01-05 06:51:00,1.16907,1.16907,1.16901,1.16903,1.16921,1.16921,1.16914,1.16916,47
2026-01-05 06:52:00,1.16903,1.16903,1.1689500000000002,1.16897,1.16916,1.16916,1.16909,1.16912,24
2026-01-05 06:53:00,1.16897,1.16908,1.16896,1.16903,1.16912,1.16922,1.16911,1.16917,126
2026-01-05 06:54:00,1.16903,1.16904,1.1689500000000002,1.1690200000000002,1.16917,1.16918,1.16909,1.16915,65
2026-01-05 06:55:00,1.1690200000000002,1.16911,1.16896,1.1691,1.16915,1.16923,1.1691,1.16923,135
2026-01-05 06:56:00,1.1691,1.16911,1.1689900000000002,1.16903,1.16923,1.16924,1.16913,1.16916,113
2026-01-05 06:57:00,1.16903,1.1690600000000002,1.16901,1.16901,1.16916,1.16919,1.16913,1.16914,94
2026-01-05 06:58:00,1.16901,1.16908,1.16901,1.16907,1.16914,1.16921,1.16913,1.1692,105
2026-01-05 06:59:00,1.16907,1.16914,1.1690600000000002,1.1690600000000002,1.1692,1.16928,1.16918,1.16918,104
2026-01-05 07:00:00,1.1690600000000002,1.16907,1.16887,1.16897,1.16918,1.1692,1.169,1.16909,290
2026-01-05 07:01:00,1.16897,1.1690600000000002,1.16896,1.16903,1.16909,1.1692,1.16909,1.16915,205
2026-01-05 07:02:00,1.16903,1.16911,1.1689200000000002,1.16904,1.16915,1.16923,1.16905,1.16916,151
2026-01-05 07:03:00,1.16904,1.16905,1.16898,1.1689900000000002,1.16916,1.16917,1.1691,1.16911,124
2026-01-05 07:04:00,1.1689900000000002,1.1689900000000002,1.1688,1.1688900000000002,1.16911,1.16911,1.16893,1.16902,122
2026-01-05 07:05:00,1.1688900000000002,1.1689500000000002,1.16887,1.1688900000000002,1.16902,1.16908,1.169,1.16902,68
2026-01-05 07:06:00,1.1688900000000002,1.1689900000000002,1.1688900000000002,1.1689200000000002,1.16902,1.16911,1.16901,1.16904,145
2026-01-05 07:07:00,1.1689200000000002,1.1689200000000002,1.16886,1.16888,1.16904,1.16905,1.16899,1.169,70
2026-01-05 07:08:00,1.16888,1.1688900000000002,1.1685800000000002,1.1686200000000002,1.169,1.16901,1.16871,1.16874,123
2026-01-05 07:09:00,1.1686200000000002,1.1687500000000002,1.1686200000000002,1.16873,1.16874,1.16887,1.16874,1.16886,91
2026-01-05 07:10:00,1.16873,1.16884,1.1686800000000002,1.16879,1.16886,1.16896,1.16881,1.16892,120
2026-01-05 07:11:00,1.16879,1.16884,1.16867,1.1687200000000002,1.16892,1.16896,1.16879,1.16885,119
2026-01-05 07:12:00,1.1687200000000002,1.16877,1.16861,1.16863,1.16885,1.1689,1.16874,1.16876,167
2026-01-05 07:13:00,1.16863,1.16866,1.1685800000000002,1.1686,1.16876,1.16879,1.16871,1.16873,129
2026-01-05 07:14:00,1.1686,1.16864,1.1684800000000002,1.16853,1.16873,1.16877,1.1686,1.16866,142
2026-01-05 07:15:00,1.16853,1.16854,1.16839,1.16849,1.16866,1.16866,1.16851,1.16862,93
2026-01-05 07:16:00,1.16849,1.1688500000000002,1.16849,1.16884,1.16862,1.16897,1.16862,1.16897,164
2026-01-05 07:17:00,1.16884,1.16884,1.16871,1.1687800000000002,1.16897,1.16897,1.16884,1.16891,103
2026-01-05 07:18:00,1.1687800000000002,1.16883,1.1687,1.16873,1.16891,1.16896,1.16882,1.16886,110
2026-01-05 07:19:00,1.16873,1.16888,1.16873,1.16888,1.16886,1.169,1.16886,1.169,104
2026-01-05 07:20:00,1.16888,1.1689200000000002,1.16883,1.16888,1.169,1.16905,1.16896,1.16901,124
2026-01-05 07:21:00,1.16888,1.1690600000000002,1.16884,1.16903,1.16901,1.16919,1.16898,1.16916,165
2026-01-05 07:22:00,1.16903,1.16914,1.16903,1.16908,1.16916,1.16928,1.16916,1.16922,125
2026-01-05 07:23:00,1.16908,1.1691200000000002,1.16907,1.16911,1.16922,1.16926,1.1692,1.16925,70
2026-01-05 07:24:00,1.16911,1.1691600000000002,1.1690600000000002,1.16911,1.16925,1.1693,1.1692,1.16925,112
2026-01-05 07:25:00,1.16911,1.16913,1.16905,1.16905,1.16925,1.16926,1.16918,1.16918,76
2026-01-05 07:26:00,1.16905,1.1690600000000002,1.1689200000000002,1.16897,1.16918,1.16919,1.16905,1.1691,130
2026-01-05 07:27:00,1.16897,1.16903,1.16896,1.16901,1.1691,1.16916,1.16909,1.16915,66
2026-01-05 07:28:00,1.16901,1.1690200000000002,1.16893,1.16893,1.16915,1.16916,1.16906,1.16906,37
2026-01-05 07:29:00,1.16893,1.16897,1.16887,1.16896,1.16906,1.1691,1.169,1.16908,67
2026-01-05 07:30:00,1.16896,1.16896,1.16867,1.16869,1.16908,1.16908,1.16881,1.16883,112
2026-01-05 07:31:00,1.16869,1.1688200000000002,1.16859,1.16861,1.16883,1.16895,1.16871,1.16873,171
2026-01-05 07:32:00,1.16861,1.16866,1.16852,1.16861,1.16873,1.16879,1.16865,1.16873,241
2026-01-05 07:33:00,1.16861,1.16861,1.16846,1.16847,1.16873,1.16874,1.16859,1.16861,175
2026-01-05 07:34:00,1.16847,1.16859,1.1683800000000002,1.16853,1.16861,1.16872,1.16852,1.16865,200
2026-01-05 07:35:00,1.16853,1.16859,1.1684800000000002,1.16856,1.16865,1.16872,1.16861,1.16868,197
2026-01-05 07:36:00,1.16856,1.16861,1.16854,1.16856,1.16868,1.16873,1.16866,1.16868,159
2026-01-05 07:37:00,1.16856,1.1687,1.1685500000000002,1.1686800000000002,1.16868,1.16883,1.16867,1.1688,169
2026-01-05 07:38:00,1.1686800000000002,1.1687200000000002,1.16867,1.1687200000000002,1.1688,1.16885,1.16879,1.16885,97
2026-01-05 07:39:00,1.1687200000000002,1.16886,1.1687200000000002,1.1688,1.16885,1.16899,1.16884,1.16892,166
2026-01-05 07:40:00,1.1688,1.16896,1.16879,1.16886,1.16892,1.16909,1.16891,1.16899,216
2026-01-05 07:41:00,1.16886,1.1688900000000002,1.16877,1.1688200000000002,1.16899,1.16902,1.16889,1.16894,155
2026-01-05 07:42:00,1.1688200000000002,1.16888,1.1686200000000002,1.16867,1.16894,1.169,1.16874,1.16879,186
2026-01-05 07:43:00,1.16867,1.16867,1.1685100000000002,1.16859,1.16879,1.16879,1.16864,1.16872,110
2026-01-05 07:44:00,1.16859,1.16876,1.16859,1.16874,1.16872,1.16889,1.16872,1.16887,179
2026-01-05 07:45:00,1.16874,1.1687500000000002,1.16854,1.1685500000000002,1.16887,1.16887,1.16867,1.16868,246
2026-01-05 07:46:00,1.1685500000000002,1.16863,1.16849,1.16859,1.16868,1.16876,1.16863,1.16873,139
2026-01-05 07:47:00,1.16859,1.1686500000000002,1.16852,1.1685800000000002,1.16873,1.16879,1.16864,1.16871,146
2026-01-05 07:48:00,1.1685800000000002,1.1686800000000002,1.1685100000000002,1.16864,1.16871,1.1688,1.16864,1.16876,187
2026-01-05 07:49:00,1.16864,1.16864,1.16854,1.16857,1.16876,1.16876,1.16867,1.1687,92
2026-01-05 07:50:00,1.16857,1.16881,1.16853,1.16881,1.1687,1.16894,1.16867,1.16894,129
2026-01-05 07:51:00,1.16881,1.16886,1.16879,1.1688500000000002,1.16894,1.16899,1.16892,1.16899,86
2026-01-05 07:52:00,1.1688500000000002,1.16886,1.16883,1.16883,1.16899,1.16899,1.16896,1.16897,41
2026-01-05 07:53:00,1.16883,1.16893,1.1688200000000002,1.16893,1.16897,1.16906,1.16895,1.16906,116
2026-01-05 07:54:00,1.16893,1.16904,1.16886,1.16891,1.16906,1.16918,1.169,1.16905,142
2026-01-05 07:55:00,1.16891,1.16891,1.16863,1.1686500000000002,1.16905,1.16905,1.16877,1.16878,175
2026-01-05 07:56:00,1.1686500000000002,1.1687200000000002,1.16849,1.1685100000000002,1.16878,1.16885,1.16863,1.16865,158
2026-01-05 07:57:00,1.1685100000000002,1.16857,1.1684,1.16842,1.16865,1.16871,1.16853,1.16856,144
2026-01-05 07:58:00,1.16842,1.1684800000000002,1.16829,1.16843,1.16856,1.16861,1.16843,1.16857,212
2026-01-05 07:59:00,1.16843,1.1686,1.16839,1.16857,1.16857,1.16873,1.16853,1.1687,252
2026-01-05 08:00:00,1.16857,1.16869,1.16846,1.16847,1.1687,1.16883,1.1686,1.16861,237
2026-01-05 08:01:00,1.16847,1.1685100000000002,1.16832,1.16842,1.16861,1.16864,1.16846,1.16856,178
2026-01-05 08:02:00,1.16842,1.1684800000000002,1.1684,1.1684100000000002,1.16856,1.16862,1.16853,1.16855,141
2026-01-05 08:03:00,1.1684100000000002,1.16842,1.16823,1.16832,1.16855,1.16856,1.16836,1.16845,193
2026-01-05 08:04:00,1.16832,1.16867,1.1682800000000002,1.16863,1.16845,1.1688,1.16841,1.16876,222
2026-01-05 08:05:00,1.16863,1.16879,1.16861,1.16873,1.16876,1.16893,1.16874,1.16886,144
2026-01-05 08:06:00,1.16873,1.16887,1.1685800000000002,1.1686,1.16886,1.169,1.16871,1.16874,274
2026-01-05 08:07:00,1.1686,1.1687800000000002,1.16856,1.16877,1.16874,1.16891,1.16869,1.16891,275
2026-01-05 08:08:00,1.16877,1.1687800000000002,1.1685100000000002,1.1685100000000002,1.16891,1.16891,1.16865,1.16865,172
2026-01-05 08:09:00,1.1685100000000002,1.1685100000000002,1.16825,1.16843,1.16865,1.16865,1.16837,1.16856,210
2026-01-05 08:10:00,1.16843,1.16847,1.16825,1.16843,1.16856,1.1686,1.16838,1.16856,183
2026-01-05 08:11:00,1.16843,1.1686500000000002,1.16843,1.16863,1.16856,1.1688,1.16855,1.16876,182
2026-01-05 08:12:00,1.16863,1.16873,1.16859,1.16873,1.16876,1.16886,1.16871,1.16885,140
2026-01-05 08:13:00,1.16873,1.16887,1.16864,1.16876,1.16885,1.169,1.16876,1.16889,271
2026-01-05 08:14:00,1.16876,1.16876,1.1685800000000002,1.1686500000000002,1.16889,1.16889,1.16871,1.16878,173
2026-01-05 08:15:00,1.1686500000000002,1.1687800000000002,1.16856,1.16876,1.16878,1.16891,1.16869,1.1689,167
2026-01-05 08:16:00,1.16876,1.1687800000000002,1.1686500000000002,1.16867,1.1689,1.16891,1.16879,1.16881,104
2026-01-05 08:17:00,1.16867,1.16884,1.16866,1.1688200000000002,1.16881,1.16897,1.16879,1.16895,159
2026-01-05 08:18:00,1.1688200000000002,1.1689200000000002,1.16877,1.16887,1.16895,1.16906,1.16891,1.169,204
2026-01-05 08:19:00,1.16887,1.169,1.16881,1.16896,1.169,1.16913,1.16895,1.1691,174
2026-01-05 08:20:00,1.16896,1.16903,1.1689200000000002,1.1689500000000002,1.1691,1.16916,1.16906,1.16909,166
2026-01-05 08:21:00,1.1689500000000002,1.16898,1.1687500000000002,1.16883,1.16909,1.16911,1.16888,1.16896,178
2026-01-05 08:22:00,1.16883,1.1691900000000002,1.16883,1.16915,1.16896,1.16933,1.16895,1.16929,149
2026-01-05 08:23:00,1.16915,1.16928,1.16915,1.1691600000000002,1.16929,1.16941,1.16929,1.16929,148
2026-01-05 08:24:00,1.1691600000000002,1.16921,1.16908,1.16921,1.16929,1.16935,1.16921,1.16935,179
2026-01-05 08:25:00,1.16921,1.16927,1.16915,1.1692600000000002,1.16935,1.1694,1.16928,1.16939,162
2026-01-05 08:26:00,1.1692600000000002,1.16935,1.1691600000000002,1.1692900000000002,1.16939,1.16948,1.16928,1.16941,155
2026-01-05 08:27:00,1.1692900000000002,1.1693900000000002,1.16927,1.16937,1.16941,1.16952,1.16941,1.1695,102
2026-01-05 08:28:00,1.16937,1.1693900000000002,1.16934,1.16937,1.1695,1.16953,1.16947,1.1695,122
2026-01-05 08:29:00,1.16937,1.1693900000000002,1.16931,1.16937,1.1695,1.16952,1.16943,1.16951,100
2026-01-05 08:30:00,1.16937,1.1694300000000002,1.16928,1.16932,1.16951,1.16957,1.16942,1.16945,144
2026-01-05 08:31:00,1.16932,1.16938,1.1692600000000002,1.1692600000000002,1.16945,1.16952,1.16939,1.16939,128
2026-01-05 08:32:00,1.1692600000000002,1.16938,1.16913,1.16938,1.16939,1.16951,1.16925,1.16951,175
2026-01-05 08:33:00,1.16938,1.16938,1.16907,1.16915,1.16951,1.16951,1.16921,1.16929,277
2026-01-05 08:34:00,1.16915,1.16915,1.1688500000000002,1.1688500000000002,1.16929,1.16929,1.16897,1.16897,161
2026-01-05 08:35:00,1.1688500000000002,1.16887,1.16871,1.1687800000000002,1.16897,1.169,1.16885,1.16892,266
2026-01-05 08:36:00,1.1687800000000002,1.16888,1.16874,1.16884,1.16892,1.16901,1.16887,1.16897,197
2026-01-05 08:37:00,1.16884,1.1689,1.16873,1.16873,1.16897,1.16904,1.16886,1.16887,153
2026-01-05 08:38:00,1.16873,1.16874,1.16856,1.16857,1.16887,1.16887,1.1687,1.1687,171
2026-01-05 08:39:00,1.16857,1.1686200000000002,1.16849,1.1686200000000002,1.1687,1.16875,1.16863,1.16875,153
2026-01-05 08:40:00,1.1686200000000002,1.1687200000000002,1.1685800000000002,1.1687200000000002,1.16875,1.16885,1.16871,1.16885,172
2026-01-05 08:41:00,1.1687200000000002,1.16881,1.16857,1.1685800000000002,1.16885,1.16894,1.16871,1.16871,228
2026-01-05 08:42:00,1.1685800000000002,1.16864,1.1683100000000002,1.1683100000000002,1.16871,1.16877,1.16846,1.16846,147
2026-01-05 08:43:00,1.1683100000000002,1.16833,1.16827,1.1683,1.16846,1.16846,1.1684,1.16844,142
2026-01-05 08:44:00,1.1683,1.1683400000000002,1.16818,1.16827,1.16844,1.16846,1.1683,1.16841,303
2026-01-05 08:45:00,1.16827,1.16837,1.16823,1.1682800000000002,1.16841,1.16851,1.16837,1.16841,129
2026-01-05 08:46:00,1.1682800000000002,1.16829,1.16806,1.16813,1.16841,1.16843,1.16819,1.16826,135
2026-01-05 08:47:00,1.16813,1.16825,1.16812,1.16823,1.16826,1.1684,1.16825,1.16837,110
2026-01-05 08:48:00,1.16823,1.1683,1.16823,1.16823,1.16837,1.16844,1.16836,1.16837,89
2026-01-05 08:49:00,1.16823,1.16833,1.16818,1.16829,1.16837,1.16846,1.16832,1.16842,200
2026-01-05 08:50:00,1.16829,1.1683100000000002,1.16812,1.16813,1.16842,1.16846,1.16825,1.16827,183
2026-01-05 08:51:00,1.16813,1.16823,1.16809,1.16813,1.16827,1.16837,1.16822,1.16828,135
2026-01-05 08:52:00,1.16813,1.16816,1.16805,1.16808,1.16828,1.1683,1.16817,1.16821,137
2026-01-05 08:53:00,1.16808,1.1682400000000002,1.16808,1.16823,1.16821,1.16838,1.16821,1.16837,126
2026-01-05 08:54:00,1.16823,1.1683100000000002,1.1681700000000002,1.16818,1.16837,1.16844,1.1683,1.16831,186
2026-01-05 08:55:00,1.16818,1.16822,1.16815,1.1682,1.16831,1.16837,1.16828,1.16834,143
2026-01-05 08:56:00,1.1682,1.16837,1.1681100000000002,1.16812,1.16834,1.16849,1.16824,1.16826,276
2026-01-05 08:57:00,1.16812,1.16832,1.1681,1.16827,1.16826,1.16845,1.16824,1.16841,189
2026-01-05 08:58:00,1.16827,1.16833,1.1682100000000002,1.16827,1.16841,1.16846,1.16835,1.1684,199
2026-01-05 08:59:00,1.16827,1.1682800000000002,1.16819,1.16827,1.1684,1.16841,1.16832,1.16841,95
2026-01-05 09:00:00,1.16827,1.16839,1.16822,1.1683400000000002,1.16841,1.16852,1.16835,1.16848,153
2026-01-05 09:01:00,1.1683400000000002,1.16852,1.1683400000000002,1.16849,1.16848,1.16865,1.16848,1.16863,162
2026-01-05 09:02:00,1.16849,1.16853,1.16833,1.16837,1.16863,1.16867,1.16846,1.1685,187
2026-01-05 09:03:00,1.16837,1.16844,1.1683400000000002,1.1683400000000002,1.1685,1.16857,1.16847,1.16847,140
2026-01-05 09:04:00,1.1683400000000002,1.1683400000000002,1.16825,1.1683,1.16847,1.16847,1.16838,1.16844,116
2026-01-05 09:05:00,1.1683,1.16839,1.1683,1.1683100000000002,1.16844,1.16852,1.16843,1.16844,121
2026-01-05 09:06:00,1.1683100000000002,1.16832,1.1680100000000002,1.1680700000000002,1.16844,1.16844,1.16814,1.1682,235
2026-01-05 09:07:00,1.1680700000000002,1.16808,1.16788,1.16791,1.1682,1.16821,1.16801,1.16805,207
2026-01-05 09:08:00,1.16791,1.16798,1.1678700000000002,1.16791,1.16805,1.16812,1.16801,1.16804,145
2026-01-05 09:09:00,1.16791,1.16793,1.16786,1.16789,1.16804,1.16806,1.168,1.16803,123
2026-01-05 09:10:00,1.16789,1.16802,1.16789,1.1680100000000002,1.16803,1.16815,1.16803,1.16814,137
2026-01-05 09:11:00,1.1680100000000002,1.1680100000000002,1.16788,1.1679000000000002,1.16814,1.16815,1.16801,1.16803,142
2026-01-05 09:12:00,1.1679000000000002,1.16791,1.16775,1.16775,1.16803,1.16803,1.16788,1.16788,193
2026-01-05 09:13:00,1.16775,1.16781,1.16759,1.16772,1.16788,1.16795,1.16772,1.16786,214
2026-01-05 09:14:00,1.16772,1.16789,1.16772,1.16789,1.16786,1.16802,1.16786,1.16802,225
2026-01-05 09:15:00,1.16789,1.168,1.16789,1.1679700000000002,1.16802,1.16813,1.16802,1.16811,186
2026-01-05 09:16:00,1.1679700000000002,1.16809,1.1679700000000002,1.16809,1.16811,1.16824,1.16811,1.16822,168
2026-01-05 09:17:00,1.16809,1.16822,1.16806,1.1682,1.16822,1.16836,1.1682,1.16833,115
2026-01-05 09:18:00,1.1682,1.1682,1.16813,1.1681400000000002,1.16833,1.16833,1.16826,1.16828,177
2026-01-05 09:19:00,1.1681400000000002,1.1683,1.1681400000000002,1.1682,1.16828,1.16843,1.16827,1.16834,132
2026-01-05 09:20:00,1.1682,1.16826,1.16812,1.16826,1.16834,1.16839,1.16825,1.16839,130
2026-01-05 09:21:00,1.16826,1.1684500000000002,1.1682400000000002,1.16844,1.16839,1.16858,1.16836,1.16856,150
2026-01-05 09:22:00,1.16844,1.16847,1.16836,1.16847,1.16856,1.16861,1.16848,1.1686,166
2026-01-05 09:23:00,1.16847,1.1685800000000002,1.16846,1.16854,1.1686,1.16871,1.16859,1.16868,113
2026-01-05 09:24:00,1.16854,1.1685500000000002,1.1683400000000002,1.1685100000000002,1.16868,1.16868,1.16847,1.16863,206
2026-01-05 09:25:00,1.1685100000000002,1.1686800000000002,1.1685,1.16863,1.16863,1.16882,1.16863,1.16877,221
2026-01-05 09:26:00,1.16863,1.16863,1.1684800000000002,1.1684800000000002,1.16877,1.16877,1.1686,1.16861,88
2026-01-05 09:27:00,1.1684800000000002,1.1685500000000002,1.16844,1.1685,1.16861,1.16868,1.16857,1.16863,65
2026-01-05 09:28:00,1.1685,1.1685,1.16839,1.1684100000000002,1.16863,1.16863,1.16852,1.16855,96
2026-01-05 09:29:00,1.1684100000000002,1.1684100000000002,1.1681400000000002,1.16816,1.16855,1.16855,1.16828,1.1683,125
2026-01-05 09:30:00,1.16816,1.16816,1.168,1.1680100000000002,1.1683,1.1683,1.16812,1.16815,90
2026-01-05 09:31:00,1.1680100000000002,1.16812,1.16799,1.1680700000000002,1.16815,1.16826,1.16812,1.16821,88
2026-01-05 09:32:00,1.1680700000000002,1.1680700000000002,1.16793,1.1680100000000002,1.16821,1.16821,1.16806,1.16815,142
2026-01-05 09:33:00,1.1680100000000002,1.1680700000000002,1.1679400000000002,1.16803,1.16815,1.1682,1.16808,1.16816,117
2026-01-05 09:34:00,1.16803,1.16806,1.16795,1.1680400000000002,1.16816,1.16819,1.16808,1.16817,146
2026-01-05 09:35:00,1.1680400000000002,1.1680400000000002,1.16776,1.1678000000000002,1.16817,1.16817,1.1679,1.16794,172
2026-01-05 09:36:00,1.1678000000000002,1.16782,1.16764,1.16768,1.16794,1.16795,1.16777,1.16782,145
2026-01-05 09:37:00,1.16768,1.1677700000000002,1.16762,1.1677700000000002,1.16782,1.1679,1.16776,1.1679,102
2026-01-05 09:38:00,1.1677700000000002,1.16785,1.16769,1.16781,1.1679,1.16798,1.16782,1.16794,138
2026-01-05 09:39:00,1.16781,1.16789,1.1678000000000002,1.16789,1.16794,1.16803,1.16793,1.16802,101
2026-01-05 09:40:00,1.16789,1.16792,1.1677700000000002,1.16789,1.16802,1.16805,1.1679,1.16802,116
2026-01-05 09:41:00,1.16789,1.16792,1.1677700000000002,1.16778,1.16802,1.16806,1.16791,1.16791,72
2026-01-05 09:42:00,1.16778,1.16779,1.16744,1.16747,1.16791,1.16793,1.16758,1.1676,139
2026-01-05 09:43:00,1.16747,1.1675600000000002,1.16744,1.16754,1.1676,1.16768,1.16757,1.16767,91
2026-01-05 09:44:00,1.16754,1.16758,1.16749,1.16751,1.16767,1.16771,1.16762,1.16764,110
2026-01-05 09:45:00,1.16751,1.16757,1.16744,1.16745,1.16764,1.16769,1.16757,1.16758,141
2026-01-05 09:46:00,1.16745,1.16752,1.16732,1.1675000000000002,1.16758,1.16764,1.16746,1.16762,254
2026-01-05 09:47:00,1.1675000000000002,1.16761,1.1674600000000002,1.1675300000000002,1.16762,1.16774,1.16759,1.16766,208
2026-01-05 09:48:00,1.1675300000000002,1.16759,1.16752,1.16755,1.16766,1.16773,1.16766,1.16768,80
2026-01-05 09:49:00,1.16755,1.16755,1.16745,1.1675000000000002,1.16768,1.16768,1.16759,1.16762,89
2026-01-05 09:50:00,1.1675000000000002,1.16761,1.1674600000000002,1.1676000000000002,1.16762,1.16775,1.16759,1.16773,117
2026-01-05 09:51:00,1.1676000000000002,1.1677000000000002,1.16759,1.16769,1.16773,1.16783,1.16772,1.16783,115
2026-01-05 09:52:00,1.16769,1.1678000000000002,1.16759,1.16779,1.16783,1.16794,1.16773,1.16792,105
2026-01-05 09:53:00,1.16779,1.1678000000000002,1.16757,1.16774,1.16792,1.16792,1.1677,1.16788,143
2026-01-05 09:54:00,1.16774,1.16793,1.16774,1.16792,1.16788,1.16807,1.16787,1.16806,194
2026-01-05 09:55:00,1.16792,1.16792,1.16778,1.16789,1.16806,1.16806,1.16793,1.16802,182
2026-01-05 09:56:00,1.16789,1.1680700000000002,1.16788,1.1680400000000002,1.16802,1.1682,1.16801,1.16817,201
2026-01-05 09:57:00,1.1680400000000002,1.16822,1.1680100000000002,1.16813,1.16817,1.16834,1.16814,1.16826,200
2026-01-05 09:58:00,1.16813,1.16825,1.1681,1.16819,1.16826,1.16838,1.16824,1.16832,113
2026-01-05 09:59:00,1.16819,1.1682,1.1681400000000002,1.16819,1.16832,1.16833,1.16827,1.16832,85
2026-01-05 10:00:00,1.16819,1.16827,1.16815,1.1681700000000002,1.16832,1.1684,1.16829,1.1683,161
2026-01-05 10:01:00,1.1681700000000002,1.16827,1.16815,1.16818,1.1683,1.1684,1.16828,1.16832,166
2026-01-05 10:02:00,1.16818,1.1682400000000002,1.1680400000000002,1.1681100000000002,1.16832,1.16837,1.16818,1.16824,135
2026-01-05 10:03:00,1.1681100000000002,1.1681400000000002,1.1680100000000002,1.16803,1.16824,1.16826,1.16814,1.16816,110
2026-01-05 10:04:00,1.16803,1.16806,1.16792,1.16795,1.16816,1.1682,1.16805,1.16808,99
2026-01-05 10:05:00,1.16795,1.16805,1.1679400000000002,1.16803,1.16808,1.16817,1.16807,1.16816,147
2026-01-05 10:06:00,1.16803,1.16818,1.1679400000000002,1.16815,1.16816,1.16832,1.16807,1.16829,140
2026-01-05 10:07:00,1.16815,1.1681700000000002,1.1681100000000002,1.1681400000000002,1.16829,1.1683,1.16824,1.16827,96
2026-01-05 10:08:00,1.1681400000000002,1.16827,1.1681100000000002,1.1682400000000002,1.16827,1.16839,1.16823,1.16838,132
2026-01-05 10:09:00,1.1682400000000002,1.1684,1.16823,1.1683400000000002,1.16838,1.16854,1.16836,1.16847,158
2026-01-05 10:10:00,1.1683400000000002,1.1683400000000002,1.1682100000000002,1.16827,1.16847,1.16847,1.16833,1.16841,114
2026-01-05 10:11:00,1.16827,1.1683,1.16827,1.16829,1.16841,1.16843,1.1684,1.16842,56
2026-01-05 10:12:00,1.16829,1.16859,1.16829,1.16857,1.16842,1.16873,1.16842,1.16871,127
2026-01-05 10:13:00,1.16857,1.16867,1.16856,1.1686200000000002,1.16871,1.16879,1.16869,1.16875,77
2026-01-05 10:14:00,1.1686200000000002,1.16864,1.1684800000000002,1.16849,1.16875,1.16877,1.16861,1.16862,66
2026-01-05 10:15:00,1.16849,1.16852,1.16835,1.16849,1.16862,1.16865,1.16849,1.16861,190
2026-01-05 10:16:00,1.16849,1.16863,1.1684500000000002,1.16863,1.16861,1.16876,1.16857,1.16876,144
2026-01-05 10:17:00,1.16863,1.16864,1.1685,1.1685100000000002,1.16876,1.16876,1.16864,1.16865,94
2026-01-05 10:18:00,1.1685100000000002,1.16867,1.16849,1.16864,1.16865,1.16881,1.16862,1.16877,93
2026-01-05 10:19:00,1.16864,1.1688,1.1686200000000002,1.1688,1.16877,1.16894,1.16876,1.16893,109
2026-01-05 10:20:00,1.1688,1.1688,1.16867,1.16867,1.16893,1.16893,1.16879,1.1688,122
2026-01-05 10:21:00,1.16867,1.16867,1.16847,1.1685100000000002,1.1688,1.1688,1.1686,1.16865,184
2026-01-05 10:22:00,1.1685100000000002,1.1687,1.1685100000000002,1.16863,1.16865,1.16883,1.16864,1.16875,209
2026-01-05 10:23:00,1.16863,1.16863,1.16847,1.16852,1.16875,1.16876,1.1686,1.16865,166
2026-01-05 10:24:00,1.16852,1.1685500000000002,1.16839,1.16842,1.16865,1.16867,1.16852,1.16855,226
2026-01-05 10:25:00,1.16842,1.1685,1.1683400000000002,1.16842,1.16855,1.16863,1.16847,1.16855,167
2026-01-05 10:26:00,1.16842,1.1684500000000002,1.16819,1.16823,1.16855,1.16858,1.16832,1.16835,135
2026-01-05 10:27:00,1.16823,1.16835,1.16822,1.16827,1.16835,1.16848,1.16835,1.16839,188
2026-01-05 10:28:00,1.16827,1.1682800000000002,1.1682,1.1682400000000002,1.16839,1.16841,1.16833,1.16836,134
2026-01-05 10:29:00,1.1682400000000002,1.16827,1.16818,1.16818,1.16836,1.16839,1.1683,1.16831,104
2026-01-05 10:30:00,1.16818,1.16819,1.1681100000000002,1.16816,1.16831,1.16832,1.16824,1.16828,156
2026-01-05 10:31:00,1.16816,1.16816,1.16803,1.16806,1.16828,1.16829,1.16816,1.16818,166
2026-01-05 10:32:00,1.16806,1.1681700000000002,1.16802,1.1681700000000002,1.16818,1.1683,1.16815,1.1683,124
2026-01-05 10:33:00,1.1681700000000002,1.16826,1.1681700000000002,1.1682400000000002,1.1683,1.16838,1.16829,1.16837,176
2026-01-05 10:34:00,1.1682400000000002,1.16827,1.16822,1.1682400000000002,1.16837,1.1684,1.16835,1.16837,105
2026-01-05 10:35:00,1.1682400000000002,1.1683400000000002,1.1682,1.1682800000000002,1.16837,1.16848,1.16833,1.16842,131
2026-01-05 10:36:00,1.1682800000000002,1.1684800000000002,1.16826,1.16847,1.16842,1.16861,1.1684,1.16861,143
2026-01-05 10:37:00,1.16847,1.1685100000000002,1.16837,1.1685,1.16861,1.16864,1.16849,1.16863,123
2026-01-05 10:38:00,1.1685,1.16854,1.1684100000000002,1.16854,1.16863,1.16867,1.16854,1.16867,87
2026-01-05 10:39:00,1.16854,1.1685800000000002,1.16847,1.16854,1.16867,1.16871,1.16861,1.16868,135
2026-01-05 10:40:00,1.16854,1.16854,1.16846,1.16846,1.16868,1.16868,1.16859,1.16859,93
2026-01-05 10:41:00,1.16846,1.1684800000000002,1.1684100000000002,1.16843,1.16859,1.16861,1.16855,1.16857,122
2026-01-05 10:42:00,1.16843,1.16847,1.16832,1.16833,1.16857,1.1686,1.16845,1.16845,120
2026-01-05 10:43:00,1.16833,1.16835,1.1682800000000002,1.16832,1.16845,1.16847,1.16841,1.16846,124
2026-01-05 10:44:00,1.16832,1.16852,1.16832,1.1684800000000002,1.16846,1.16865,1.16845,1.16861,230
2026-01-05 10:45:00,1.1684800000000002,1.16867,1.16847,1.1686500000000002,1.16861,1.1688,1.1686,1.16877,165
2026-01-05 10:46:00,1.1686500000000002,1.16866,1.1685100000000002,1.1685100000000002,1.16877,1.16878,1.16865,1.16865,130
2026-01-05 10:47:00,1.1685100000000002,1.16869,1.16835,1.1686800000000002,1.16865,1.16881,1.16848,1.16881,162
2026-01-05 10:48:00,1.1686800000000002,1.1687800000000002,1.16866,1.1687200000000002,1.16881,1.16891,1.16879,1.16886,204
2026-01-05 10:49:00,1.1687200000000002,1.16877,1.16866,1.1687500000000002,1.16886,1.1689,1.16879,1.16889,167
2026-01-05 10:50:00,1.1687500000000002,1.16876,1.16864,1.16867,1.16889,1.16889,1.16878,1.16879,130
2026-01-05 10:51:00,1.16867,1.16873,1.16863,1.16873,1.16879,1.16886,1.16876,1.16886,115
2026-01-05 10:52:00,1.16873,1.16883,1.1687200000000002,1.16873,1.16886,1.16896,1.16884,1.16886,155
2026-01-05 10:53:00,1.16873,1.16886,1.1686800000000002,1.16886,1.16886,1.169,1.16882,1.169,181
2026-01-05 10:54:00,1.16886,1.1689500000000002,1.1688500000000002,1.1688900000000002,1.169,1.16908,1.16898,1.16902,174
2026-01-05 10:55:00,1.1688900000000002,1.1688900000000002,1.1687200000000002,1.1687500000000002,1.16902,1.16902,1.16884,1.16888,148
2026-01-05 10:56:00,1.1687500000000002,1.1687800000000002,1.1687,1.1687500000000002,1.16888,1.16891,1.16882,1.16889,126
2026-01-05 10:57:00,1.1687500000000002,1.1688200000000002,1.16861,1.16863,1.16889,1.16895,1.16874,1.16876,140
2026-01-05 10:58:00,1.16863,1.1689200000000002,1.16863,1.16887,1.16876,1.16904,1.16876,1.16901,158
2026-01-05 10:59:00,1.16887,1.16896,1.16883,1.16894,1.16901,1.16909,1.16896,1.16907,76
2026-01-05 11:00:00,1.16894,1.169,1.1688200000000002,1.16886,1.16907,1.16913,1.16894,1.16899,96
2026-01-05 11:01:00,1.16886,1.16893,1.16886,1.1689200000000002,1.16899,1.16906,1.16898,1.16904,55
2026-01-05 11:02:00,1.1689200000000002,1.16901,1.16891,1.16901,1.16904,1.16914,1.16904,1.16914,100
2026-01-05 11:03:00,1.16901,1.16904,1.16896,1.16897,1.16914,1.16917,1.16908,1.1691,120
2026-01-05 11:04:00,1.16897,1.16897,1.1686800000000002,1.1686800000000002,1.1691,1.1691,1.16881,1.16881,173
2026-01-05 11:05:00,1.1686800000000002,1.1687,1.16849,1.1685500000000002,1.16881,1.16884,1.16864,1.16869,155
2026-01-05 11:06:00,1.1685500000000002,1.16861,1.1685100000000002,1.16852,1.16869,1.16875,1.16864,1.16865,138
2026-01-05 11:07:00,1.16852,1.1686500000000002,1.1684800000000002,1.1684800000000002,1.16865,1.16879,1.16861,1.16861,153
2026-01-05 11:08:00,1.1684800000000002,1.16859,1.1684800000000002,1.1685800000000002,1.16861,1.16872,1.1686,1.1687,147
2026-01-05 11:09:00,1.1685800000000002,1.16859,1.16846,1.16847,1.1687,1.16872,1.16859,1.1686,100
2026-01-05 11:10:00,1.16847,1.1685800000000002,1.16832,1.16832,1.1686,1.16871,1.16845,1.16846,108
2026-01-05 11:11:00,1.16832,1.16839,1.16829,1.16833,1.16846,1.16852,1.16843,1.16845,132
2026-01-05 11:12:00,1.16833,1.16846,1.1683100000000002,1.1683100000000002,1.16845,1.16858,1.16844,1.16844,198
2026-01-05 11:13:00,1.1683100000000002,1.16837,1.16829,1.1683100000000002,1.16844,1.1685,1.16841,1.16845,146
2026-01-05 11:14:00,1.1683100000000002,1.16832,1.16802,1.16803,1.16845,1.16845,1.16816,1.16816,169
2026-01-05 11:15:00,1.16803,1.16835,1.16803,1.16833,1.16816,1.16847,1.16816,1.16846,251
2026-01-05 11:16:00,1.16833,1.16844,1.16826,1.16826,1.16846,1.16857,1.16839,1.16839,133
2026-01-05 11:17:00,1.16826,1.1684500000000002,1.16825,1.16843,1.16839,1.16857,1.16839,1.16856,93
2026-01-05 11:18:00,1.16843,1.1684500000000002,1.16812,1.16818,1.16856,1.16859,1.16827,1.16833,168
2026-01-05 11:19:00,1.16818,1.1683800000000002,1.16818,1.16836,1.16833,1.16851,1.16833,1.16849,145
2026-01-05 11:20:00,1.16836,1.1685800000000002,1.16826,1.1685800000000002,1.16849,1.16872,1.1684,1.16872,163
2026-01-05 11:21:00,1.1685800000000002,1.1686200000000002,1.16842,1.1685100000000002,1.16872,1.16875,1.16855,1.16864,150
2026-01-05 11:22:00,1.1685100000000002,1.16867,1.1685100000000002,1.16867,1.16864,1.1688,1.16864,1.1688,139
2026-01-05 11:23:00,1.16867,1.16873,1.16863,1.16869,1.1688,1.16887,1.16877,1.16883,118
2026-01-05 11:24:00,1.16869,1.1687,1.16849,1.16857,1.16883,1.16883,1.16863,1.1687,117
2026-01-05 11:25:00,1.16857,1.1685800000000002,1.16837,1.16837,1.1687,1.16872,1.1685,1.1685,105
2026-01-05 11:26:00,1.16837,1.16837,1.16815,1.16816,1.1685,1.1685,1.16828,1.16828,218
2026-01-05 11:27:00,1.16816,1.16822,1.1680700000000002,1.16813,1.16828,1.16835,1.16819,1.16826,188
2026-01-05 11:28:00,1.16813,1.16822,1.16812,1.1681400000000002,1.16826,1.16835,1.16825,1.16827,153
2026-01-05 11:29:00,1.1681400000000002,1.16815,1.16803,1.16813,1.16827,1.16827,1.16816,1.16826,142
2026-01-05 11:30:00,1.16813,1.1682400000000002,1.16812,1.16818,1.16826,1.16837,1.16824,1.16831,148
2026-01-05 11:31:00,1.16818,1.16829,1.1681100000000002,1.1682800000000002,1.16831,1.16842,1.16824,1.16841,141
2026-01-05 11:32:00,1.1682800000000002,1.16829,1.1682400000000002,1.1682800000000002,1.16841,1.16842,1.16837,1.16841,93
2026-01-05 11:33:00,1.1682800000000002,1.16832,1.1682100000000002,1.16829,1.16841,1.16844,1.16834,1.16842,158
2026-01-05 11:34:00,1.16829,1.1684800000000002,1.1682800000000002,1.16843,1.16842,1.16862,1.16842,1.16856,133
2026-01-05 11:35:00,1.16843,1.1686,1.1684100000000002,1.16847,1.16856,1.16874,1.16854,1.1686,139
2026-01-05 11:36:00,1.16847,1.1684800000000002,1.16833,1.1684100000000002,1.1686,1.16861,1.16846,1.16854,94
2026-01-05 11:37:00,1.1684100000000002,1.1685,1.1684100000000002,1.16847,1.16854,1.16863,1.16854,1.1686,94
2026-01-05 11:38:00,1.16847,1.1685,1.1683800000000002,1.16842,1.1686,1.16864,1.16851,1.16856,109
2026-01-05 11:39:00,1.16842,1.1684800000000002,1.1683800000000002,1.1684100000000002,1.16856,1.16861,1.16851,1.16854,109
2026-01-05 11:40:00,1.1684100000000002,1.16843,1.16825,1.16825,1.16854,1.16856,1.16838,1.16838,96
2026-01-05 11:41:00,1.16825,1.1682800000000002,1.1681700000000002,1.1682100000000002,1.16838,1.16841,1.1683,1.16835,151
2026-01-05 11:42:00,1.1682100000000002,1.16839,1.1682,1.16837,1.16835,1.16851,1.16833,1.1685,96
2026-01-05 11:43:00,1.16837,1.16849,1.16832,1.16833,1.1685,1.16861,1.16845,1.16846,91
2026-01-05 11:44:00,1.16833,1.1684500000000002,1.1683,1.1684500000000002,1.16846,1.16858,1.16843,1.16858,70
2026-01-05 11:45:00,1.1684500000000002,1.1684500000000002,1.1681700000000002,1.1682100000000002,1.16858,1.16858,1.16831,1.16834,110
2026-01-05 11:46:00,1.1682100000000002,1.1683100000000002,1.1682100000000002,1.1683100000000002,1.16834,1.16843,1.16834,1.16843,85
2026-01-05 11:47:00,1.1683100000000002,1.1683400000000002,1.16806,1.1680700000000002,1.16843,1.16847,1.16818,1.1682,83
2026-01-05 11:48:00,1.1680700000000002,1.16812,1.16799,1.16805,1.1682,1.16825,1.16812,1.1682,207
2026-01-05 11:49:00,1.16805,1.1680700000000002,1.16799,1.16802,1.1682,1.16821,1.16813,1.16815,87
2026-01-05 11:50:00,1.16802,1.1680700000000002,1.1679700000000002,1.16806,1.16815,1.16821,1.1681,1.1682,113
2026-01-05 11:51:00,1.16806,1.16818,1.16803,1.1681700000000002,1.1682,1.16831,1.16816,1.1683,98
2026-01-05 11:52:00,1.1681700000000002,1.16847,1.16816,1.16847,1.1683,1.16861,1.16829,1.1686,157
2026-01-05 11:53:00,1.16847,1.1684800000000002,1.1683100000000002,1.1683800000000002,1.1686,1.1686,1.16845,1.16851,139
2026-01-05 11:54:00,1.1683800000000002,1.1683800000000002,1.16825,1.1682800000000002,1.16851,1.16851,1.16838,1.16842,97
2026-01-05 11:55:00,1.1682800000000002,1.16836,1.16825,1.16829,1.16842,1.16849,1.16838,1.16842,128
2026-01-05 11:56:00,1.16829,1.16835,1.16823,1.16833,1.16842,1.16848,1.16836,1.16846,103
2026-01-05 11:57:00,1.16833,1.1683400000000002,1.16815,1.1681700000000002,1.16846,1.16847,1.16829,1.16831,141
2026-01-05 11:58:00,1.1681700000000002,1.1682100000000002,1.1681,1.16816,1.16831,1.16834,1.16823,1.16829,121
2026-01-05 11:59:00,1.16816,1.16819,1.1680700000000002,1.1681,1.16829,1.16833,1.16821,1.16824,112
2026-01-05 12:00:00,1.1681,1.1681,1.16795,1.16795,1.16824,1.16824,1.16808,1.16808,115
2026-01-05 12:01:00,1.16795,1.16803,1.16792,1.16802,1.16808,1.16816,1.16805,1.16815,147
2026-01-05 12:02:00,1.16802,1.16805,1.1679400000000002,1.1680400000000002,1.16815,1.16818,1.16806,1.16817,162
2026-01-05 12:03:00,1.1680400000000002,1.16813,1.16792,1.16802,1.16817,1.16826,1.16804,1.16816,235
2026-01-05 12:04:00,1.16802,1.16812,1.168,1.1680700000000002,1.16816,1.16825,1.16813,1.1682,129
2026-01-05 12:05:00,1.1680700000000002,1.16812,1.16795,1.16795,1.1682,1.16825,1.16808,1.16808,123
2026-01-05 12:06:00,1.16795,1.16806,1.1679000000000002,1.16792,1.16808,1.16819,1.16803,1.16805,114
2026-01-05 12:07:00,1.16792,1.16795,1.16775,1.16778,1.16805,1.16808,1.16788,1.16792,123
2026-01-05 12:08:00,1.16778,1.16791,1.16775,1.1679000000000002,1.16792,1.16804,1.16788,1.16803,129
2026-01-05 12:09:00,1.1679000000000002,1.1679000000000002,1.1678400000000002,1.16786,1.16803,1.16803,1.16799,1.168,74
2026-01-05 12:10:00,1.16786,1.16796,1.16774,1.16774,1.168,1.16809,1.16787,1.16787,149
2026-01-05 12:11:00,1.16774,1.16778,1.16771,1.1677700000000002,1.16787,1.1679,1.16783,1.1679,80
2026-01-05 12:12:00,1.1677700000000002,1.1679400000000002,1.16774,1.16791,1.1679,1.16807,1.16787,1.16804,128
2026-01-05 12:13:00,1.16791,1.16803,1.1679000000000002,1.16796,1.16804,1.16816,1.16802,1.16808,141
2026-01-05 12:14:00,1.16796,1.1679700000000002,1.16793,1.16796,1.16808,1.1681,1.16806,1.16809,70
2026-01-05 12:15:00,1.16796,1.1681100000000002,1.16796,1.16808,1.16809,1.16824,1.16808,1.16821,75
2026-01-05 12:16:00,1.16808,1.16822,1.168,1.16803,1.16821,1.16836,1.16813,1.16815,93
2026-01-05 12:17:00,1.16803,1.16809,1.16792,1.16802,1.16815,1.16822,1.16805,1.16815,168
2026-01-05 12:18:00,1.16802,1.1681700000000002,1.16802,1.16812,1.16815,1.1683,1.16815,1.16824,105
2026-01-05 12:19:00,1.16812,1.16815,1.16808,1.1681100000000002,1.16824,1.16828,1.16821,1.16824,54
2026-01-05 12:20:00,1.1681100000000002,1.16815,1.16806,1.1680700000000002,1.16824,1.16829,1.1682,1.1682,114
2026-01-05 12:21:00,1.1680700000000002,1.16815,1.16805,1.1680700000000002,1.1682,1.16827,1.16819,1.1682,104
2026-01-05 12:22:00,1.1680700000000002,1.1681100000000002,1.16805,1.16805,1.1682,1.16824,1.16817,1.16817,87
2026-01-05 12:23:00,1.16805,1.16806,1.16786,1.16795,1.16817,1.16819,1.16798,1.16807,100
2026-01-05 12:24:00,1.16795,1.16812,1.1679400000000002,1.16809,1.16807,1.16825,1.16807,1.16823,84
2026-01-05 12:25:00,1.16809,1.1681100000000002,1.16795,1.16796,1.16823,1.16824,1.16808,1.16808,121
2026-01-05 12:26:00,1.16796,1.16798,1.16788,1.16788,1.16808,1.16811,1.16801,1.16801,86
2026-01-05 12:27:00,1.16788,1.16808,1.16786,1.16802,1.16801,1.16821,1.16798,1.16815,97
2026-01-05 12:28:00,1.16802,1.16802,1.16789,1.16789,1.16815,1.16815,1.16802,1.16803,64
2026-01-05 12:29:00,1.16789,1.1681100000000002,1.16789,1.16808,1.16803,1.16825,1.16802,1.16821,127
2026-01-05 12:30:00,1.16808,1.1682,1.1680700000000002,1.1681100000000002,1.16821,1.16833,1.1682,1.16824,84
2026-01-05 12:31:00,1.1681100000000002,1.1681400000000002,1.1681100000000002,1.16813,1.16824,1.16827,1.16824,1.16826,72
2026-01-05 12:32:00,1.16813,1.16815,1.1681100000000002,1.16812,1.16826,1.16828,1.16824,1.16825,49
2026-01-05 12:33:00,1.16812,1.16837,1.1681,1.16836,1.16825,1.16849,1.16823,1.16848,109
2026-01-05 12:34:00,1.16836,1.16836,1.1683,1.16833,1.16848,1.16848,1.16842,1.16846,95
2026-01-05 12:35:00,1.16833,1.1684500000000002,1.16833,1.16842,1.16846,1.16858,1.16846,1.16854,122
2026-01-05 12:36:00,1.16842,1.1684500000000002,1.1683100000000002,1.1683100000000002,1.16854,1.16858,1.16843,1.16843,175
2026-01-05 12:37:00,1.1683100000000002,1.16832,1.16822,1.16826,1.16843,1.16845,1.16835,1.16839,113
2026-01-05 12:38:00,1.16826,1.16826,1.1681,1.1681,1.16839,1.1684,1.16822,1.16822,103
2026-01-05 12:39:00,1.1681,1.16826,1.1681,1.16826,1.16822,1.16839,1.16822,1.16839,118
2026-01-05 12:40:00,1.16826,1.1682800000000002,1.1680400000000002,1.1680700000000002,1.16839,1.16841,1.16816,1.1682,113
2026-01-05 12:41:00,1.1680700000000002,1.1680700000000002,1.16796,1.16803,1.1682,1.1682,1.16809,1.16816,106
2026-01-05 12:42:00,1.16803,1.16803,1.16764,1.1677000000000002,1.16816,1.16816,1.16777,1.16783,155
2026-01-05 12:43:00,1.1677000000000002,1.16778,1.16769,1.1677300000000002,1.16783,1.16791,1.16782,1.16786,174
2026-01-05 12:44:00,1.1677300000000002,1.16789,1.1677300000000002,1.16789,1.16786,1.16801,1.16785,1.16801,157
2026-01-05 12:45:00,1.16789,1.1679400000000002,1.16768,1.16772,1.16801,1.16807,1.16782,1.16786,140
2026-01-05 12:46:00,1.16772,1.1679000000000002,1.16772,1.16788,1.16786,1.16802,1.16785,1.168,135
2026-01-05 12:47:00,1.16788,1.16788,1.16776,1.16776,1.168,1.16801,1.16788,1.16789,120
2026-01-05 12:48:00,1.16776,1.16793,1.16775,1.16791,1.16789,1.16806,1.16788,1.16805,99
2026-01-05 12:49:00,1.16791,1.16791,1.16781,1.16788,1.16805,1.16805,1.16794,1.16801,138
2026-01-05 12:50:00,1.16788,1.16788,1.16775,1.1678400000000002,1.16801,1.16801,1.16787,1.16796,143
2026-01-05 12:51:00,1.1678400000000002,1.16786,1.1675600000000002,1.1675600000000002,1.16796,1.16799,1.16769,1.16769,130
2026-01-05 12:52:00,1.1675600000000002,1.16758,1.16744,1.16747,1.16769,1.16771,1.16757,1.16759,164
2026-01-05 12:53:00,1.16747,1.16747,1.16735,1.16737,1.16759,1.1676,1.16748,1.1675,190
2026-01-05 12:54:00,1.16737,1.1674000000000002,1.16734,1.1673600000000002,1.1675,1.16754,1.16747,1.16748,129
2026-01-05 12:55:00,1.1673600000000002,1.16737,1.16725,1.1672600000000002,1.16748,1.1675,1.16739,1.16739,139
2026-01-05 12:56:00,1.1672600000000002,1.1672600000000002,1.16707,1.1672,1.16739,1.1674,1.1672,1.16733,297
2026-01-05 12:57:00,1.1672,1.1672900000000002,1.1671200000000002,1.16715,1.16733,1.16742,1.16725,1.16729,195
2026-01-05 12:58:00,1.16715,1.16715,1.16694,1.16704,1.16729,1.16729,1.16707,1.16718,320
2026-01-05 12:59:00,1.16704,1.1671,1.16696,1.16701,1.16718,1.16724,1.16709,1.16715,202
2026-01-05 13:00:00,1.16701,1.16711,1.1668200000000002,1.16708,1.16715,1.16724,1.16697,1.16722,360
2026-01-05 13:01:00,1.16708,1.16711,1.16683,1.16686,1.16722,1.16724,1.16697,1.16701,428
2026-01-05 13:02:00,1.16686,1.16688,1.16673,1.1667500000000002,1.16701,1.16702,1.16686,1.16689,249
2026-01-05 13:03:00,1.1667500000000002,1.16684,1.1666800000000002,1.16673,1.16689,1.16697,1.16681,1.16686,307
2026-01-05 13:04:00,1.16673,1.16673,1.1665500000000002,1.1665800000000002,1.16686,1.16686,1.16669,1.16671,235
2026-01-05 13:05:00,1.1665800000000002,1.1667,1.1665500000000002,1.16667,1.16671,1.16683,1.16669,1.1668,287
2026-01-05 13:06:00,1.16667,1.1667,1.1665100000000002,1.16656,1.1668,1.16683,1.16663,1.16669,257
2026-01-05 13:07:00,1.16656,1.16661,1.1665100000000002,1.16654,1.16669,1.16675,1.16663,1.16667,181
2026-01-05 13:08:00,1.16654,1.16654,1.166,1.1661400000000002,1.16667,1.16667,1.16614,1.16629,404
2026-01-05 13:09:00,1.1661400000000002,1.16632,1.166,1.1663,1.16629,1.16645,1.16613,1.16643,480
2026-01-05 13:10:00,1.1663,1.16643,1.16627,1.1664100000000002,1.16643,1.16656,1.1664,1.16653,352
2026-01-05 13:11:00,1.1664100000000002,1.1664800000000002,1.1663100000000002,1.16647,1.16653,1.16662,1.16644,1.16661,207
2026-01-05 13:12:00,1.16647,1.16659,1.1662100000000002,1.16646,1.16661,1.16671,1.16634,1.16658,326
2026-01-05 13:13:00,1.16646,1.16653,1.16639,1.1664500000000002,1.16658,1.16665,1.16652,1.16657,231
2026-01-05 13:14:00,1.1664500000000002,1.1664800000000002,1.16636,1.1664800000000002,1.16657,1.16661,1.16649,1.1666,254
2026-01-05 13:15:00,1.1664800000000002,1.1664800000000002,1.1661700000000002,1.1663100000000002,1.1666,1.16661,1.16629,1.16644,284
2026-01-05 13:16:00,1.1663100000000002,1.16649,1.1663100000000002,1.16637,1.16644,1.16662,1.16643,1.16649,190
2026-01-05 13:17:00,1.16637,1.16644,1.16626,1.16639,1.16649,1.16657,1.16639,1.16652,222
2026-01-05 13:18:00,1.16639,1.16654,1.1663800000000002,1.16652,1.16652,1.16667,1.1665,1.16665,136
2026-01-05 13:19:00,1.16652,1.16659,1.16647,1.16656,1.16665,1.16673,1.1666,1.16668,187
2026-01-05 13:20:00,1.16656,1.16656,1.1663,1.16642,1.16668,1.16668,1.16643,1.16655,251
2026-01-05 13:21:00,1.16642,1.16654,1.1664,1.16653,1.16655,1.16667,1.16653,1.16665,215
2026-01-05 13:22:00,1.16653,1.16654,1.16627,1.16647,1.16665,1.16666,1.1664,1.1666,333
2026-01-05 13:23:00,1.16647,1.16671,1.16647,1.1666200000000002,1.1666,1.16685,1.1666,1.16675,210
2026-01-05 13:24:00,1.1666200000000002,1.16671,1.16652,1.16654,1.16675,1.16684,1.16665,1.16668,180
2026-01-05 13:25:00,1.16654,1.16656,1.1664100000000002,1.16646,1.16668,1.16669,1.16655,1.16659,252
2026-01-05 13:26:00,1.16646,1.1665,1.16635,1.16635,1.16659,1.16663,1.16647,1.16648,158
2026-01-05 13:27:00,1.16635,1.16637,1.16615,1.16619,1.16648,1.1665,1.16628,1.16633,156
2026-01-05 13:28:00,1.16619,1.16627,1.1661700000000002,1.1662100000000002,1.16633,1.1664,1.1663,1.16634,120
2026-01-05 13:29:00,1.1662100000000002,1.16623,1.1661,1.16622,1.16634,1.16636,1.16624,1.16635,143
2026-01-05 13:30:00,1.16622,1.16629,1.16605,1.1662100000000002,1.16635,1.16642,1.16618,1.16634,198
2026-01-05 13:31:00,1.1662100000000002,1.16633,1.1661700000000002,1.1663,1.16634,1.16646,1.1663,1.16642,211
2026-01-05 13:32:00,1.1663,1.1664100000000002,1.16609,1.1661100000000002,1.16642,1.16655,1.16623,1.16624,239
2026-01-05 13:33:00,1.1661100000000002,1.1664500000000002,1.16605,1.16637,1.16624,1.16659,1.16618,1.16651,336
2026-01-05 13:34:00,1.16637,1.16646,1.16626,1.16642,1.16651,1.1666,1.16639,1.16655,203
2026-01-05 13:35:00,1.16642,1.16652,1.16635,1.16636,1.16655,1.16665,1.16648,1.16649,113
2026-01-05 13:36:00,1.16636,1.16636,1.1661,1.1661400000000002,1.16649,1.16649,1.16623,1.16627,186
2026-01-05 13:37:00,1.1661400000000002,1.16625,1.1661100000000002,1.1661400000000002,1.16627,1.16639,1.16624,1.16628,151
2026-01-05 13:38:00,1.1661400000000002,1.16623,1.1660400000000002,1.1660400000000002,1.16628,1.16635,1.16617,1.16617,158
2026-01-05 13:39:00,1.1660400000000002,1.1660400000000002,1.16586,1.1659000000000002,1.16617,1.16617,1.16599,1.16603,191
2026-01-05 13:40:00,1.1659000000000002,1.1662400000000002,1.1658700000000002,1.16623,1.16603,1.16638,1.166,1.16636,247
2026-01-05 13:41:00,1.16623,1.16623,1.16586,1.16588,1.16636,1.16636,1.166,1.16603,248
2026-01-05 13:42:00,1.16588,1.16598,1.16585,1.1659000000000002,1.16603,1.16612,1.16599,1.16603,182
2026-01-05 13:43:00,1.1659000000000002,1.1660700000000002,1.16586,1.16595,1.16603,1.16621,1.16598,1.16608,204
2026-01-05 13:44:00,1.16595,1.1660400000000002,1.16591,1.16598,1.16608,1.16616,1.16604,1.16611,136
2026-01-05 13:45:00,1.16598,1.1661400000000002,1.16598,1.1660700000000002,1.16611,1.16627,1.16611,1.1662,199
2026-01-05 13:46:00,1.1660700000000002,1.16608,1.16592,1.16608,1.1662,1.16622,1.16605,1.1662,134
2026-01-05 13:47:00,1.16608,1.1662100000000002,1.16603,1.1661700000000002,1.1662,1.16634,1.16617,1.1663,111
2026-01-05 13:48:00,1.1661700000000002,1.1663100000000002,1.1661700000000002,1.16626,1.1663,1.16644,1.1663,1.16639,249
2026-01-05 13:49:00,1.16626,1.1663400000000002,1.16625,1.16625,1.16639,1.16647,1.16638,1.16638,82
2026-01-05 13:50:00,1.16625,1.16657,1.1662400000000002,1.16657,1.16638,1.16671,1.16637,1.16671,260
2026-01-05 13:51:00,1.16657,1.16667,1.1665,1.16667,1.16671,1.1668,1.16663,1.1668,141
2026-01-05 13:52:00,1.16667,1.16671,1.1666200000000002,1.16664,1.1668,1.16684,1.16675,1.16678,165
2026-01-05 13:53:00,1.16664,1.16669,1.1665500000000002,1.16667,1.16678,1.16683,1.16669,1.1668,112
2026-01-05 13:54:00,1.16667,1.1667200000000002,1.16654,1.1667200000000002,1.1668,1.16685,1.16667,1.16685,179
2026-01-05 13:55:00,1.1667200000000002,1.16707,1.1667200000000002,1.1670200000000002,1.16685,1.1672,1.16685,1.16716,143
2026-01-05 13:56:00,1.1670200000000002,1.1671200000000002,1.16697,1.1671200000000002,1.16716,1.16726,1.1671,1.16725,234
2026-01-05 13:57:00,1.1671200000000002,1.16735,1.16711,1.1673,1.16725,1.16749,1.16724,1.16743,300
2026-01-05 13:58:00,1.1673,1.16737,1.1672300000000002,1.16735,1.16743,1.1675,1.16735,1.16748,218
2026-01-05 13:59:00,1.16735,1.1674600000000002,1.16735,1.16739,1.16748,1.1676,1.16748,1.16752,140
2026-01-05 14:00:00,1.16739,1.16748,1.1673600000000002,1.16739,1.16752,1.16761,1.16749,1.16753,209
2026-01-05 14:01:00,1.16739,1.16744,1.16728,1.1673300000000002,1.16753,1.16758,1.16741,1.16746,177
2026-01-05 14:02:00,1.1673300000000002,1.16739,1.16727,1.1673600000000002,1.16746,1.16752,1.1674,1.16749,124
2026-01-05 14:03:00,1.1673600000000002,1.16764,1.1673600000000002,1.1675300000000002,1.16749,1.16777,1.16749,1.16766,180
2026-01-05 14:04:00,1.1675300000000002,1.1677300000000002,1.1675300000000002,1.16765,1.16766,1.16786,1.16766,1.16778,127
2026-01-05 14:05:00,1.16765,1.1677700000000002,1.16762,1.16766,1.16778,1.1679,1.16775,1.16779,168
2026-01-05 14:06:00,1.16766,1.1678400000000002,1.16764,1.16782,1.16779,1.16797,1.16777,1.16794,162
2026-01-05 14:07:00,1.16782,1.1680400000000002,1.16782,1.16786,1.16794,1.16817,1.16794,1.168,214
2026-01-05 14:08:00,1.16786,1.16803,1.1678000000000002,1.1679000000000002,1.168,1.16815,1.16793,1.16803,286
2026-01-05 14:09:00,1.1679000000000002,1.16803,1.1679000000000002,1.16803,1.16803,1.16817,1.16803,1.16816,244
2026-01-05 14:10:00,1.16803,1.16819,1.16802,1.16812,1.16816,1.16832,1.16815,1.16825,262
2026-01-05 14:11:00,1.16812,1.16823,1.1681,1.16822,1.16825,1.16836,1.16823,1.16835,220
2026-01-05 14:12:00,1.16822,1.16823,1.16808,1.16815,1.16835,1.16835,1.16821,1.16829,164
2026-01-05 14:13:00,1.16815,1.1681700000000002,1.16798,1.16802,1.16829,1.16831,1.16811,1.16814,160
2026-01-05 14:14:00,1.16802,1.16812,1.1680100000000002,1.16802,1.16814,1.16824,1.16814,1.16815,115
2026-01-05 14:15:00,1.16802,1.1682,1.16792,1.16795,1.16815,1.16833,1.16805,1.16808,358
2026-01-05 14:16:00,1.16795,1.16795,1.16776,1.16779,1.16808,1.16808,1.1679,1.16791,274
2026-01-05 14:17:00,1.16779,1.16796,1.1677300000000002,1.16795,1.16791,1.16808,1.16786,1.16807,135
2026-01-05 14:18:00,1.16795,1.1680100000000002,1.1678700000000002,1.1679400000000002,1.16807,1.16814,1.168,1.16807,149
2026-01-05 14:19:00,1.1679400000000002,1.16802,1.16779,1.168,1.16807,1.16814,1.16793,1.16814,155
2026-01-05 14:20:00,1.168,1.16813,1.16799,1.16808,1.16814,1.16826,1.16812,1.16822,222
2026-01-05 14:21:00,1.16808,1.1681400000000002,1.16803,1.16805,1.16822,1.16827,1.16816,1.16819,105
2026-01-05 14:22:00,1.16805,1.16812,1.16791,1.1679400000000002,1.16819,1.16826,1.16805,1.16807,143
2026-01-05 14:23:00,1.1679400000000002,1.16799,1.16791,1.16796,1.16807,1.16813,1.16805,1.16808,131
2026-01-05 14:24:00,1.16796,1.16796,1.16776,1.16793,1.16808,1.1681,1.1679,1.16806,158
2026-01-05 14:25:00,1.16793,1.16806,1.16785,1.168,1.16806,1.1682,1.16799,1.16814,170
2026-01-05 14:26:00,1.168,1.1680100000000002,1.16779,1.16781,1.16814,1.16815,1.16793,1.16794,191
2026-01-05 14:27:00,1.16781,1.1678400000000002,1.1677000000000002,1.16783,1.16794,1.16798,1.16784,1.16797,134
2026-01-05 14:28:00,1.16783,1.16798,1.16779,1.16781,1.16797,1.16811,1.16791,1.16794,207
2026-01-05 14:29:00,1.16781,1.16791,1.16779,1.16781,1.16794,1.16803,1.16792,1.16794,182
2026-01-05 14:30:00,1.16781,1.1679000000000002,1.1676700000000002,1.1678000000000002,1.16794,1.16804,1.1678,1.16793,430
2026-01-05 14:31:00,1.1678000000000002,1.1678700000000002,1.16765,1.16771,1.16793,1.16799,1.16779,1.16783,361
2026-01-05 14:32:00,1.16771,1.16789,1.16761,1.1676300000000002,1.16783,1.16803,1.16775,1.16778,296
2026-01-05 14:33:00,1.1676300000000002,1.1676700000000002,1.16751,1.16755,1.16778,1.16781,1.16765,1.16768,234
2026-01-05 14:34:00,1.16755,1.16791,1.1675300000000002,1.1678400000000002,1.16768,1.16803,1.16766,1.16798,283
2026-01-05 14:35:00,1.1678400000000002,1.16789,1.16764,1.16764,1.16798,1.16802,1.16777,1.16777,260
2026-01-05 14:36:00,1.16764,1.16775,1.16754,1.16755,1.16777,1.16788,1.16766,1.16767,246
2026-01-05 14:37:00,1.16755,1.16765,1.16742,1.1674600000000002,1.16767,1.16777,1.16755,1.16759,262
2026-01-05 14:38:00,1.1674600000000002,1.1676000000000002,1.16738,1.16754,1.16759,1.16773,1.16752,1.16767,294
2026-01-05 14:39:00,1.16754,1.16789,1.1675000000000002,1.1678700000000002,1.16767,1.16802,1.16764,1.168,317
2026-01-05 14:40:00,1.1678700000000002,1.16793,1.1677300000000002,1.1678000000000002,1.168,1.16807,1.16787,1.16794,291
2026-01-05 14:41:00,1.1678000000000002,1.16788,1.16758,1.16771,1.16794,1.16802,1.16771,1.16784,247
2026-01-05 14:42:00,1.16771,1.1678000000000002,1.1676300000000002,1.16775,1.16784,1.16794,1.16777,1.16787,245
2026-01-05 14:43:00,1.16775,1.1678000000000002,1.1677000000000002,1.1677000000000002,1.16787,1.16794,1.16782,1.16783,127
2026-01-05 14:44:00,1.1677000000000002,1.1678400000000002,1.1676300000000002,1.16775,1.16783,1.16797,1.16776,1.16788,224
2026-01-05 14:45:00,1.16775,1.16775,1.16752,1.16768,1.16788,1.16788,1.16764,1.1678,275
2026-01-05 14:46:00,1.16768,1.16781,1.16765,1.1677000000000002,1.1678,1.16794,1.16778,1.16782,253
2026-01-05 14:47:00,1.1677000000000002,1.1681400000000002,1.16765,1.1680100000000002,1.16782,1.16829,1.16778,1.16814,310
2026-01-05 14:48:00,1.1680100000000002,1.16812,1.1678400000000002,1.1681100000000002,1.16814,1.16827,1.16798,1.16826,334
2026-01-05 14:49:00,1.1681100000000002,1.16818,1.16803,1.16806,1.16826,1.16832,1.16817,1.16819,255
2026-01-05 14:50:00,1.16806,1.16842,1.168,1.16833,1.16819,1.16857,1.16814,1.16847,250
2026-01-05 14:51:00,1.16833,1.1686,1.1682400000000002,1.1684500000000002,1.16847,1.16874,1.16837,1.16859,442
2026-01-05 14:52:00,1.1684500000000002,1.1684800000000002,1.1683,1.16837,1.16859,1.16862,1.16843,1.1685,259
2026-01-05 14:53:00,1.16837,1.1685,1.16825,1.1685,1.1685,1.16864,1.16839,1.16864,243
2026-01-05 14:54:00,1.1685,1.16852,1.1684,1.1684100000000002,1.16864,1.16864,1.16854,1.16854,193
2026-01-05 14:55:00,1.1684100000000002,1.1685100000000002,1.16833,1.1685100000000002,1.16854,1.16864,1.16846,1.16864,255
2026-01-05 14:56:00,1.1685100000000002,1.16861,1.1684500000000002,1.1685500000000002,1.16864,1.16875,1.16858,1.16867,254
2026-01-05 14:57:00,1.1685500000000002,1.16869,1.16852,1.1685800000000002,1.16867,1.16881,1.16864,1.16872,149
2026-01-05 14:58:00,1.1685800000000002,1.16866,1.1685,1.1686500000000002,1.16872,1.16879,1.16863,1.16879,79
2026-01-05 14:59:00,1.1686500000000002,1.16866,1.16844,1.16844,1.16879,1.1688,1.16866,1.16866,116
2026-01-05 15:00:00,1.16844,1.16898,1.16844,1.16881,1.16866,1.16914,1.16866,1.16898,399
2026-01-05 15:01:00,1.16881,1.16888,1.1686800000000002,1.1687,1.16898,1.16904,1.16882,1.16883,293
2026-01-05 15:02:00,1.1687,1.16927,1.1687,1.16911,1.16883,1.16941,1.16883,1.16927,209
2026-01-05 15:03:00,1.16911,1.16942,1.16911,1.16924,1.16927,1.16957,1.16927,1.16939,302
2026-01-05 15:04:00,1.16924,1.1694600000000002,1.1691900000000002,1.16934,1.16939,1.1696,1.16933,1.16948,316
2026-01-05 15:05:00,1.16934,1.16937,1.16924,1.1692900000000002,1.16948,1.16951,1.16937,1.16943,242
2026-01-05 15:06:00,1.1692900000000002,1.16941,1.1691200000000002,1.16913,1.16943,1.16955,1.16926,1.16926,199
2026-01-05 15:07:00,1.16913,1.16935,1.1690600000000002,1.16927,1.16926,1.16949,1.1692,1.16941,274
2026-01-05 15:08:00,1.16927,1.16937,1.169,1.16901,1.16941,1.1695,1.16914,1.16914,273
2026-01-05 15:09:00,1.16901,1.16903,1.1689200000000002,1.16893,1.16914,1.16917,1.16905,1.16906,224
2026-01-05 15:10:00,1.16893,1.16896,1.16876,1.16887,1.16906,1.16908,1.16891,1.169,239
2026-01-05 15:11:00,1.16887,1.1690200000000002,1.16879,1.1690200000000002,1.169,1.16915,1.16892,1.16915,263
2026-01-05 15:12:00,1.1690200000000002,1.16913,1.1688900000000002,1.1690900000000002,1.16915,1.16928,1.16902,1.16923,236
2026-01-05 15:13:00,1.1690900000000002,1.16924,1.1690200000000002,1.16922,1.16923,1.16937,1.16916,1.16936,230
2026-01-05 15:14:00,1.16922,1.16949,1.16913,1.1694,1.16936,1.16964,1.16927,1.16955,217
2026-01-05 15:15:00,1.1694,1.16947,1.1692600000000002,1.16937,1.16955,1.16961,1.16939,1.1695,278
2026-01-05 15:16:00,1.16937,1.16952,1.16935,1.1693900000000002,1.1695,1.16966,1.16947,1.16952,220
2026-01-05 15:17:00,1.1693900000000002,1.16948,1.16934,1.16938,1.16952,1.1696,1.16947,1.1695,242
2026-01-05 15:18:00,1.16938,1.1695300000000002,1.16928,1.16951,1.1695,1.16966,1.1694,1.16964,180
2026-01-05 15:19:00,1.16951,1.16972,1.16951,1.16972,1.16964,1.16986,1.16964,1.16984,218
2026-01-05 15:20:00,1.16972,1.16979,1.16957,1.16959,1.16984,1.16993,1.16972,1.16973,318
2026-01-05 15:21:00,1.16959,1.16962,1.16945,1.16948,1.16973,1.16975,1.16958,1.1696,180
2026-01-05 15:22:00,1.16948,1.1696300000000002,1.1694600000000002,1.1694600000000002,1.1696,1.16976,1.16959,1.16959,197
2026-01-05 15:23:00,1.1694600000000002,1.16954,1.1691600000000002,1.1691600000000002,1.16959,1.16966,1.1693,1.1693,392
2026-01-05 15:24:00,1.1691600000000002,1.1695600000000002,1.16915,1.1695300000000002,1.1693,1.16969,1.16928,1.16966,318
2026-01-05 15:25:00,1.1695300000000002,1.16971,1.1695300000000002,1.16964,1.16966,1.16984,1.16965,1.16978,307
2026-01-05 15:26:00,1.16964,1.1696700000000002,1.16954,1.16964,1.16978,1.16979,1.16967,1.16977,304
2026-01-05 15:27:00,1.16964,1.1697000000000002,1.16952,1.16961,1.16977,1.16983,1.16965,1.16973,263
2026-01-05 15:28:00,1.16961,1.16971,1.16958,1.1696700000000002,1.16973,1.16984,1.16971,1.16979,236
2026-01-05 15:29:00,1.1696700000000002,1.1697300000000002,1.16951,1.16957,1.16979,1.16986,1.16963,1.1697,214
2026-01-05 15:30:00,1.16957,1.16958,1.16935,1.16944,1.1697,1.16971,1.16949,1.16958,282
2026-01-05 15:31:00,1.16944,1.16981,1.16944,1.16979,1.16958,1.16995,1.16957,1.16992,278
2026-01-05 15:32:00,1.16979,1.16983,1.16974,1.16982,1.16992,1.16996,1.16986,1.16995,146
2026-01-05 15:33:00,1.16982,1.16993,1.16978,1.1698400000000002,1.16995,1.17006,1.1699,1.16996,260
2026-01-05 15:34:00,1.1698400000000002,1.1699700000000002,1.16979,1.16992,1.16996,1.1701,1.16993,1.17006,206
2026-01-05 15:35:00,1.16992,1.1699400000000002,1.1697300000000002,1.1697300000000002,1.17006,1.17008,1.16985,1.16985,194
2026-01-05 15:36:00,1.1697300000000002,1.16981,1.1694600000000002,1.16947,1.16985,1.16994,1.1696,1.16962,269
2026-01-05 15:37:00,1.16947,1.1696000000000002,1.16938,1.1693900000000002,1.16962,1.16974,1.16951,1.16951,331
2026-01-05 15:38:00,1.1693900000000002,1.1695600000000002,1.1693900000000002,1.16949,1.16951,1.16969,1.16951,1.16962,214
2026-01-05 15:39:00,1.16949,1.16965,1.16944,1.16965,1.16962,1.16978,1.16956,1.16978,119
2026-01-05 15:40:00,1.16965,1.1697000000000002,1.1695300000000002,1.16965,1.16978,1.16983,1.16966,1.16978,291
2026-01-05 15:41:00,1.16965,1.1697000000000002,1.1695300000000002,1.16954,1.16978,1.16983,1.16966,1.16968,125
2026-01-05 15:42:00,1.16954,1.1697700000000002,1.16954,1.16962,1.16968,1.1699,1.16968,1.16975,148
2026-01-05 15:43:00,1.16962,1.1697000000000002,1.16954,1.16954,1.16975,1.16983,1.16967,1.16968,221
2026-01-05 15:44:00,1.16954,1.16971,1.1695300000000002,1.16961,1.16968,1.16985,1.16967,1.16975,248
2026-01-05 15:45:00,1.16961,1.16974,1.16958,1.1697300000000002,1.16975,1.16987,1.1697,1.16985,189
2026-01-05 15:46:00,1.1697300000000002,1.1697300000000002,1.16951,1.16959,1.16985,1.16985,1.16965,1.16972,182
2026-01-05 15:47:00,1.16959,1.16965,1.16938,1.16938,1.16972,1.16978,1.16951,1.16951,246
2026-01-05 15:48:00,1.16938,1.16959,1.16924,1.1695000000000002,1.16951,1.16973,1.16937,1.16963,394
2026-01-05 15:49:00,1.1695000000000002,1.1695300000000002,1.1694300000000002,1.16947,1.16963,1.16966,1.16955,1.16961,203
2026-01-05 15:50:00,1.16947,1.16948,1.1691900000000002,1.1692300000000002,1.16961,1.16961,1.16932,1.16937,292
2026-01-05 15:51:00,1.1692300000000002,1.16962,1.16915,1.1695300000000002,1.16937,1.16975,1.16929,1.16967,262
2026-01-05 15:52:00,1.1695300000000002,1.16976,1.16948,1.16976,1.16967,1.1699,1.16962,1.1699,221
2026-01-05 15:53:00,1.16976,1.17005,1.1697000000000002,1.1699400000000002,1.1699,1.17017,1.16984,1.17009,295
2026-01-05 15:54:00,1.1699400000000002,1.1700000000000002,1.16981,1.16981,1.17009,1.17013,1.16994,1.16994,154
2026-01-05 15:55:00,1.16981,1.17009,1.1698000000000002,1.17006,1.16994,1.17022,1.16993,1.1702,205
2026-01-05 15:56:00,1.17006,1.17027,1.16998,1.17026,1.1702,1.17039,1.17013,1.17039,187
2026-01-05 15:57:00,1.17026,1.17039,1.17012,1.17036,1.17039,1.17052,1.17025,1.17048,335
2026-01-05 15:58:00,1.17036,1.1703800000000002,1.17029,1.17037,1.17048,1.17051,1.17041,1.17049,276
2026-01-05 15:59:00,1.17037,1.1704100000000002,1.17029,1.1704100000000002,1.17049,1.17054,1.17041,1.17053,291
2026-01-05 16:00:00,1.1704100000000002,1.17047,1.17035,1.1704500000000002,1.17053,1.17059,1.17047,1.17058,244
2026-01-05 16:01:00,1.1704500000000002,1.1704800000000002,1.1704100000000002,1.1704800000000002,1.17058,1.1706,1.17053,1.1706,100
2026-01-05 16:02:00,1.1704800000000002,1.17069,1.17036,1.17069,1.1706,1.17082,1.17048,1.17082,285
2026-01-05 16:03:00,1.17069,1.17079,1.1705800000000002,1.17076,1.17082,1.17092,1.17071,1.17088,248
2026-01-05 16:04:00,1.17076,1.1708200000000002,1.1707200000000002,1.1708,1.17088,1.17095,1.17085,1.17093,202
2026-01-05 16:05:00,1.1708,1.1708,1.17049,1.1705500000000002,1.17093,1.17093,1.17062,1.17068,211
2026-01-05 16:06:00,1.1705500000000002,1.1706,1.17042,1.17057,1.17068,1.17073,1.17056,1.1707,135
2026-01-05 16:07:00,1.17057,1.17074,1.17056,1.17071,1.1707,1.17087,1.17069,1.17083,138
2026-01-05 16:08:00,1.17071,1.1708200000000002,1.17069,1.17069,1.17083,1.17094,1.17083,1.17083,135
2026-01-05 16:09:00,1.17069,1.17074,1.17063,1.17066,1.17083,1.17086,1.17075,1.17078,156
2026-01-05 16:10:00,1.17066,1.17073,1.17064,1.1706800000000002,1.17078,1.17086,1.17077,1.1708,96
2026-01-05 16:11:00,1.1706800000000002,1.1708200000000002,1.1706200000000002,1.1706800000000002,1.1708,1.17095,1.17075,1.1708,136
2026-01-05 16:12:00,1.1706800000000002,1.17096,1.1706800000000002,1.1709500000000002,1.1708,1.1711,1.1708,1.17108,145
2026-01-05 16:13:00,1.1709500000000002,1.17108,1.1709200000000002,1.1710600000000002,1.17108,1.17121,1.17104,1.17119,152
2026-01-05 16:14:00,1.1710600000000002,1.1711600000000002,1.17094,1.1709500000000002,1.17119,1.17129,1.17107,1.17107,159
2026-01-05 16:15:00,1.1709500000000002,1.1710900000000002,1.17087,1.17094,1.17107,1.17122,1.171,1.17106,198
2026-01-05 16:16:00,1.17094,1.1710200000000002,1.1708,1.17084,1.17106,1.17115,1.17094,1.17097,155
2026-01-05 16:17:00,1.17084,1.17088,1.17076,1.1708,1.17097,1.17101,1.17089,1.17093,188
2026-01-05 16:18:00,1.1708,1.1709,1.1706500000000002,1.1706800000000002,1.17093,1.17103,1.17078,1.17081,224
2026-01-05 16:19:00,1.1706800000000002,1.17084,1.17067,1.17081,1.17081,1.17097,1.17079,1.17093,171
2026-01-05 16:20:00,1.17081,1.17101,1.17081,1.17091,1.17093,1.17114,1.17093,1.17104,158
2026-01-05 16:21:00,1.17091,1.1709200000000002,1.17073,1.17079,1.17104,1.17105,1.17086,1.17091,181
2026-01-05 16:22:00,1.17079,1.17086,1.1707200000000002,1.17086,1.17091,1.17099,1.17085,1.17098,124
2026-01-05 16:23:00,1.17086,1.17096,1.17069,1.1707200000000002,1.17098,1.17108,1.17084,1.17084,203
2026-01-05 16:24:00,1.1707200000000002,1.17084,1.17069,1.1707800000000002,1.17084,1.17098,1.17083,1.17091,209
2026-01-05 16:25:00,1.1707800000000002,1.17093,1.17073,1.17076,1.17091,1.17105,1.17086,1.17089,161
2026-01-05 16:26:00,1.17076,1.17091,1.17067,1.1708900000000002,1.17089,1.17105,1.1708,1.17103,244
2026-01-05 16:27:00,1.1708900000000002,1.17103,1.1708200000000002,1.1710200000000002,1.17103,1.17115,1.17094,1.17115,284
2026-01-05 16:28:00,1.1710200000000002,1.17108,1.1709500000000002,1.17096,1.17115,1.17121,1.17108,1.17109,185
2026-01-05 16:29:00,1.17096,1.17104,1.17088,1.17097,1.17109,1.17117,1.17101,1.1711,151
2026-01-05 16:30:00,1.17097,1.17111,1.1708900000000002,1.1710600000000002,1.1711,1.17125,1.17101,1.17119,225
2026-01-05 16:31:00,1.1710600000000002,1.17131,1.17105,1.17118,1.17119,1.17143,1.17118,1.17132,275
2026-01-05 16:32:00,1.17118,1.17149,1.1711600000000002,1.1714600000000002,1.17132,1.17162,1.1713,1.1716,195
2026-01-05 16:33:00,1.1714600000000002,1.17162,1.17142,1.1716000000000002,1.1716,1.17176,1.17155,1.17174,302
2026-01-05 16:34:00,1.1716000000000002,1.1716700000000002,1.17152,1.1716000000000002,1.17174,1.1718,1.17166,1.17174,249
2026-01-05 16:35:00,1.1716000000000002,1.17181,1.1716000000000002,1.17164,1.17174,1.17193,1.17173,1.17177,219
2026-01-05 16:36:00,1.17164,1.17176,1.17164,1.17175,1.17177,1.17188,1.17177,1.17188,168
2026-01-05 16:37:00,1.17175,1.17178,1.17148,1.17151,1.17188,1.17191,1.17161,1.17165,259
2026-01-05 16:38:00,1.17151,1.17154,1.17137,1.1714,1.17165,1.17167,1.1715,1.17153,269
2026-01-05 16:39:00,1.1714,1.17154,1.1713300000000002,1.17151,1.17153,1.17166,1.17146,1.17164,252
2026-01-05 16:40:00,1.17151,1.17159,1.17144,1.17158,1.17164,1.17173,1.17158,1.1717,180
2026-01-05 16:41:00,1.17158,1.1716300000000002,1.1714300000000002,1.17148,1.1717,1.17175,1.17155,1.1716,211
2026-01-05 16:42:00,1.17148,1.17155,1.17135,1.1713600000000002,1.1716,1.17168,1.17149,1.1715,190
2026-01-05 16:43:00,1.1713600000000002,1.1714300000000002,1.17132,1.17135,1.1715,1.17157,1.17145,1.17148,162
2026-01-05 16:44:00,1.17135,1.1714300000000002,1.17132,1.17137,1.17148,1.17156,1.17145,1.1715,168
2026-01-05 16:45:00,1.17137,1.1713900000000002,1.1712300000000002,1.1712300000000002,1.1715,1.17152,1.17136,1.17138,185
2026-01-05 16:46:00,1.1712300000000002,1.17142,1.17122,1.17137,1.17138,1.17154,1.17136,1.1715,138
2026-01-05 16:47:00,1.17137,1.1714300000000002,1.17132,1.17137,1.1715,1.17156,1.17146,1.1715,140
2026-01-05 16:48:00,1.17137,1.17147,1.17137,1.17147,1.1715,1.1716,1.1715,1.1716,55
2026-01-05 16:49:00,1.17147,1.17154,1.17142,1.17151,1.1716,1.17166,1.17154,1.17163,98
2026-01-05 16:50:00,1.17151,1.17154,1.1713,1.1713600000000002,1.17163,1.17166,1.17143,1.17149,134
2026-01-05 16:51:00,1.1713600000000002,1.17152,1.17134,1.17152,1.17149,1.17165,1.17147,1.17164,130
2026-01-05 16:52:00,1.17152,1.17152,1.17131,1.17134,1.17164,1.17164,1.17144,1.17146,175
2026-01-05 16:53:00,1.17134,1.1713900000000002,1.1711600000000002,1.1712900000000002,1.17146,1.17153,1.1713,1.17142,169
2026-01-05 16:54:00,1.1712900000000002,1.1713,1.17121,1.17122,1.17142,1.17143,1.17134,1.17135,143
2026-01-05 16:55:00,1.17122,1.1714300000000002,1.17122,1.17138,1.17135,1.17157,1.17134,1.17152,146
2026-01-05 16:56:00,1.17138,1.17142,1.17128,1.17134,1.17152,1.17156,1.1714,1.17146,191
2026-01-05 16:57:00,1.17134,1.1715000000000002,1.1712600000000002,1.17148,1.17146,1.17164,1.1714,1.17162,226
2026-01-05 16:58:00,1.17148,1.1715300000000002,1.1714300000000002,1.17144,1.17162,1.17166,1.17157,1.17157,152
2026-01-05 16:59:00,1.17144,1.17145,1.17135,1.1714300000000002,1.17157,1.17158,1.17149,1.17156,166
2026-01-05 17:00:00,1.1714300000000002,1.17145,1.17135,1.17138,1.17156,1.17158,1.17149,1.17151,196
2026-01-05 17:01:00,1.17138,1.17151,1.17137,1.1715000000000002,1.17151,1.17163,1.17151,1.17162,195
2026-01-05 17:02:00,1.1715000000000002,1.17154,1.17135,1.17137,1.17162,1.17166,1.17148,1.17151,196
2026-01-05 17:03:00,1.17137,1.17144,1.17135,1.17144,1.17151,1.17157,1.1715,1.17157,111
2026-01-05 17:04:00,1.17144,1.17144,1.17111,1.17111,1.17157,1.17158,1.17126,1.17126,153
2026-01-05 17:05:00,1.17111,1.1712600000000002,1.17111,1.1712300000000002,1.17126,1.1714,1.17125,1.17136,180
2026-01-05 17:06:00,1.1712300000000002,1.17147,1.17122,1.17144,1.17136,1.1716,1.17135,1.17158,172
2026-01-05 17:07:00,1.17144,1.17152,1.17144,1.1714600000000002,1.17158,1.17166,1.17158,1.1716,146
2026-01-05 17:08:00,1.1714600000000002,1.17158,1.17142,1.17144,1.1716,1.17172,1.17156,1.17157,127
2026-01-05 17:09:00,1.17144,1.17144,1.1711600000000002,1.1711900000000002,1.17157,1.17157,1.17129,1.17132,143
2026-01-05 17:10:00,1.1711900000000002,1.17124,1.1710600000000002,1.1711,1.17132,1.17139,1.1712,1.17122,142
2026-01-05 17:11:00,1.1711,1.17117,1.1710200000000002,1.1710200000000002,1.17122,1.17129,1.17115,1.17116,179
2026-01-05 17:12:00,1.1710200000000002,1.17125,1.17101,1.17108,1.17116,1.17137,1.17113,1.17121,120
2026-01-05 17:13:00,1.17108,1.1711,1.17096,1.17098,1.17121,1.17123,1.17109,1.17112,138
2026-01-05 17:14:00,1.17098,1.1710900000000002,1.1709500000000002,1.17108,1.17112,1.17122,1.17109,1.17121,156
2026-01-05 17:15:00,1.17108,1.1711900000000002,1.17107,1.17111,1.17121,1.17132,1.1712,1.17125,173
2026-01-05 17:16:00,1.17111,1.17134,1.1710600000000002,1.1713300000000002,1.17125,1.17148,1.17119,1.17146,193
2026-01-05 17:17:00,1.1713300000000002,1.17138,1.1711600000000002,1.1712300000000002,1.17146,1.17152,1.17131,1.17135,162
2026-01-05 17:18:00,1.1712300000000002,1.17144,1.17122,1.17144,1.17135,1.17157,1.17134,1.17157,173
2026-01-05 17:19:00,1.17144,1.17162,1.1714300000000002,1.1716000000000002,1.17157,1.17176,1.17157,1.17174,106
2026-01-05 17:20:00,1.1716000000000002,1.1717000000000002,1.17158,1.1717000000000002,1.17174,1.17182,1.17171,1.17182,87
2026-01-05 17:21:00,1.1717000000000002,1.17183,1.1717000000000002,1.17181,1.17182,1.17197,1.17182,1.17193,129
2026-01-05 17:22:00,1.17181,1.17193,1.17179,1.17192,1.17193,1.17206,1.17191,1.17205,164
2026-01-05 17:23:00,1.17192,1.17192,1.17178,1.1718400000000002,1.17205,1.17205,1.17191,1.17198,83
2026-01-05 17:24:00,1.1718400000000002,1.17186,1.1717000000000002,1.1717300000000002,1.17198,1.17199,1.17182,1.17187,102
2026-01-05 17:25:00,1.1717300000000002,1.1718700000000002,1.17171,1.17186,1.17187,1.172,1.17185,1.17199,122
2026-01-05 17:26:00,1.17186,1.17189,1.1716300000000002,1.1716700000000002,1.17199,1.17202,1.17176,1.17181,142
2026-01-05 17:27:00,1.1716700000000002,1.1717000000000002,1.1715300000000002,1.17162,1.17181,1.17183,1.17167,1.17176,158
2026-01-05 17:28:00,1.17162,1.17162,1.17147,1.1715600000000002,1.17176,1.17176,1.1716,1.1717,120
2026-01-05 17:29:00,1.1715600000000002,1.17179,1.1715600000000002,1.1717000000000002,1.1717,1.17192,1.17169,1.17184,194
2026-01-05 17:30:00,1.1717000000000002,1.17174,1.17155,1.1715600000000002,1.17184,1.17187,1.17169,1.17169,126
2026-01-05 17:31:00,1.1715600000000002,1.17157,1.17142,1.17152,1.17169,1.17169,1.17155,1.17164,147
2026-01-05 17:32:00,1.17152,1.17164,1.17151,1.17152,1.17164,1.17176,1.17164,1.17165,130
2026-01-05 17:33:00,1.17152,1.17154,1.1713300000000002,1.17148,1.17165,1.17166,1.17146,1.17161,162
2026-01-05 17:34:00,1.17148,1.17176,1.17147,1.17164,1.17161,1.17191,1.17161,1.17177,201
2026-01-05 17:35:00,1.17164,1.17171,1.17161,1.17169,1.17177,1.17185,1.17175,1.17183,139
2026-01-05 17:36:00,1.17169,1.17171,1.17158,1.17158,1.17183,1.17184,1.17172,1.17172,125
2026-01-05 17:37:00,1.17158,1.17172,1.17158,1.1716300000000002,1.17172,1.17186,1.17172,1.17176,135
2026-01-05 17:38:00,1.1716300000000002,1.17164,1.17152,1.17154,1.17176,1.17178,1.17166,1.17168,130
2026-01-05 17:39:00,1.17154,1.17157,1.17142,1.1714300000000002,1.17168,1.17171,1.17156,1.17156,133
2026-01-05 17:40:00,1.1714300000000002,1.1714600000000002,1.17135,1.1713600000000002,1.17156,1.17159,1.17149,1.17149,155
2026-01-05 17:41:00,1.1713600000000002,1.17144,1.1713300000000002,1.1714300000000002,1.17149,1.17158,1.17147,1.17157,136
2026-01-05 17:42:00,1.1714300000000002,1.17144,1.17127,1.17132,1.17157,1.17157,1.1714,1.17146,113
2026-01-05 17:43:00,1.17132,1.17132,1.17118,1.17118,1.17146,1.17146,1.17132,1.17132,80
2026-01-05 17:44:00,1.17118,1.1711900000000002,1.17107,1.1711,1.17132,1.17132,1.17121,1.17123,115
2026-01-05 17:45:00,1.1711,1.17124,1.1710900000000002,1.17113,1.17123,1.17138,1.17123,1.17127,197
2026-01-05 17:46:00,1.17113,1.17131,1.17108,1.1712900000000002,1.17127,1.17145,1.17121,1.17142,122
2026-01-05 17:47:00,1.1712900000000002,1.17132,1.1712600000000002,1.17128,1.17142,1.17146,1.1714,1.17141,63
2026-01-05 17:48:00,1.17128,1.1713300000000002,1.17128,1.17132,1.17141,1.17147,1.17141,1.17145,55
2026-01-05 17:49:00,1.17132,1.17132,1.17128,1.17128,1.17145,1.17145,1.17141,1.17142,38
2026-01-05 17:50:00,1.17128,1.1714300000000002,1.17128,1.1714300000000002,1.17142,1.17157,1.17142,1.17157,53
2026-01-05 17:51:00,1.1714300000000002,1.17148,1.1714,1.17141,1.17157,1.17162,1.17154,1.17154,49
2026-01-05 17:52:00,1.17141,1.17141,1.17132,1.1713900000000002,1.17154,1.17154,1.17146,1.17152,112
2026-01-05 17:53:00,1.1713900000000002,1.1714,1.1713,1.17135,1.17152,1.17154,1.17143,1.17148,122
2026-01-05 17:54:00,1.17135,1.17144,1.17135,1.1713900000000002,1.17148,1.17157,1.17148,1.17153,110
2026-01-05 17:55:00,1.1713900000000002,1.17144,1.17138,1.1713900000000002,1.17153,1.17157,1.17151,1.17153,44
2026-01-05 17:56:00,1.1713900000000002,1.17141,1.17134,1.17138,1.17153,1.17154,1.17148,1.17152,58
2026-01-05 17:57:00,1.17138,1.1714,1.1712900000000002,1.1713300000000002,1.17152,1.17152,1.17142,1.17147,108
2026-01-05 17:58:00,1.1713300000000002,1.1713600000000002,1.17127,1.17128,1.17147,1.17149,1.17141,1.17142,56
2026-01-05 17:59:00,1.17128,1.1714300000000002,1.17128,1.1713900000000002,1.17142,1.17156,1.17142,1.17152,116
2026-01-05 18:00:00,1.1713900000000002,1.1713900000000002,1.17128,1.17128,1.17152,1.17153,1.17141,1.17142,48
2026-01-05 18:01:00,1.17128,1.1715300000000002,1.17128,1.17149,1.17142,1.17167,1.17142,1.17163,135
2026-01-05 18:02:00,1.17149,1.17164,1.17148,1.1716300000000002,1.17163,1.17178,1.17162,1.17177,65
2026-01-05 18:03:00,1.1716300000000002,1.17164,1.17155,1.17158,1.17177,1.17178,1.17168,1.17171,70
2026-01-05 18:04:00,1.17158,1.17165,1.17157,1.1716300000000002,1.17171,1.17179,1.17171,1.17177,57
2026-01-05 18:05:00,1.1716300000000002,1.17169,1.1716300000000002,1.1716700000000002,1.17177,1.17183,1.17176,1.17181,68
2026-01-05 18:06:00,1.1716700000000002,1.17178,1.1716700000000002,1.17171,1.17181,1.17192,1.17181,1.17185,91
2026-01-05 18:07:00,1.17171,1.17178,1.17171,1.17176,1.17185,1.17192,1.17185,1.17189,82
2026-01-05 18:08:00,1.17176,1.17179,1.17169,1.17178,1.17189,1.17192,1.17183,1.17191,62
2026-01-05 18:09:00,1.17178,1.17178,1.1717300000000002,1.17176,1.17191,1.17191,1.17187,1.1719,42
2026-01-05 18:10:00,1.17176,1.17193,1.17176,1.17188,1.1719,1.17206,1.1719,1.17203,105
2026-01-05 18:11:00,1.17188,1.17192,1.17178,1.17182,1.17203,1.17205,1.17191,1.17197,115
2026-01-05 18:12:00,1.17182,1.1718700000000002,1.17181,1.17183,1.17197,1.17201,1.17194,1.17197,121
2026-01-05 18:13:00,1.17183,1.1718700000000002,1.17178,1.1718000000000002,1.17197,1.172,1.17191,1.17193,64
2026-01-05 18:14:00,1.1718000000000002,1.17185,1.17176,1.1718000000000002,1.17193,1.17198,1.17189,1.17193,122
2026-01-05 18:15:00,1.1718000000000002,1.17182,1.17176,1.17182,1.17193,1.17195,1.17189,1.17194,78
2026-01-05 18:16:00,1.17182,1.17186,1.1717700000000002,1.17181,1.17194,1.17198,1.1719,1.17195,111
2026-01-05 18:17:00,1.17181,1.17191,1.17181,1.1718700000000002,1.17195,1.17203,1.17193,1.172,124
2026-01-05 18:18:00,1.1718700000000002,1.17189,1.17183,1.1718700000000002,1.172,1.17202,1.17196,1.17201,80
2026-01-05 18:19:00,1.1718700000000002,1.17199,1.17186,1.1719700000000002,1.17201,1.17211,1.172,1.17211,58
2026-01-05 18:20:00,1.1719700000000002,1.1720000000000002,1.17188,1.17192,1.17211,1.17214,1.17202,1.17205,85
2026-01-05 18:21:00,1.17192,1.17195,1.17188,1.17188,1.17205,1.17209,1.17202,1.17202,79
2026-01-05 18:22:00,1.17188,1.17188,1.17178,1.17178,1.17202,1.17202,1.17191,1.17191,95
2026-01-05 18:23:00,1.17178,1.17189,1.1717700000000002,1.17189,1.17191,1.17202,1.17191,1.17201,96
2026-01-05 18:24:00,1.17189,1.1719400000000002,1.17181,1.1718700000000002,1.17201,1.17207,1.17195,1.172,139
2026-01-05 18:25:00,1.1718700000000002,1.17188,1.1717700000000002,1.17183,1.172,1.17202,1.1719,1.17196,149
2026-01-05 18:26:00,1.17183,1.17189,1.17178,1.17186,1.17196,1.17202,1.17191,1.17199,143
2026-01-05 18:27:00,1.17186,1.17193,1.17185,1.17192,1.17199,1.17206,1.17199,1.17206,70
2026-01-05 18:28:00,1.17192,1.17198,1.1718700000000002,1.17188,1.17206,1.17211,1.172,1.17202,145
2026-01-05 18:29:00,1.17188,1.17189,1.17183,1.17189,1.17202,1.17202,1.17197,1.17201,97
2026-01-05 18:30:00,1.17189,1.17198,1.1718700000000002,1.17195,1.17201,1.17211,1.172,1.17208,90
2026-01-05 18:31:00,1.17195,1.17198,1.17191,1.17195,1.17208,1.17211,1.17204,1.17209,61
2026-01-05 18:32:00,1.17195,1.1719700000000002,1.1719000000000002,1.17196,1.17209,1.17211,1.17203,1.1721,78
2026-01-05 18:33:00,1.17196,1.17201,1.17192,1.17201,1.1721,1.17214,1.17206,1.17214,60
2026-01-05 18:34:00,1.17201,1.1721100000000002,1.17201,1.17208,1.17214,1.17224,1.17214,1.17221,66
2026-01-05 18:35:00,1.17208,1.17212,1.17205,1.17208,1.17221,1.17225,1.17218,1.17222,59
2026-01-05 18:36:00,1.17208,1.17215,1.17208,1.17213,1.17222,1.17228,1.17221,1.17226,65
2026-01-05 18:37:00,1.17213,1.1722100000000002,1.17212,1.17219,1.17226,1.17234,1.17225,1.17233,75
2026-01-05 18:38:00,1.17219,1.17222,1.1721100000000002,1.17212,1.17233,1.17235,1.17224,1.17224,102
2026-01-05 18:39:00,1.17212,1.17218,1.17209,1.1721700000000002,1.17224,1.17231,1.17221,1.1723,128
2026-01-05 18:40:00,1.1721700000000002,1.1722800000000002,1.1721700000000002,1.17226,1.1723,1.17241,1.17229,1.17239,114
2026-01-05 18:41:00,1.17226,1.1724,1.17226,1.1723800000000002,1.17239,1.17252,1.17239,1.17251,127
2026-01-05 18:42:00,1.1723800000000002,1.1724,1.1723100000000002,1.17232,1.17251,1.17253,1.17244,1.17244,103
2026-01-05 18:43:00,1.17232,1.17232,1.1722100000000002,1.17226,1.17244,1.17245,1.17233,1.17239,114
2026-01-05 18:44:00,1.17226,1.17229,1.1722100000000002,1.1722100000000002,1.17239,1.17242,1.17233,1.17233,100
2026-01-05 18:45:00,1.1722100000000002,1.17223,1.1722,1.1722100000000002,1.17233,1.17236,1.17233,1.17234,124
2026-01-05 18:46:00,1.1722100000000002,1.17225,1.1722,1.17222,1.17234,1.17237,1.17232,1.17234,114
2026-01-05 18:47:00,1.17222,1.17227,1.1722100000000002,1.1722100000000002,1.17234,1.1724,1.17234,1.17234,105
2026-01-05 18:48:00,1.1722100000000002,1.1723100000000002,1.1722100000000002,1.17227,1.17234,1.17244,1.17234,1.1724,159
2026-01-05 18:49:00,1.17227,1.1723,1.17226,1.17226,1.1724,1.17244,1.17238,1.17239,88
2026-01-05 18:50:00,1.17226,1.17226,1.17216,1.17218,1.17239,1.17239,1.17229,1.1723,161
2026-01-05 18:51:00,1.17218,1.17225,1.1721100000000002,1.17212,1.1723,1.17239,1.17224,1.17225,99
2026-01-05 18:52:00,1.17212,1.1722,1.17212,1.17218,1.17225,1.17233,1.17225,1.17231,110
2026-01-05 18:53:00,1.17218,1.17232,1.17215,1.1723100000000002,1.17231,1.17245,1.17228,1.17245,118
2026-01-05 18:54:00,1.1723100000000002,1.17232,1.17227,1.17232,1.17245,1.17245,1.1724,1.17245,72
2026-01-05 18:55:00,1.17232,1.17236,1.17209,1.17209,1.17245,1.1725,1.17221,1.17221,205
2026-01-05 18:56:00,1.17209,1.17215,1.1720400000000002,1.1720400000000002,1.17221,1.17227,1.17217,1.17218,126
2026-01-05 18:57:00,1.1720400000000002,1.17219,1.17193,1.17212,1.17218,1.17233,1.17206,1.17225,206
2026-01-05 18:58:00,1.17212,1.1722,1.1721100000000002,1.1721700000000002,1.17225,1.17233,1.17224,1.1723,164
2026-01-05 18:59:00,1.1721700000000002,1.1724800000000002,1.1721700000000002,1.1724500000000002,1.1723,1.17261,1.1723,1.17258,289
2026-01-05 19:00:00,1.1724500000000002,1.1726,1.17227,1.17257,1.17258,1.17274,1.1724,1.17271,291
2026-01-05 19:01:00,1.17257,1.17262,1.17247,1.17247,1.17271,1.17275,1.17259,1.17261,172
2026-01-05 19:02:00,1.17247,1.1725800000000002,1.17244,1.17253,1.17261,1.1727,1.17257,1.17266,212
2026-01-05 19:03:00,1.17253,1.1726500000000002,1.17252,1.17257,1.17266,1.17277,1.17264,1.17269,122
2026-01-05 19:04:00,1.17257,1.1726,1.1725100000000002,1.17256,1.17269,1.17272,1.17264,1.17269,129
2026-01-05 19:05:00,1.17256,1.1725800000000002,1.17246,1.1725500000000002,1.17269,1.17271,1.17258,1.17267,136
2026-01-05 19:06:00,1.1725500000000002,1.1725500000000002,1.17246,1.17247,1.17267,1.17268,1.17259,1.1726,151
2026-01-05 19:07:00,1.17247,1.1724800000000002,1.17229,1.1723800000000002,1.1726,1.17261,1.17242,1.1725,368
2026-01-05 19:08:00,1.1723800000000002,1.17243,1.17236,1.17236,1.1725,1.17255,1.17249,1.17249,86
2026-01-05 19:09:00,1.17236,1.1724100000000002,1.17235,1.17236,1.17249,1.17254,1.17248,1.17249,94
2026-01-05 19:10:00,1.17236,1.17236,1.17226,1.17226,1.17249,1.1725,1.17239,1.1724,100
2026-01-05 19:11:00,1.17226,1.17232,1.17226,1.17227,1.1724,1.17246,1.1724,1.17241,238
2026-01-05 19:12:00,1.17227,1.17236,1.17226,1.1723100000000002,1.17241,1.17249,1.1724,1.17245,91
2026-01-05 19:13:00,1.1723100000000002,1.17243,1.1723100000000002,1.17237,1.17245,1.17256,1.17245,1.1725,133
2026-01-05 19:14:00,1.17237,1.17237,1.1722800000000002,1.17232,1.1725,1.1725,1.17242,1.17245,129
2026-01-05 19:15:00,1.17232,1.17232,1.17218,1.1722,1.17245,1.17246,1.17232,1.17233,107
2026-01-05 19:16:00,1.1722,1.17226,1.17216,1.1721700000000002,1.17233,1.1724,1.1723,1.17231,112
2026-01-05 19:17:00,1.1721700000000002,1.1723800000000002,1.17216,1.17226,1.17231,1.1725,1.17229,1.17239,143
2026-01-05 19:18:00,1.17226,1.17233,1.1722100000000002,1.1722100000000002,1.17239,1.17246,1.17234,1.17235,118
2026-01-05 19:19:00,1.1722100000000002,1.17239,1.1722100000000002,1.1723,1.17235,1.17251,1.17235,1.17244,152
2026-01-05 19:20:00,1.1723,1.1724,1.17227,1.1724,1.17244,1.17254,1.1724,1.17254,87
2026-01-05 19:21:00,1.1724,1.17242,1.1723100000000002,1.17242,1.17254,1.17256,1.17244,1.17254,113
2026-01-05 19:22:00,1.17242,1.17242,1.17235,1.17235,1.17254,1.17254,1.17247,1.17249,88
2026-01-05 19:23:00,1.17235,1.17237,1.1723100000000002,1.17232,1.17249,1.1725,1.17244,1.17244,111
2026-01-05 19:24:00,1.17232,1.1723800000000002,1.1722400000000002,1.17237,1.17244,1.17251,1.17237,1.1725,169
2026-01-05 19:25:00,1.17237,1.17254,1.17236,1.1725100000000002,1.1725,1.17268,1.17248,1.17265,131
2026-01-05 19:26:00,1.1725100000000002,1.1726100000000002,1.1725100000000002,1.1725500000000002,1.17265,1.17274,1.17264,1.17267,186
2026-01-05 19:27:00,1.1725500000000002,1.1726,1.1725,1.17254,1.17267,1.17273,1.17263,1.17267,89
2026-01-05 19:28:00,1.17254,1.1725800000000002,1.1725100000000002,1.17257,1.17267,1.1727,1.17263,1.1727,141
2026-01-05 19:29:00,1.17257,1.17259,1.1725,1.1725,1.1727,1.17272,1.17263,1.17263,140
2026-01-05 19:30:00,1.1725,1.17253,1.17242,1.1725,1.17263,1.17265,1.17255,1.17263,112
2026-01-05 19:31:00,1.1725,1.1725,1.17244,1.17249,1.17263,1.17263,1.17257,1.17262,145
2026-01-05 19:32:00,1.17249,1.17262,1.17249,1.1726,1.17262,1.17275,1.17262,1.17273,82
2026-01-05 19:33:00,1.1726,1.1726100000000002,1.1725500000000002,1.17259,1.17273,1.17274,1.17268,1.17273,96
2026-01-05 19:34:00,1.17259,1.1726500000000002,1.17259,1.1726,1.17273,1.17278,1.17273,1.17273,86
2026-01-05 19:35:00,1.1726,1.17264,1.1726,1.17263,1.17273,1.17277,1.17273,1.17276,81
2026-01-05 19:36:00,1.17263,1.17266,1.1725500000000002,1.1726100000000002,1.17276,1.1728,1.17268,1.17275,105
2026-01-05 19:37:00,1.1726100000000002,1.17266,1.1726100000000002,1.17264,1.17275,1.17279,1.17274,1.17277,87
2026-01-05 19:38:00,1.17264,1.1727200000000002,1.17259,1.1727,1.17277,1.17285,1.17271,1.17284,137
2026-01-05 19:39:00,1.1727,1.17283,1.17266,1.17279,1.17284,1.17296,1.17279,1.17292,203
2026-01-05 19:40:00,1.17279,1.17279,1.17266,1.1727,1.17292,1.17292,1.17278,1.17283,112
2026-01-05 19:41:00,1.1727,1.17271,1.1726,1.1726100000000002,1.17283,1.17284,1.17272,1.17273,100
2026-01-05 19:42:00,1.1726100000000002,1.1726500000000002,1.17252,1.1725500000000002,1.17273,1.17277,1.17264,1.17267,67
2026-01-05 19:43:00,1.1725500000000002,1.17263,1.1725500000000002,1.1726,1.17267,1.17275,1.17267,1.17272,58
2026-01-05 19:44:00,1.1726,1.1726,1.1725,1.1725,1.17272,1.17273,1.17262,1.17262,114
2026-01-05 19:45:00,1.1725,1.17262,1.17249,1.1726100000000002,1.17262,1.17275,1.17261,1.17274,117
2026-01-05 19:46:00,1.1726100000000002,1.17262,1.1725100000000002,1.17252,1.17274,1.17275,1.17265,1.17265,50
2026-01-05 19:47:00,1.17252,1.17259,1.1725100000000002,1.17254,1.17265,1.17272,1.17264,1.17267,94
2026-01-05 19:48:00,1.17254,1.1726800000000002,1.17252,1.1726500000000002,1.17267,1.17282,1.17265,1.17279,111
2026-01-05 19:49:00,1.1726500000000002,1.17276,1.1726100000000002,1.17273,1.17279,1.1729,1.17275,1.17286,96
2026-01-05 19:50:00,1.17273,1.17274,1.1726500000000002,1.17267,1.17286,1.17287,1.17278,1.1728,74
2026-01-05 19:51:00,1.17267,1.1727200000000002,1.1726100000000002,1.1727200000000002,1.1728,1.17285,1.17275,1.17285,82
2026-01-05 19:52:00,1.1727200000000002,1.1727500000000002,1.1726,1.1726,1.17285,1.17288,1.17273,1.17274,70
2026-01-05 19:53:00,1.1726,1.17262,1.17252,1.1725500000000002,1.17274,1.17275,1.17265,1.17268,59
2026-01-05 19:54:00,1.1725500000000002,1.1727,1.1725500000000002,1.1726500000000002,1.17268,1.17283,1.17268,1.17278,95
2026-01-05 19:55:00,1.1726500000000002,1.17266,1.17256,1.1726500000000002,1.17278,1.17278,1.17269,1.17278,72
2026-01-05 19:56:00,1.1726500000000002,1.17269,1.1726100000000002,1.1726500000000002,1.17278,1.17282,1.17274,1.17278,69
2026-01-05 19:57:00,1.1726500000000002,1.1728200000000002,1.1726500000000002,1.17281,1.17278,1.17295,1.17278,1.17294,137
2026-01-05 19:58:00,1.17281,1.17281,1.1726500000000002,1.1727,1.17294,1.17294,1.17278,1.17284,140
2026-01-05 19:59:00,1.1727,1.17277,1.1726500000000002,1.17267,1.17284,1.1729,1.17279,1.17279,163
2026-01-05 20:00:00,1.17267,1.17267,1.17257,1.17264,1.17279,1.1728,1.17269,1.17277,279
2026-01-05 20:01:00,1.17264,1.1727800000000002,1.17264,1.17277,1.17277,1.1729,1.17276,1.1729,47
2026-01-05 20:02:00,1.17277,1.17277,1.1726800000000002,1.1727,1.1729,1.1729,1.17281,1.17284,56
2026-01-05 20:03:00,1.1727,1.1727200000000002,1.17266,1.17267,1.17284,1.17286,1.1728,1.1728,25
2026-01-05 20:04:00,1.17267,1.1727,1.17266,1.17266,1.1728,1.17282,1.17278,1.17278,39
2026-01-05 20:05:00,1.17266,1.17274,1.17266,1.17271,1.17278,1.17287,1.17278,1.17283,60
2026-01-05 20:06:00,1.17271,1.1727200000000002,1.17266,1.17271,1.17283,1.17284,1.17279,1.17284,52
2026-01-05 20:07:00,1.17271,1.1727800000000002,1.17271,1.1727500000000002,1.17284,1.17291,1.17283,1.17288,62
2026-01-05 20:08:00,1.1727500000000002,1.17276,1.17267,1.17267,1.17288,1.17289,1.17279,1.1728,59
2026-01-05 20:09:00,1.17267,1.17271,1.17267,1.17271,1.1728,1.17284,1.17279,1.17284,23
2026-01-05 20:10:00,1.17271,1.1727200000000002,1.1726800000000002,1.17271,1.17284,1.17285,1.17281,1.17283,36
2026-01-05 20:11:00,1.17271,1.1727800000000002,1.1727,1.1727800000000002,1.17283,1.1729,1.17283,1.1729,25
2026-01-05 20:12:00,1.1727800000000002,1.1728200000000002,1.17277,1.17281,1.1729,1.17295,1.17289,1.17293,52
2026-01-05 20:13:00,1.17281,1.17281,1.17276,1.17276,1.17293,1.17293,1.17289,1.17289,31
2026-01-05 20:14:00,1.17276,1.17276,1.1727,1.17271,1.17289,1.1729,1.17284,1.17284,47
2026-01-05 20:15:00,1.17271,1.1727500000000002,1.17271,1.1727200000000002,1.17284,1.17288,1.17284,1.17284,82
2026-01-05 20:16:00,1.1727200000000002,1.1727200000000002,1.1726500000000002,1.17267,1.17284,1.17285,1.17279,1.1728,49
2026-01-05 20:17:00,1.17267,1.17267,1.1726100000000002,1.17263,1.1728,1.1728,1.17274,1.17276,41
2026-01-05 20:18:00,1.17263,1.17263,1.17256,1.17256,1.17276,1.17276,1.17269,1.17269,53
2026-01-05 20:19:00,1.17256,1.17256,1.17243,1.17252,1.17269,1.1727,1.17255,1.17266,92
2026-01-05 20:20:00,1.17252,1.17253,1.1724800000000002,1.1725,1.17266,1.17266,1.17261,1.17264,60
2026-01-05 20:21:00,1.1725,1.1725500000000002,1.17244,1.17244,1.17264,1.17269,1.17258,1.17258,57
2026-01-05 20:22:00,1.17244,1.17246,1.17243,1.17246,1.17258,1.17258,1.17256,1.17258,37
2026-01-05 20:23:00,1.17246,1.17249,1.1724500000000002,1.17249,1.17258,1.17262,1.17257,1.17262,79
2026-01-05 20:24:00,1.17249,1.17253,1.1724800000000002,1.1725100000000002,1.17262,1.17266,1.1726,1.17263,59
2026-01-05 20:25:00,1.1725100000000002,1.17252,1.1725,1.1725,1.17263,1.17264,1.17262,1.17263,41
2026-01-05 20:26:00,1.1725,1.1725,1.1724100000000002,1.17249,1.17263,1.17263,1.17254,1.17262,87
2026-01-05 20:27:00,1.17249,1.1725100000000002,1.1724100000000002,1.17243,1.17262,1.17264,1.17253,1.17256,71
2026-01-05 20:28:00,1.17243,1.1724500000000002,1.17242,1.17243,1.17256,1.17258,1.17255,1.17256,67
2026-01-05 20:29:00,1.17243,1.17246,1.1724100000000002,1.1724500000000002,1.17256,1.1726,1.17254,1.17257,222
2026-01-05 20:30:00,1.1724500000000002,1.17257,1.1724500000000002,1.17257,1.17257,1.17269,1.17257,1.17269,106
2026-01-05 20:31:00,1.17257,1.1727,1.17256,1.1727,1.17269,1.17284,1.17269,1.17284,53
2026-01-05 20:32:00,1.1727,1.17274,1.1727,1.1727200000000002,1.17284,1.17287,1.17284,1.17285,16
2026-01-05 20:33:00,1.1727200000000002,1.17273,1.1726500000000002,1.1726500000000002,1.17285,1.17286,1.17279,1.17279,41
2026-01-05 20:34:00,1.1726500000000002,1.17266,1.17256,1.17257,1.17279,1.1728,1.17269,1.17271,63
2026-01-05 20:35:00,1.17257,1.1725800000000002,1.17252,1.17253,1.17271,1.17271,1.17265,1.17265,47
2026-01-05 20:36:00,1.17253,1.17253,1.1724800000000002,1.17252,1.17265,1.17267,1.17261,1.17266,44
2026-01-05 20:37:00,1.17252,1.17253,1.17246,1.17247,1.17266,1.17267,1.1726,1.17261,299
2026-01-05 20:38:00,1.17247,1.17257,1.1724500000000002,1.17257,1.17261,1.1727,1.17258,1.1727,58
2026-01-05 20:39:00,1.17257,1.17259,1.17257,1.1725800000000002,1.1727,1.17272,1.1727,1.17271,45
2026-01-05 20:40:00,1.1725800000000002,1.17262,1.17256,1.17262,1.17271,1.17276,1.1727,1.17275,35
2026-01-05 20:41:00,1.17262,1.17267,1.1725800000000002,1.17262,1.17275,1.1728,1.17272,1.17274,65
2026-01-05 20:42:00,1.17262,1.17262,1.17257,1.1726100000000002,1.17274,1.17275,1.1727,1.17275,121
2026-01-05 20:43:00,1.1726100000000002,1.17262,1.17257,1.1726100000000002,1.17275,1.17275,1.1727,1.17273,75
2026-01-05 20:44:00,1.1726100000000002,1.17263,1.17259,1.17263,1.17273,1.17276,1.17272,1.17275,62
2026-01-05 20:45:00,1.17263,1.17263,1.17249,1.1725,1.17275,1.17276,1.17263,1.17264,125
2026-01-05 20:46:00,1.1725,1.1725800000000002,1.1724500000000002,1.1725800000000002,1.17264,1.17271,1.17259,1.17271,37
2026-01-05 20:47:00,1.1725800000000002,1.1725800000000002,1.17243,1.17246,1.17271,1.17271,1.17256,1.17259,85
2026-01-05 20:48:00,1.17246,1.17246,1.17232,1.1723800000000002,1.17259,1.17259,1.17245,1.17251,77
2026-01-05 20:49:00,1.1723800000000002,1.1725,1.17235,1.1725,1.17251,1.17262,1.17248,1.17262,63
2026-01-05 20:50:00,1.1725,1.17259,1.17249,1.17257,1.17262,1.17272,1.17262,1.1727,43
2026-01-05 20:51:00,1.17257,1.1725800000000002,1.17252,1.17254,1.1727,1.1727,1.17265,1.17266,71
2026-01-05 20:52:00,1.17254,1.17257,1.1725100000000002,1.1725500000000002,1.17266,1.17269,1.17265,1.17268,63
2026-01-05 20:53:00,1.1725500000000002,1.17256,1.1725100000000002,1.1725100000000002,1.17268,1.17268,1.17265,1.17265,68
2026-01-05 20:54:00,1.1725100000000002,1.17259,1.1725100000000002,1.17257,1.17265,1.17271,1.17265,1.1727,552
2026-01-05 20:55:00,1.17257,1.17257,1.17235,1.17235,1.1727,1.1727,1.17249,1.17249,162
2026-01-05 20:56:00,1.17235,1.1724800000000002,1.17235,1.17243,1.17249,1.1726,1.17249,1.17256,186
2026-01-05 20:57:00,1.17243,1.17246,1.17239,1.1724500000000002,1.17256,1.17259,1.17252,1.17258,157
2026-01-05 20:58:00,1.1724500000000002,1.1724500000000002,1.1724,1.1724100000000002,1.17258,1.17258,1.17253,1.17254,134
2026-01-05 20:59:00,1.1724100000000002,1.17247,1.1724,1.1724100000000002,1.17254,1.17261,1.17253,1.17255,190
2026-01-05 21:00:00,1.1724100000000002,1.1724500000000002,1.17239,1.1724,1.17255,1.17258,1.17251,1.17252,167
2026-01-05 21:01:00,1.1724,1.1724100000000002,1.1723400000000002,1.17237,1.17252,1.17255,1.17247,1.1725,130
2026-01-05 21:02:00,1.17237,1.17242,1.1723,1.17236,1.1725,1.17255,1.17244,1.17248,94
2026-01-05 21:03:00,1.17236,1.17244,1.1723400000000002,1.17244,1.17248,1.17257,1.17247,1.17257,47
2026-01-05 21:04:00,1.17244,1.1724500000000002,1.17237,1.17237,1.17257,1.17258,1.17251,1.17251,45
2026-01-05 21:05:00,1.17237,1.1723800000000002,1.1722800000000002,1.1723100000000002,1.17251,1.17251,1.17241,1.17244,73
2026-01-05 21:06:00,1.1723100000000002,1.17232,1.1723,1.17232,1.17244,1.17245,1.17243,1.17245,17
2026-01-05 21:07:00,1.17232,1.17233,1.1723100000000002,1.1723100000000002,1.17245,1.17246,1.17244,1.17244,21
2026-01-05 21:08:00,1.1723100000000002,1.17232,1.1723100000000002,1.1723100000000002,1.17244,1.17245,1.17244,1.17245,6
2026-01-05 21:09:00,1.1723100000000002,1.1724100000000002,1.1722400000000002,1.1724100000000002,1.17245,1.17255,1.17239,1.17255,56
2026-01-05 21:10:00,1.1724100000000002,1.1724800000000002,1.1724100000000002,1.17247,1.17255,1.17261,1.17254,1.17261,30
2026-01-05 21:11:00,1.17247,1.1724800000000002,1.17246,1.17246,1.17261,1.17261,1.17259,1.17259,12
2026-01-05 21:12:00,1.17246,1.17247,1.17243,1.17243,1.17259,1.17259,1.17256,1.17258,8
2026-01-05 21:13:00,1.17243,1.17244,1.17242,1.17242,1.17258,1.17258,1.17255,1.17257,24
2026-01-05 21:14:00,1.17242,1.17242,1.1724100000000002,1.1724100000000002,1.17257,1.17257,1.17254,1.17255,19
2026-01-05 21:15:00,1.1724100000000002,1.17243,1.17239,1.17243,1.17255,1.17257,1.17252,1.17257,39
2026-01-05 21:16:00,1.17243,1.1724800000000002,1.17243,1.1724800000000002,1.17257,1.17262,1.17257,1.17261,9
2026-01-05 21:17:00,1.1724800000000002,1.1725100000000002,1.1724500000000002,1.1724800000000002,1.17261,1.17265,1.1726,1.17262,44
2026-01-05 21:18:00,1.1724800000000002,1.17253,1.1724500000000002,1.17246,1.17262,1.17266,1.17258,1.17258,44
2026-01-05 21:19:00,1.17246,1.1725100000000002,1.17246,1.1725,1.17258,1.17263,1.17258,1.17263,43
2026-01-05 21:20:00,1.1725,1.17259,1.1725,1.17259,1.17263,1.17272,1.17263,1.17272,61
2026-01-05 21:21:00,1.17259,1.17259,1.17253,1.17254,1.17272,1.17272,1.17267,1.17267,21
2026-01-05 21:22:00,1.17254,1.1725800000000002,1.17254,1.1725800000000002,1.17267,1.17271,1.17267,1.1727,27
2026-01-05 21:23:00,1.1725800000000002,1.1725800000000002,1.17252,1.17252,1.1727,1.17271,1.17265,1.17265,41
2026-01-05 21:24:00,1.17252,1.17254,1.1725,1.1725,1.17265,1.17267,1.17263,1.17263,31
2026-01-05 21:25:00,1.1725,1.1725,1.17226,1.17227,1.17263,1.17263,1.17239,1.1724,59
2026-01-05 21:26:00,1.17227,1.17227,1.17223,1.17225,1.1724,1.1724,1.17235,1.17238,45
2026-01-05 21:27:00,1.17225,1.17229,1.1722400000000002,1.17225,1.17238,1.17242,1.17237,1.17237,36
2026-01-05 21:28:00,1.17225,1.17226,1.17219,1.17219,1.17237,1.17239,1.17232,1.17232,42
2026-01-05 21:29:00,1.17219,1.17222,1.17208,1.1722100000000002,1.17232,1.17235,1.1722,1.17234,138
2026-01-05 21:30:00,1.1722100000000002,1.17227,1.1721700000000002,1.17225,1.17234,1.1724,1.1723,1.17238,105
2026-01-05 21:31:00,1.17225,1.17227,1.17225,1.17225,1.17238,1.1724,1.17237,1.17238,25
2026-01-05 21:32:00,1.17225,1.1723100000000002,1.17225,1.17226,1.17238,1.17244,1.17238,1.17238,46
2026-01-05 21:33:00,1.17226,1.17226,1.17222,1.17222,1.17238,1.17239,1.17234,1.17234,10
2026-01-05 21:34:00,1.17222,1.17222,1.1722,1.1722100000000002,1.17234,1.17235,1.17233,1.17233,9
2026-01-05 21:35:00,1.1722100000000002,1.17222,1.1722,1.1722100000000002,1.17233,1.17234,1.17232,1.17233,27
2026-01-05 21:36:00,1.1722100000000002,1.17226,1.17216,1.17216,1.17233,1.17239,1.17228,1.17229,49
2026-01-05 21:37:00,1.17216,1.17216,1.1721,1.1721100000000002,1.17229,1.1723,1.17223,1.17223,31
2026-01-05 21:38:00,1.1721100000000002,1.1721100000000002,1.1720700000000002,1.1721100000000002,1.17223,1.17224,1.17219,1.17223,40
2026-01-05 21:39:00,1.1721100000000002,1.17212,1.1721100000000002,1.1721100000000002,1.17223,1.17225,1.17223,1.17224,8
2026-01-05 21:40:00,1.1721100000000002,1.1721100000000002,1.1721,1.1721100000000002,1.17224,1.17224,1.17222,1.17223,13
2026-01-05 21:41:00,1.1721100000000002,1.1721100000000002,1.17209,1.1721,1.17223,1.17223,1.17222,1.17222,19
2026-01-05 21:42:00,1.1721,1.1721,1.1720400000000002,1.1720400000000002,1.17222,1.17223,1.17217,1.17218,42
2026-01-05 21:43:00,1.1720400000000002,1.17206,1.1720000000000002,1.1720000000000002,1.17218,1.17219,1.17213,1.17213,32
2026-01-05 21:44:00,1.1720000000000002,1.17203,1.17199,1.1720000000000002,1.17213,1.17215,1.17212,1.17212,25
2026-01-05 21:45:00,1.1720000000000002,1.1720000000000002,1.17192,1.1719400000000002,1.17212,1.17212,1.17204,1.17207,48
2026-01-05 21:46:00,1.1719400000000002,1.17195,1.1719000000000002,1.17191,1.17207,1.1721,1.17203,1.17205,46
2026-01-05 21:47:00,1.17191,1.1719400000000002,1.1719000000000002,1.17192,1.17205,1.17206,1.17203,1.17205,54
2026-01-05 21:48:00,1.17192,1.17195,1.1719000000000002,1.1719400000000002,1.17205,1.17208,1.17202,1.17207,33
2026-01-05 21:49:00,1.1719400000000002,1.17202,1.1719400000000002,1.17201,1.17207,1.17214,1.17206,1.17213,47
2026-01-05 21:50:00,1.17201,1.17203,1.17199,1.17202,1.17213,1.17216,1.17211,1.17214,49
2026-01-05 21:51:00,1.17202,1.1720400000000002,1.17202,1.1720400000000002,1.17214,1.17218,1.17214,1.17218,10
2026-01-05 21:52:00,1.1720400000000002,1.17208,1.1720400000000002,1.17205,1.17218,1.17222,1.17217,1.17218,38
2026-01-05 21:53:00,1.17205,1.1720700000000002,1.17202,1.17203,1.17218,1.1722,1.17215,1.17215,32
2026-01-05 21:54:00,1.17203,1.17203,1.17201,1.17201,1.17215,1.17216,1.17214,1.17214,16
2026-01-05 21:55:00,1.17201,1.17206,1.17201,1.17202,1.17214,1.1722,1.17214,1.17216,27
2026-01-05 21:56:00,1.17202,1.17202,1.17198,1.17198,1.17216,1.17217,1.17212,1.17212,22
2026-01-05 21:57:00,1.17198,1.17198,1.17193,1.1719700000000002,1.17212,1.17212,1.17208,1.17211,24
2026-01-05 21:58:00,1.1719700000000002,1.17215,1.1719700000000002,1.17212,1.17211,1.1723,1.17211,1.17224,102
2026-01-05 21:59:00,1.17212,1.17216,1.1721,1.1721400000000002,1.17224,1.17232,1.17224,1.17231,42
2026-01-05 22:00:00,1.1721400000000002,1.1721400000000002,1.17178,1.17189,1.17231,1.17247,1.17231,1.17241,12
2026-01-05 22:01:00,1.17189,1.1719400000000002,1.1717700000000002,1.1718400000000002,1.17241,1.17248,1.17234,1.17235,22
2026-01-05 22:02:00,1.1718400000000002,1.1719000000000002,1.17182,1.17182,1.17235,1.17245,1.17235,1.17237,11
2026-01-05 22:03:00,1.17182,1.1719000000000002,1.17181,1.17181,1.17237,1.17245,1.17237,1.17237,44
2026-01-05 22:04:00,1.17181,1.1719000000000002,1.17179,1.1718000000000002,1.17237,1.17243,1.17234,1.17234,24
2026-01-05 22:05:00,1.1718000000000002,1.1719700000000002,1.1718000000000002,1.1719700000000002,1.17234,1.17238,1.17226,1.17232,35
2026-01-05 22:06:00,1.1719700000000002,1.17199,1.1719700000000002,1.17198,1.17232,1.17233,1.17231,1.17232,7
2026-01-05 22:07:00,1.17198,1.17199,1.17198,1.17199,1.17232,1.17232,1.17232,1.17232,1
2026-01-05 22:08:00,1.17199,1.17203,1.17199,1.17201,1.17232,1.17234,1.1723,1.17231,19
2026-01-05 22:09:00,1.17201,1.17201,1.17199,1.17199,1.17231,1.17232,1.1723,1.1723,9
2026-01-05 22:10:00,1.17199,1.1720000000000002,1.17199,1.1720000000000002,1.1723,1.17233,1.1723,1.17232,6
2026-01-05 22:11:00,1.1720000000000002,1.17202,1.17199,1.17201,1.17232,1.17235,1.17231,1.17231,17
2026-01-05 22:12:00,1.17201,1.1720400000000002,1.17193,1.1719400000000002,1.17231,1.17235,1.17222,1.17222,20
2026-01-05 22:13:00,1.1719400000000002,1.17209,1.1719400000000002,1.1720700000000002,1.17222,1.17235,1.17222,1.17234,25
2026-01-05 22:14:00,1.1720700000000002,1.1721100000000002,1.17203,1.17209,1.17234,1.17242,1.17232,1.17238,20
2026-01-05 22:15:00,1.17209,1.17209,1.1720700000000002,1.17209,1.17238,1.17238,1.17238,1.17238,5
2026-01-05 22:16:00,1.17209,1.1721100000000002,1.17206,1.17209,1.17238,1.17238,1.17238,1.17238,9
2026-01-05 22:17:00,1.17209,1.1721,1.17208,1.17209,1.17238,1.17244,1.17238,1.17238,8
2026-01-05 22:18:00,1.17209,1.17212,1.17199,1.17212,1.17238,1.17243,1.17237,1.17242,13
2026-01-05 22:19:00,1.17212,1.17213,1.17212,1.17213,1.17242,1.17243,1.17242,1.17243,2
2026-01-05 22:20:00,1.17213,1.17213,1.17209,1.17212,1.17243,1.17243,1.17242,1.17242,5
2026-01-05 22:21:00,1.17212,1.17212,1.1721100000000002,1.1721100000000002,1.17242,1.17242,1.17242,1.17242,1
2026-01-05 22:22:00,1.1721100000000002,1.17213,1.1721100000000002,1.17213,1.17242,1.17242,1.17242,1.17242,2
2026-01-05 22:23:00,1.17213,1.17216,1.1721100000000002,1.17216,1.17242,1.17242,1.17242,1.17242,6
2026-01-05 22:25:00,1.17216,1.17216,1.17216,1.17216,1.17242,1.17243,1.17242,1.17243,1
2026-01-05 22:28:00,1.17216,1.17216,1.1719400000000002,1.1720400000000002,1.17243,1.17243,1.17216,1.17223,14
2026-01-05 22:29:00,1.1720400000000002,1.17213,1.1720400000000002,1.17213,1.17223,1.17239,1.17223,1.17239,5
2026-01-05 22:30:00,1.17213,1.17215,1.17198,1.17215,1.17239,1.17239,1.17222,1.17238,20
2026-01-05 22:31:00,1.17215,1.17215,1.17203,1.17205,1.17238,1.17238,1.17226,1.17227,5
2026-01-05 22:32:00,1.17205,1.17205,1.17205,1.17205,1.17227,1.17228,1.17225,1.17225,4
2026-01-05 22:33:00,1.17205,1.17205,1.1720400000000002,1.1720400000000002,1.17225,1.17225,1.17225,1.17225,1
2026-01-05 22:34:00,1.1720400000000002,1.1720400000000002,1.1719400000000002,1.17202,1.17225,1.17225,1.17217,1.17224,13
2026-01-05 22:35:00,1.17202,1.17202,1.17201,1.17201,1.17224,1.17224,1.17224,1.17224,1
2026-01-05 22:36:00,1.17201,1.1720400000000002,1.1720000000000002,1.1720400000000002,1.17224,1.17224,1.17224,1.17224,2
2026-01-05 22:37:00,1.1720400000000002,1.17205,1.1720400000000002,1.17205,1.17224,1.17224,1.17224,1.17224,1
2026-01-05 22:38:00,1.17205,1.17205,1.17205,1.17205,1.17224,1.17224,1.1722,1.1722,3
2026-01-05 22:39:00,1.17205,1.17205,1.17205,1.17205,1.1722,1.17224,1.1722,1.1722,4
2026-01-05 22:40:00,1.17205,1.17205,1.17205,1.17205,1.1722,1.17224,1.1722,1.17221,5
2026-01-05 22:42:00,1.17205,1.17205,1.1718400000000002,1.17198,1.17221,1.17222,1.17209,1.17222,29
2026-01-05 22:43:00,1.17198,1.17198,1.17198,1.17198,1.17222,1.17222,1.17221,1.17221,1
2026-01-05 22:44:00,1.17198,1.17198,1.17195,1.17195,1.17221,1.17221,1.1722,1.1722,4
2026-01-05 22:46:00,1.17195,1.17196,1.17195,1.17195,1.1722,1.17222,1.1722,1.17221,6
2026-01-05 22:47:00,1.17195,1.17195,1.17195,1.17195,1.17221,1.17221,1.17219,1.1722,2
2026-01-05 22:48:00,1.17195,1.17195,1.1719400000000002,1.1719400000000002,1.1722,1.17221,1.17219,1.17219,6
2026-01-05 22:49:00,1.1719400000000002,1.1719400000000002,1.1719400000000002,1.1719400000000002,1.17219,1.1722,1.17219,1.1722,1
2026-01-05 22:50:00,1.1719400000000002,1.1719400000000002,1.17193,1.17193,1.1722,1.1722,1.17219,1.17219,2
2026-01-05 22:51:00,1.17193,1.17193,1.17193,1.17193,1.17219,1.17224,1.17219,1.17224,5
2026-01-05 22:52:00,1.17193,1.1719400000000002,1.17193,1.17193,1.17224,1.17224,1.17221,1.17221,6
2026-01-05 22:53:00,1.17193,1.17193,1.17193,1.17193,1.17221,1.17225,1.17221,1.17224,5
2026-01-05 22:54:00,1.17193,1.17195,1.17193,1.17195,1.17224,1.17224,1.17221,1.17221,4
2026-01-05 22:55:00,1.17195,1.1719700000000002,1.17185,1.17196,1.17221,1.17223,1.17215,1.1722,136
2026-01-05 22:56:00,1.17196,1.17196,1.1719400000000002,1.1719400000000002,1.1722,1.17225,1.1722,1.17223,11
2026-01-05 22:57:00,1.1719400000000002,1.1719700000000002,1.1719400000000002,1.1719400000000002,1.17223,1.17224,1.17217,1.17219,23
2026-01-05 22:58:00,1.1719400000000002,1.17195,1.17179,1.17179,1.17219,1.17219,1.17208,1.17208,18
2026-01-05 22:59:00,1.17179,1.1718000000000002,1.17179,1.1718000000000002,1.17208,1.17209,1.17206,1.17206,11
2026-01-05 23:00:00,1.1718000000000002,1.1720700000000002,1.17179,1.17201,1.17206,1.17229,1.17203,1.17218,170
2026-01-05 23:01:00,1.17201,1.17202,1.17185,1.17185,1.17218,1.17218,1.17199,1.17199,49
2026-01-05 23:02:00,1.17185,1.1718700000000002,1.17181,1.17181,1.17199,1.172,1.17194,1.17196,43
2026-01-05 23:03:00,1.17181,1.17182,1.17175,1.1717700000000002,1.17196,1.17196,1.1719,1.17194,32
2026-01-05 23:04:00,1.1717700000000002,1.1717700000000002,1.1717300000000002,1.17175,1.17194,1.17194,1.17189,1.1719,20
2026-01-05 23:05:00,1.17175,1.1718000000000002,1.17174,1.1717700000000002,1.1719,1.17196,1.1719,1.17192,16
2026-01-05 23:06:00,1.1717700000000002,1.17182,1.17175,1.17176,1.17192,1.17196,1.1719,1.17192,38
2026-01-05 23:07:00,1.17176,1.1718000000000002,1.17175,1.17178,1.17192,1.17196,1.17192,1.17194,25
2026-01-05 23:08:00,1.17178,1.17182,1.17178,1.17182,1.17194,1.172,1.17194,1.17198,23
2026-01-05 23:09:00,1.17182,1.17186,1.17179,1.17179,1.17198,1.17202,1.17193,1.17193,30
2026-01-05 23:10:00,1.17179,1.1718000000000002,1.1717700000000002,1.17178,1.17193,1.17196,1.17191,1.17196,18
2026-01-05 23:11:00,1.17178,1.1718000000000002,1.17174,1.17176,1.17196,1.17196,1.17188,1.1719,31
2026-01-05 23:12:00,1.17176,1.17179,1.17176,1.17179,1.1719,1.17195,1.1719,1.17195,17
2026-01-05 23:13:00,1.17179,1.17186,1.17179,1.17182,1.17195,1.17201,1.17195,1.17197,27
2026-01-05 23:14:00,1.17182,1.17186,1.17181,1.17185,1.17197,1.172,1.17195,1.17199,36
2026-01-05 23:15:00,1.17185,1.17185,1.17175,1.17176,1.17199,1.172,1.1719,1.17191,23
2026-01-05 23:16:00,1.17176,1.1717700000000002,1.17174,1.17174,1.17191,1.17193,1.17188,1.17189,28
2026-01-05 23:17:00,1.17174,1.1718000000000002,1.17171,1.17176,1.17189,1.17195,1.17186,1.17191,24
2026-01-05 23:18:00,1.17176,1.17183,1.17175,1.1718000000000002,1.17191,1.17198,1.1719,1.17195,29
2026-01-05 23:19:00,1.1718000000000002,1.17185,1.17179,1.17185,1.17195,1.172,1.17195,1.172,46
2026-01-05 23:20:00,1.17185,1.17189,1.17185,1.17188,1.172,1.17204,1.172,1.17203,23
2026-01-05 23:21:00,1.17188,1.17189,1.17186,1.17186,1.17203,1.17204,1.17201,1.17201,10
2026-01-05 23:22:00,1.17186,1.1719000000000002,1.17186,1.17189,1.17201,1.17205,1.17201,1.17205,8
2026-01-05 23:23:00,1.17189,1.17189,1.1718400000000002,1.17185,1.17205,1.17205,1.17199,1.172,11
2026-01-05 23:24:00,1.17185,1.17185,1.1718000000000002,1.1718000000000002,1.172,1.172,1.17195,1.17195,14
2026-01-05 23:25:00,1.1718000000000002,1.1718000000000002,1.17174,1.17175,1.17195,1.17195,1.17188,1.1719,22
2026-01-05 23:26:00,1.17175,1.17179,1.17175,1.17175,1.1719,1.17193,1.1719,1.1719,22
2026-01-05 23:27:00,1.17175,1.17176,1.17175,1.17176,1.1719,1.17192,1.17189,1.17191,8
2026-01-05 23:28:00,1.17176,1.17176,1.17174,1.17174,1.17191,1.17191,1.17188,1.17188,43
2026-01-05 23:29:00,1.17174,1.17174,1.17171,1.17172,1.17188,1.17188,1.17185,1.17186,16
2026-01-05 23:30:00,1.17172,1.1717300000000002,1.17171,1.17172,1.17186,1.17188,1.17186,1.17187,21
2026-01-05 23:31:00,1.17172,1.17175,1.17171,1.17172,1.17187,1.17189,1.17187,1.17187,12
2026-01-05 23:32:00,1.17172,1.17175,1.17172,1.17172,1.17187,1.1719,1.17186,1.17186,24
2026-01-05 23:33:00,1.17172,1.17172,1.17169,1.17169,1.17186,1.17187,1.17182,1.17183,20
2026-01-05 23:34:00,1.17169,1.17169,1.17165,1.17165,1.17183,1.17184,1.17179,1.1718,14
2026-01-05 23:35:00,1.17165,1.17168,1.17165,1.17166,1.1718,1.17181,1.17179,1.1718,12
2026-01-05 23:36:00,1.17166,1.17172,1.17166,1.1717000000000002,1.1718,1.17185,1.17179,1.17183,29
2026-01-05 23:37:00,1.1717000000000002,1.17171,1.1717000000000002,1.1717000000000002,1.17183,1.17183,1.17182,1.17182,23
2026-01-05 23:38:00,1.1717000000000002,1.17171,1.1717000000000002,1.1717000000000002,1.17182,1.17184,1.17182,1.17184,22
2026-01-05 23:39:00,1.1717000000000002,1.1717000000000002,1.17166,1.1716700000000002,1.17184,1.17185,1.17179,1.17179,22
2026-01-05 23:40:00,1.1716700000000002,1.1716700000000002,1.17165,1.17166,1.17179,1.17179,1.17178,1.17178,14
2026-01-05 23:41:00,1.17166,1.17166,1.17165,1.17166,1.17178,1.17181,1.17177,1.17178,10
2026-01-05 23:42:00,1.17166,1.17166,1.17165,1.17165,1.17178,1.17179,1.17178,1.17178,9
2026-01-05 23:43:00,1.17165,1.17165,1.1716000000000002,1.17161,1.17178,1.1718,1.17173,1.17173,24
2026-01-05 23:44:00,1.17161,1.17162,1.1715600000000002,1.17162,1.17173,1.17175,1.17168,1.17174,29
2026-01-05 23:45:00,1.17162,1.17162,1.17155,1.17155,1.17174,1.17176,1.17168,1.17168,21
2026-01-05 23:46:00,1.17155,1.1715600000000002,1.17154,1.17155,1.17168,1.17169,1.17167,1.17167,34
2026-01-05 23:47:00,1.17155,1.1715600000000002,1.1715000000000002,1.1715000000000002,1.17167,1.17169,1.17163,1.17163,27
2026-01-05 23:48:00,1.1715000000000002,1.17151,1.1715000000000002,1.1715000000000002,1.17163,1.17166,1.17163,1.17163,23
2026-01-05 23:49:00,1.1715000000000002,1.1715000000000002,1.17144,1.17145,1.17163,1.17163,1.17157,1.17157,21
2026-01-05 23:50:00,1.17145,1.1714600000000002,1.17141,1.1714300000000002,1.17157,1.17159,1.17155,1.17157,38
2026-01-05 23:51:00,1.1714300000000002,1.17144,1.1714,1.17141,1.17157,1.17158,1.17153,1.17154,33
2026-01-05 23:52:00,1.17141,1.17141,1.17135,1.17135,1.17154,1.17154,1.17149,1.17149,23
2026-01-05 23:53:00,1.17135,1.1713600000000002,1.1713,1.17132,1.17149,1.1715,1.17145,1.17146,44
2026-01-05 23:54:00,1.17132,1.17132,1.17121,1.1712300000000002,1.17146,1.17146,1.17135,1.17136,66
2026-01-05 23:55:00,1.1712300000000002,1.1713,1.1712300000000002,1.1713,1.17136,1.17143,1.17135,1.17143,28
2026-01-05 23:56:00,1.1713,1.1713900000000002,1.1712900000000002,1.1713600000000002,1.17143,1.17152,1.17142,1.17148,47
2026-01-05 23:57:00,1.1713600000000002,1.17142,1.17135,1.17141,1.17148,1.17156,1.17148,1.17154,29
2026-01-05 23:58:00,1.17141,1.17141,1.17135,1.17135,1.17154,1.17156,1.17147,1.17147,25
2026-01-05 23:59:00,1.17135,1.1713900000000002,1.17134,1.1713900000000002,1.17147,1.17154,1.17146,1.17154,21
2026-01-06 00:00:00,1.1713900000000002,1.1716300000000002,1.1713900000000002,1.17161,1.17154,1.17178,1.17154,1.17176,104
2026-01-06 00:01:00,1.17161,1.17161,1.17144,1.1715000000000002,1.17176,1.17176,1.17158,1.17164,66
2026-01-06 00:02:00,1.1715000000000002,1.17152,1.1714300000000002,1.1714300000000002,1.17164,1.17166,1.17157,1.17157,57
2026-01-06 00:03:00,1.1714300000000002,1.1714300000000002,1.17134,1.17137,1.17157,1.17157,1.17149,1.1715,43
2026-01-06 00:04:00,1.17137,1.1714300000000002,1.1713600000000002,1.17142,1.1715,1.17155,1.17148,1.17155,52
2026-01-06 00:05:00,1.17142,1.17142,1.17134,1.17138,1.17155,1.17155,1.17149,1.1715,42
2026-01-06 00:06:00,1.17138,1.17145,1.1713600000000002,1.1714300000000002,1.1715,1.17157,1.17149,1.17155,64
2026-01-06 00:07:00,1.1714300000000002,1.17144,1.17141,1.17142,1.17155,1.17156,1.17154,1.17154,28
2026-01-06 00:08:00,1.17142,1.1714300000000002,1.1713600000000002,1.1714300000000002,1.17154,1.17156,1.17149,1.17155,67
2026-01-06 00:09:00,1.1714300000000002,1.17145,1.17142,1.1714300000000002,1.17155,1.17157,1.17155,1.17155,17
2026-01-06 00:10:00,1.1714300000000002,1.17144,1.17137,1.1714300000000002,1.17155,1.17156,1.17149,1.17156,42
2026-01-06 00:11:00,1.1714300000000002,1.17148,1.17141,1.1714600000000002,1.17156,1.17161,1.17154,1.17159,52
2026-01-06 00:12:00,1.1714600000000002,1.17147,1.17138,1.1714,1.17159,1.1716,1.17152,1.17152,50
2026-01-06 00:13:00,1.1714,1.17148,1.1714,1.17147,1.17152,1.1716,1.17152,1.1716,36
2026-01-06 00:14:00,1.17147,1.1715000000000002,1.17144,1.17145,1.1716,1.17163,1.17157,1.17157,90
2026-01-06 00:15:00,1.17145,1.17162,1.17145,1.17161,1.17157,1.17175,1.17157,1.17174,122
2026-01-06 00:16:00,1.17161,1.17162,1.17152,1.17157,1.17174,1.17175,1.17165,1.17169,92
2026-01-06 00:17:00,1.17157,1.17157,1.1714600000000002,1.17147,1.17169,1.17169,1.17159,1.17159,71
2026-01-06 00:18:00,1.17147,1.17148,1.17142,1.1714300000000002,1.17159,1.1716,1.17156,1.17156,49
2026-01-06 00:19:00,1.1714300000000002,1.17147,1.17141,1.17141,1.17156,1.1716,1.17153,1.17154,66
2026-01-06 00:20:00,1.17141,1.17141,1.1713600000000002,1.17137,1.17154,1.17154,1.17149,1.17149,74
2026-01-06 00:21:00,1.17137,1.17138,1.1713,1.17137,1.17149,1.17152,1.17144,1.1715,76
2026-01-06 00:22:00,1.17137,1.17144,1.17137,1.17142,1.1715,1.17156,1.1715,1.17155,38
2026-01-06 00:23:00,1.17142,1.1714300000000002,1.17131,1.17131,1.17155,1.17156,1.17145,1.17145,64
2026-01-06 00:24:00,1.17131,1.17134,1.17127,1.17131,1.17145,1.17148,1.17141,1.17145,55
2026-01-06 00:25:00,1.17131,1.17131,1.17122,1.17128,1.17145,1.17145,1.17135,1.17141,70
2026-01-06 00:26:00,1.17128,1.17128,1.17117,1.17122,1.17141,1.17141,1.17131,1.17134,76
2026-01-06 00:27:00,1.17122,1.1712900000000002,1.17121,1.1712900000000002,1.17134,1.17142,1.17134,1.17142,57
2026-01-06 00:28:00,1.1712900000000002,1.17131,1.17121,1.17122,1.17142,1.17143,1.17134,1.17135,63
2026-01-06 00:29:00,1.17122,1.1712300000000002,1.17121,1.17122,1.17135,1.17136,1.17134,1.17135,35
2026-01-06 00:30:00,1.17122,1.1712900000000002,1.17118,1.1712600000000002,1.17135,1.17142,1.17131,1.17138,120
2026-01-06 00:31:00,1.1712600000000002,1.1713300000000002,1.1712600000000002,1.17132,1.17138,1.17145,1.17138,1.17145,93
2026-01-06 00:32:00,1.17132,1.17132,1.17125,1.17132,1.17145,1.17145,1.17138,1.17145,49
2026-01-06 00:33:00,1.17132,1.1713300000000002,1.1712300000000002,1.17125,1.17145,1.17145,1.17135,1.17137,70
2026-01-06 00:34:00,1.17125,1.17125,1.17115,1.1711600000000002,1.17137,1.17138,1.17129,1.1713,63
2026-01-06 00:35:00,1.1711600000000002,1.17117,1.17113,1.17114,1.1713,1.1713,1.17126,1.17126,63
2026-01-06 00:36:00,1.17114,1.17115,1.1710600000000002,1.1710600000000002,1.17126,1.17128,1.1712,1.1712,86
2026-01-06 00:37:00,1.1710600000000002,1.1711200000000002,1.1710600000000002,1.17108,1.1712,1.17126,1.1712,1.17121,66
2026-01-06 00:38:00,1.17108,1.1710900000000002,1.17104,1.17107,1.17121,1.17122,1.17118,1.1712,58
2026-01-06 00:39:00,1.17107,1.1710900000000002,1.1710600000000002,1.17107,1.1712,1.17121,1.1712,1.1712,22
2026-01-06 00:40:00,1.17107,1.1710900000000002,1.1710200000000002,1.1710600000000002,1.1712,1.17121,1.17115,1.17119,94
2026-01-06 00:41:00,1.1710600000000002,1.17108,1.17105,1.1710600000000002,1.17119,1.17122,1.17119,1.1712,44
2026-01-06 00:42:00,1.1710600000000002,1.17108,1.17101,1.17108,1.1712,1.17122,1.17114,1.17122,65
2026-01-06 00:43:00,1.17108,1.1711200000000002,1.17108,1.17111,1.17122,1.17126,1.17121,1.17125,10
2026-01-06 00:44:00,1.17111,1.17122,1.17111,1.17122,1.17125,1.17135,1.17125,1.17135,45
2026-01-06 00:45:00,1.17122,1.17131,1.17122,1.1713,1.17135,1.17145,1.17135,1.17143,38
2026-01-06 00:46:00,1.1713,1.17132,1.17124,1.17127,1.17143,1.17146,1.17138,1.17141,49
2026-01-06 00:47:00,1.17127,1.17128,1.1712,1.17124,1.17141,1.17141,1.17134,1.17138,66
2026-01-06 00:48:00,1.17124,1.1713,1.17124,1.1712600000000002,1.17138,1.17144,1.17137,1.17139,92
2026-01-06 00:49:00,1.1712600000000002,1.17127,1.17121,1.1712600000000002,1.17139,1.1714,1.17134,1.17139,89
2026-01-06 00:50:00,1.1712600000000002,1.1712600000000002,1.17121,1.17125,1.17139,1.1714,1.17135,1.17139,107
2026-01-06 00:51:00,1.17125,1.17127,1.17113,1.17115,1.17139,1.17139,1.17125,1.17128,92
2026-01-06 00:52:00,1.17115,1.17124,1.1711,1.17121,1.17128,1.17136,1.17123,1.17134,125
2026-01-06 00:53:00,1.17121,1.17128,1.17117,1.1712600000000002,1.17134,1.1714,1.17131,1.17139,143
2026-01-06 00:54:00,1.1712600000000002,1.1713600000000002,1.17121,1.1712300000000002,1.17139,1.17149,1.17135,1.17136,218
2026-01-06 00:55:00,1.1712300000000002,1.1714600000000002,1.17121,1.17144,1.17136,1.1716,1.17134,1.17158,149
2026-01-06 00:56:00,1.17144,1.1714600000000002,1.1713900000000002,1.1714300000000002,1.17158,1.17159,1.17153,1.17156,133
2026-01-06 00:57:00,1.1714300000000002,1.17145,1.17135,1.17142,1.17156,1.17158,1.17148,1.17155,161
2026-01-06 00:58:00,1.17142,1.17157,1.17142,1.1715600000000002,1.17155,1.1717,1.17155,1.17169,133
2026-01-06 00:59:00,1.1715600000000002,1.17165,1.17155,1.1716300000000002,1.17169,1.17178,1.17169,1.17176,59
2026-01-06 01:00:00,1.1716300000000002,1.1718700000000002,1.17162,1.1718700000000002,1.17176,1.17201,1.17176,1.172,176
2026-01-06 01:01:00,1.1718700000000002,1.17199,1.17185,1.17193,1.172,1.17212,1.17198,1.17206,205
2026-01-06 01:02:00,1.17193,1.17193,1.17174,1.17183,1.17206,1.17207,1.17187,1.17197,194
2026-01-06 01:03:00,1.17183,1.17189,1.17174,1.17174,1.17197,1.17202,1.17188,1.17188,168
2026-01-06 01:04:00,1.17174,1.1718700000000002,1.17174,1.17186,1.17188,1.172,1.17188,1.17199,131
2026-01-06 01:05:00,1.17186,1.17193,1.17181,1.1719000000000002,1.17199,1.17207,1.17194,1.17202,108
2026-01-06 01:06:00,1.1719000000000002,1.17191,1.1716700000000002,1.1717000000000002,1.17202,1.17204,1.17181,1.17183,128
2026-01-06 01:07:00,1.1717000000000002,1.1717300000000002,1.17165,1.17168,1.17183,1.17186,1.17179,1.1718,122
2026-01-06 01:08:00,1.17168,1.17168,1.17157,1.17157,1.1718,1.17181,1.1717,1.1717,116
2026-01-06 01:09:00,1.17157,1.17157,1.1713600000000002,1.1713600000000002,1.1717,1.1717,1.17148,1.17148,142
2026-01-06 01:10:00,1.1713600000000002,1.17137,1.17125,1.17127,1.17148,1.17149,1.17139,1.17141,107
2026-01-06 01:11:00,1.17127,1.1713,1.1711900000000002,1.1712600000000002,1.17141,1.17143,1.17132,1.17138,167
2026-01-06 01:12:00,1.1712600000000002,1.17131,1.17122,1.17127,1.17138,1.17144,1.17135,1.17139,100
2026-01-06 01:13:00,1.17127,1.17132,1.1712300000000002,1.1712600000000002,1.17139,1.17144,1.17136,1.17139,73
2026-01-06 01:14:00,1.1712600000000002,1.17131,1.17122,1.1713,1.17139,1.17144,1.17135,1.17143,73
2026-01-06 01:15:00,1.1713,1.17132,1.1711600000000002,1.1712300000000002,1.17143,1.17145,1.17129,1.17136,163
2026-01-06 01:16:00,1.1712300000000002,1.1713,1.17121,1.1712600000000002,1.17136,1.17144,1.17134,1.17139,60
2026-01-06 01:17:00,1.1712600000000002,1.1713600000000002,1.17124,1.1713,1.17139,1.17149,1.17137,1.17143,95
2026-01-06 01:18:00,1.1713,1.17135,1.17124,1.17124,1.17143,1.17147,1.17137,1.17138,82
2026-01-06 01:19:00,1.17124,1.1713,1.1712,1.17128,1.17138,1.17143,1.17134,1.17141,71
2026-01-06 01:20:00,1.17128,1.17134,1.17121,1.17132,1.17141,1.17146,1.17135,1.17145,41
2026-01-06 01:21:00,1.17132,1.1713300000000002,1.17121,1.1712600000000002,1.17145,1.17146,1.17134,1.17139,155
2026-01-06 01:22:00,1.1712600000000002,1.1713900000000002,1.17125,1.17138,1.17139,1.17151,1.17138,1.1715,89
2026-01-06 01:23:00,1.17138,1.1715000000000002,1.17137,1.17147,1.1715,1.17163,1.1715,1.1716,60
2026-01-06 01:24:00,1.17147,1.1715000000000002,1.17142,1.17148,1.1716,1.17163,1.17155,1.17161,81
2026-01-06 01:25:00,1.17148,1.17152,1.1714,1.17147,1.17161,1.17165,1.17153,1.1716,156
2026-01-06 01:26:00,1.17147,1.17158,1.1714600000000002,1.17157,1.1716,1.1717,1.17158,1.17169,128
2026-01-06 01:27:00,1.17157,1.17159,1.17151,1.17151,1.17169,1.17172,1.17163,1.17163,104
2026-01-06 01:28:00,1.17151,1.17151,1.17141,1.1714600000000002,1.17163,1.17164,1.17153,1.17159,102
2026-01-06 01:29:00,1.1714600000000002,1.17147,1.17141,1.1714600000000002,1.17159,1.17161,1.17154,1.1716,103
2026-01-06 01:30:00,1.1714600000000002,1.17159,1.17141,1.17149,1.1716,1.17172,1.17154,1.17161,170
2026-01-06 01:31:00,1.17149,1.17154,1.17145,1.17148,1.17161,1.17167,1.17157,1.1716,137
2026-01-06 01:32:00,1.17148,1.17159,1.17147,1.17158,1.1716,1.17172,1.17159,1.1717,130
2026-01-06 01:33:00,1.17158,1.17158,1.17151,1.17157,1.1717,1.17171,1.17163,1.1717,117
2026-01-06 01:34:00,1.17157,1.17161,1.17148,1.1716000000000002,1.1717,1.17173,1.17161,1.17173,90
2026-01-06 01:35:00,1.1716000000000002,1.17176,1.1716000000000002,1.1717000000000002,1.17173,1.17189,1.17172,1.17183,147
2026-01-06 01:36:00,1.1717000000000002,1.17172,1.17168,1.17172,1.17183,1.17186,1.17181,1.17186,45
2026-01-06 01:37:00,1.17172,1.17178,1.17165,1.17178,1.17186,1.17191,1.17178,1.17191,87
2026-01-06 01:38:00,1.17178,1.17186,1.1717700000000002,1.17185,1.17191,1.17199,1.1719,1.17199,110
2026-01-06 01:39:00,1.17185,1.17189,1.17183,1.17188,1.17199,1.17202,1.17196,1.17201,75
2026-01-06 01:40:00,1.17188,1.17192,1.17182,1.17192,1.17201,1.17205,1.17195,1.17205,93
2026-01-06 01:41:00,1.17192,1.17192,1.17185,1.17185,1.17205,1.17205,1.17199,1.17199,51
2026-01-06 01:42:00,1.17185,1.17198,1.17181,1.17198,1.17199,1.17212,1.17195,1.17211,128
2026-01-06 01:43:00,1.17198,1.1720400000000002,1.1719700000000002,1.17203,1.17211,1.17217,1.1721,1.17216,74
2026-01-06 01:44:00,1.17203,1.1720700000000002,1.1719700000000002,1.1719700000000002,1.17216,1.1722,1.17209,1.17209,92
2026-01-06 01:45:00,1.1719700000000002,1.17205,1.17196,1.1719700000000002,1.17209,1.17218,1.17209,1.17211,140
2026-01-06 01:46:00,1.1719700000000002,1.17212,1.17196,1.1721,1.17211,1.17225,1.1721,1.17224,112
2026-01-06 01:47:00,1.1721,1.17226,1.1721,1.17226,1.17224,1.17239,1.17224,1.17239,106
2026-01-06 01:48:00,1.17226,1.17226,1.1722,1.1722100000000002,1.17239,1.1724,1.17233,1.17234,124
2026-01-06 01:49:00,1.1722100000000002,1.17222,1.1721,1.1721,1.17234,1.17235,1.17222,1.17223,84
2026-01-06 01:50:00,1.1721,1.17219,1.1720400000000002,1.17216,1.17223,1.17231,1.17217,1.17228,136
2026-01-06 01:51:00,1.17216,1.1722800000000002,1.17215,1.17223,1.17228,1.1724,1.17227,1.17235,158
2026-01-06 01:52:00,1.17223,1.17225,1.1721400000000002,1.1722100000000002,1.17235,1.17237,1.17227,1.17235,172
2026-01-06 01:53:00,1.1722100000000002,1.17222,1.17206,1.17218,1.17235,1.17235,1.1722,1.17231,203
2026-01-06 01:54:00,1.17218,1.1722800000000002,1.1721700000000002,1.1722800000000002,1.17231,1.17241,1.17229,1.17241,135
2026-01-06 01:55:00,1.1722800000000002,1.1723100000000002,1.17222,1.1723,1.17241,1.17244,1.17236,1.17244,140
2026-01-06 01:56:00,1.1723,1.1723400000000002,1.1722,1.17233,1.17244,1.17246,1.17233,1.17245,136
2026-01-06 01:57:00,1.17233,1.1723800000000002,1.1723100000000002,1.1723400000000002,1.17245,1.17251,1.17245,1.17248,101
2026-01-06 01:58:00,1.1723400000000002,1.17239,1.17232,1.17239,1.17248,1.17253,1.17245,1.17252,91
2026-01-06 01:59:00,1.17239,1.1724800000000002,1.1723400000000002,1.1724800000000002,1.17252,1.17262,1.17248,1.17261,118
2026-01-06 02:00:00,1.1724800000000002,1.17252,1.17242,1.17243,1.17261,1.17266,1.17255,1.17256,95
2026-01-06 02:01:00,1.17243,1.17257,1.1724,1.17257,1.17256,1.17271,1.17255,1.17271,140
2026-01-06 02:02:00,1.17257,1.17273,1.1725500000000002,1.1726500000000002,1.17271,1.17286,1.17268,1.17279,159
2026-01-06 02:03:00,1.1726500000000002,1.17273,1.17262,1.17263,1.17279,1.17286,1.17275,1.17276,102
2026-01-06 02:04:00,1.17263,1.17267,1.1724800000000002,1.1724800000000002,1.17276,1.17281,1.17261,1.17261,89
2026-01-06 02:05:00,1.1724800000000002,1.1724800000000002,1.1723400000000002,1.17237,1.17261,1.17262,1.17248,1.17251,105
2026-01-06 02:06:00,1.17237,1.17237,1.1722400000000002,1.17225,1.17251,1.17251,1.17237,1.17238,103
2026-01-06 02:07:00,1.17225,1.1723400000000002,1.1722400000000002,1.17233,1.17238,1.17247,1.17237,1.17247,89
2026-01-06 02:08:00,1.17233,1.17244,1.17232,1.17243,1.17247,1.17258,1.17246,1.17256,93
2026-01-06 02:09:00,1.17243,1.17246,1.17242,1.17242,1.17256,1.17259,1.17255,1.17255,91
2026-01-06 02:10:00,1.17242,1.17243,1.17237,1.1723800000000002,1.17255,1.17257,1.17251,1.17252,42
2026-01-06 02:11:00,1.1723800000000002,1.17243,1.17237,1.1724,1.17252,1.17256,1.17251,1.17253,58
2026-01-06 02:12:00,1.1724,1.1724,1.1722800000000002,1.1723100000000002,1.17253,1.17253,1.17242,1.17245,105
2026-01-06 02:13:00,1.1723100000000002,1.17235,1.1722800000000002,1.1722800000000002,1.17245,1.17248,1.17241,1.17241,107
2026-01-06 02:14:00,1.1722800000000002,1.1723100000000002,1.17227,1.1722800000000002,1.17241,1.17243,1.17241,1.17241,68
2026-01-06 02:15:00,1.1722800000000002,1.1723400000000002,1.17227,1.1722800000000002,1.17241,1.17247,1.17241,1.17241,57
2026-01-06 02:16:00,1.1722800000000002,1.17235,1.17222,1.17233,1.17241,1.17248,1.17236,1.17246,71
2026-01-06 02:17:00,1.17233,1.17239,1.17232,1.17237,1.17246,1.17252,1.17246,1.1725,75
2026-01-06 02:18:00,1.17237,1.17246,1.17237,1.17243,1.1725,1.17259,1.1725,1.17256,53
2026-01-06 02:19:00,1.17243,1.1724500000000002,1.17235,1.17236,1.17256,1.17258,1.17249,1.17249,55
2026-01-06 02:20:00,1.17236,1.17236,1.1722400000000002,1.17232,1.17249,1.17249,1.17237,1.17245,86
2026-01-06 02:21:00,1.17232,1.17236,1.1721700000000002,1.17218,1.17245,1.17248,1.1723,1.17231,87
2026-01-06 02:22:00,1.17218,1.17226,1.17218,1.1722100000000002,1.17231,1.17239,1.17231,1.17235,58
2026-01-06 02:23:00,1.1722100000000002,1.17222,1.1721700000000002,1.1721700000000002,1.17235,1.17235,1.17229,1.17231,55
2026-01-06 02:24:00,1.1721700000000002,1.17222,1.1721700000000002,1.1722100000000002,1.17231,1.17235,1.17229,1.17234,38
2026-01-06 02:25:00,1.1722100000000002,1.1722400000000002,1.17216,1.1722100000000002,1.17234,1.17238,1.1723,1.17234,51
2026-01-06 02:26:00,1.1722100000000002,1.1723,1.1722100000000002,1.17229,1.17234,1.17244,1.17234,1.17242,35
2026-01-06 02:27:00,1.17229,1.17232,1.17219,1.17232,1.17242,1.17245,1.17233,1.17245,67
2026-01-06 02:28:00,1.17232,1.1723800000000002,1.17229,1.1723800000000002,1.17245,1.17251,1.17241,1.17251,36
2026-01-06 02:29:00,1.1723800000000002,1.17239,1.1722800000000002,1.1723100000000002,1.17251,1.17253,1.17241,1.17244,79
2026-01-06 02:30:00,1.1723100000000002,1.17239,1.1723100000000002,1.17232,1.17244,1.17251,1.17243,1.17245,96
2026-01-06 02:31:00,1.17232,1.17242,1.1723100000000002,1.17242,1.17245,1.17256,1.17245,1.17255,54
2026-01-06 02:32:00,1.17242,1.17249,1.1724100000000002,1.17247,1.17255,1.17262,1.17254,1.17261,66
2026-01-06 02:33:00,1.17247,1.17252,1.17242,1.17242,1.17261,1.17266,1.17255,1.17256,81
2026-01-06 02:34:00,1.17242,1.17243,1.1724100000000002,1.17242,1.17256,1.17256,1.17253,1.17256,25
2026-01-06 02:35:00,1.17242,1.17244,1.17236,1.1724100000000002,1.17256,1.17257,1.17249,1.17254,46
2026-01-06 02:36:00,1.1724100000000002,1.1725100000000002,1.1724100000000002,1.17243,1.17254,1.17263,1.17254,1.17256,45
2026-01-06 02:37:00,1.17243,1.1725100000000002,1.17243,1.17246,1.17256,1.17264,1.17255,1.17259,37
2026-01-06 02:38:00,1.17246,1.1725,1.17242,1.1724800000000002,1.17259,1.17263,1.17255,1.17261,39
2026-01-06 02:39:00,1.1724800000000002,1.1724800000000002,1.17237,1.1723800000000002,1.17261,1.17261,1.17249,1.17251,49
2026-01-06 02:40:00,1.1723800000000002,1.17243,1.17236,1.17236,1.17251,1.17257,1.17248,1.17249,54
2026-01-06 02:41:00,1.17236,1.17246,1.1723400000000002,1.1724500000000002,1.17249,1.17259,1.17247,1.17259,63
2026-01-06 02:42:00,1.1724500000000002,1.17266,1.17244,1.17266,1.17259,1.1728,1.17258,1.17279,135
2026-01-06 02:43:00,1.17266,1.17267,1.1725800000000002,1.17267,1.17279,1.17281,1.17271,1.1728,106
2026-01-06 02:44:00,1.17267,1.1727800000000002,1.17266,1.17274,1.1728,1.1729,1.17279,1.17287,93
2026-01-06 02:45:00,1.17274,1.1727500000000002,1.1727,1.17274,1.17287,1.17289,1.17284,1.17288,70
2026-01-06 02:46:00,1.17274,1.1729900000000002,1.17274,1.17298,1.17288,1.17312,1.17287,1.17312,106
2026-01-06 02:47:00,1.17298,1.17303,1.17296,1.17303,1.17312,1.17317,1.1731,1.17316,52
2026-01-06 02:48:00,1.17303,1.17313,1.17298,1.1730900000000002,1.17316,1.17326,1.17311,1.17322,108
2026-01-06 02:49:00,1.1730900000000002,1.17331,1.1730900000000002,1.17328,1.17322,1.17344,1.17322,1.17342,107
2026-01-06 02:50:00,1.17328,1.17328,1.1730900000000002,1.17318,1.17342,1.17342,1.17323,1.17332,129
2026-01-06 02:51:00,1.17318,1.17325,1.17317,1.17324,1.17332,1.17338,1.17331,1.17337,64
2026-01-06 02:52:00,1.17324,1.17334,1.17323,1.17332,1.17337,1.17347,1.17337,1.17345,84
2026-01-06 02:53:00,1.17332,1.17348,1.1732900000000002,1.17347,1.17345,1.17361,1.17343,1.1736,96
2026-01-06 02:54:00,1.17347,1.1735000000000002,1.17341,1.1735000000000002,1.1736,1.17364,1.17354,1.17363,118
2026-01-06 02:55:00,1.1735000000000002,1.17354,1.17348,1.1735300000000002,1.17363,1.17368,1.1736,1.17367,99
2026-01-06 02:56:00,1.1735300000000002,1.1735300000000002,1.1734300000000002,1.17349,1.17367,1.17367,1.17356,1.17361,79
2026-01-06 02:57:00,1.17349,1.17369,1.17342,1.17368,1.17361,1.17381,1.17354,1.1738,147
2026-01-06 02:58:00,1.17368,1.1737300000000002,1.1736300000000002,1.17364,1.1738,1.17387,1.17376,1.17376,135
2026-01-06 02:59:00,1.17364,1.17372,1.1736000000000002,1.17368,1.17376,1.17386,1.17374,1.17381,90
2026-01-06 03:00:00,1.17368,1.17376,1.1736000000000002,1.1736300000000002,1.17381,1.17391,1.17373,1.17376,131
2026-01-06 03:01:00,1.1736300000000002,1.17371,1.1736300000000002,1.1737000000000002,1.17376,1.17384,1.17376,1.17383,129
2026-01-06 03:02:00,1.1737000000000002,1.1737000000000002,1.17355,1.17357,1.17383,1.17383,1.17368,1.1737,102
2026-01-06 03:03:00,1.17357,1.17359,1.17349,1.17349,1.1737,1.17372,1.17363,1.17363,76
2026-01-06 03:04:00,1.17349,1.17349,1.1733600000000002,1.1733600000000002,1.17363,1.17363,1.17349,1.1735,83
2026-01-06 03:05:00,1.1733600000000002,1.1733600000000002,1.17331,1.17334,1.1735,1.1735,1.17343,1.17347,73
2026-01-06 03:06:00,1.17334,1.17335,1.1733,1.17332,1.17347,1.17348,1.17343,1.17344,63
2026-01-06 03:07:00,1.17332,1.17337,1.17331,1.17334,1.17344,1.1735,1.17344,1.17348,64
2026-01-06 03:08:00,1.17334,1.17335,1.17323,1.17325,1.17348,1.17348,1.17336,1.17337,95
2026-01-06 03:09:00,1.17325,1.17328,1.1732,1.17321,1.17337,1.1734,1.17333,1.17334,132
2026-01-06 03:10:00,1.17321,1.17325,1.1732,1.17323,1.17334,1.17338,1.17332,1.17336,66
2026-01-06 03:11:00,1.17323,1.17334,1.17323,1.17334,1.17336,1.17347,1.17336,1.17347,49
2026-01-06 03:12:00,1.17334,1.1734,1.17332,1.1733900000000002,1.17347,1.17353,1.17345,1.17352,42
2026-01-06 03:13:00,1.1733900000000002,1.1733900000000002,1.1733,1.17331,1.17352,1.17352,1.17343,1.17344,36
2026-01-06 03:14:00,1.17331,1.1733300000000002,1.17323,1.17325,1.17344,1.17345,1.17336,1.17338,93
2026-01-06 03:15:00,1.17325,1.1733300000000002,1.17324,1.17331,1.17338,1.17346,1.17336,1.17344,125
2026-01-06 03:16:00,1.17331,1.17345,1.17324,1.17345,1.17344,1.17358,1.17338,1.17358,126
2026-01-06 03:17:00,1.17345,1.17345,1.1733300000000002,1.17337,1.17358,1.17358,1.17346,1.17351,69
2026-01-06 03:18:00,1.17337,1.17351,1.1733600000000002,1.17344,1.17351,1.17363,1.1735,1.17357,95
2026-01-06 03:19:00,1.17344,1.1734600000000002,1.17342,1.17342,1.17357,1.1736,1.17355,1.17355,37
2026-01-06 03:20:00,1.17342,1.17348,1.17342,1.17347,1.17355,1.17362,1.17354,1.17361,30
2026-01-06 03:21:00,1.17347,1.17351,1.1733900000000002,1.17341,1.17361,1.17364,1.17353,1.17355,63
2026-01-06 03:22:00,1.17341,1.17351,1.17341,1.1735000000000002,1.17355,1.17365,1.17355,1.17364,76
2026-01-06 03:23:00,1.1735000000000002,1.1736300000000002,1.1735000000000002,1.17362,1.17364,1.17376,1.17364,1.17376,102
2026-01-06 03:24:00,1.17362,1.17362,1.17357,1.1736000000000002,1.17376,1.17376,1.1737,1.17373,78
2026-01-06 03:25:00,1.1736000000000002,1.17361,1.17352,1.17354,1.17373,1.1737499999999998,1.17366,1.17368,68
2026-01-06 03:26:00,1.17354,1.17354,1.1733900000000002,1.17342,1.17368,1.17368,1.17353,1.17355,111
2026-01-06 03:27:00,1.17342,1.17345,1.17337,1.1734,1.17355,1.17358,1.17351,1.17352,64
2026-01-06 03:28:00,1.1734,1.17347,1.1733900000000002,1.17344,1.17352,1.17359,1.17352,1.17357,81
2026-01-06 03:29:00,1.17344,1.1734600000000002,1.17338,1.17344,1.17357,1.17358,1.17351,1.17356,139
2026-01-06 03:30:00,1.17344,1.17345,1.17338,1.1733900000000002,1.17356,1.17357,1.17351,1.17351,89
2026-01-06 03:31:00,1.1733900000000002,1.17341,1.1733300000000002,1.1733600000000002,1.17351,1.17353,1.17345,1.17349,93
2026-01-06 03:32:00,1.1733600000000002,1.17348,1.17334,1.17347,1.17349,1.17361,1.17347,1.1736,71
2026-01-06 03:33:00,1.17347,1.17349,1.17341,1.17341,1.1736,1.17361,1.17354,1.17355,73
2026-01-06 03:34:00,1.17341,1.17344,1.1734,1.17342,1.17355,1.17356,1.17352,1.17355,86
2026-01-06 03:35:00,1.17342,1.17345,1.1733900000000002,1.17342,1.17355,1.17357,1.17352,1.17355,112
2026-01-06 03:36:00,1.17342,1.17348,1.17341,1.17345,1.17355,1.17362,1.17353,1.17358,84
2026-01-06 03:37:00,1.17345,1.17349,1.1734300000000002,1.17348,1.17358,1.17362,1.17356,1.17361,88
2026-01-06 03:38:00,1.17348,1.1735300000000002,1.17348,1.1735300000000002,1.17361,1.17366,1.1736,1.17366,58
2026-01-06 03:39:00,1.1735300000000002,1.1737000000000002,1.17352,1.1736700000000002,1.17366,1.17384,1.17366,1.17381,78
2026-01-06 03:40:00,1.1736700000000002,1.17376,1.17365,1.1737300000000002,1.17381,1.17389,1.17379,1.17387,78
2026-01-06 03:41:00,1.1737300000000002,1.17374,1.17371,1.17372,1.17387,1.17388,1.17384,1.17386,43
2026-01-06 03:42:00,1.17372,1.17378,1.17372,1.17375,1.17386,1.1739,1.17385,1.17388,91
2026-01-06 03:43:00,1.17375,1.17375,1.17364,1.17364,1.17388,1.17388,1.17377,1.17378,38
2026-01-06 03:44:00,1.17364,1.17369,1.1736300000000002,1.17364,1.17378,1.17382,1.17376,1.17378,48
2026-01-06 03:45:00,1.17364,1.17366,1.17364,1.17364,1.17378,1.17379,1.17376,1.17378,23
2026-01-06 03:46:00,1.17364,1.17368,1.1736300000000002,1.17368,1.17378,1.17381,1.17376,1.17381,26
2026-01-06 03:47:00,1.17368,1.1737000000000002,1.1736700000000002,1.17369,1.17381,1.17383,1.17381,1.17381,23
2026-01-06 03:48:00,1.17369,1.17369,1.17349,1.1735000000000002,1.17381,1.17382,1.17362,1.17363,84
2026-01-06 03:49:00,1.1735000000000002,1.1735300000000002,1.17348,1.17349,1.17363,1.17365,1.17361,1.17361,85
2026-01-06 03:50:00,1.17349,1.17349,1.1734300000000002,1.17344,1.17361,1.17362,1.17356,1.17357,63
2026-01-06 03:51:00,1.17344,1.17349,1.17337,1.17344,1.17357,1.17361,1.1735,1.17358,95
2026-01-06 03:52:00,1.17344,1.17345,1.17338,1.1734300000000002,1.17358,1.17358,1.17351,1.17356,69
2026-01-06 03:53:00,1.1734300000000002,1.17345,1.1733900000000002,1.17341,1.17356,1.17358,1.17352,1.17353,79
2026-01-06 03:54:00,1.17341,1.17349,1.17341,1.17348,1.17353,1.17362,1.17353,1.1736,85
2026-01-06 03:55:00,1.17348,1.1735000000000002,1.17347,1.17348,1.1736,1.17363,1.1736,1.1736,53
2026-01-06 03:56:00,1.17348,1.1735000000000002,1.17347,1.17348,1.1736,1.17362,1.17359,1.17361,71
2026-01-06 03:57:00,1.17348,1.17354,1.17337,1.17338,1.17361,1.17366,1.1735,1.1735,149
2026-01-06 03:58:00,1.17338,1.17345,1.17337,1.1734300000000002,1.1735,1.17358,1.1735,1.17357,64
2026-01-06 03:59:00,1.1734300000000002,1.17344,1.1733900000000002,1.17341,1.17357,1.17358,1.17352,1.17354,49
2026-01-06 04:00:00,1.17341,1.17344,1.17338,1.1734300000000002,1.17354,1.17357,1.17351,1.17355,76
2026-01-06 04:01:00,1.1734300000000002,1.17344,1.1733900000000002,1.1734,1.17355,1.17356,1.17352,1.17353,48
2026-01-06 04:02:00,1.1734,1.1734,1.1732900000000002,1.17331,1.17353,1.17353,1.17342,1.17343,92
2026-01-06 04:03:00,1.17331,1.17332,1.1732,1.17324,1.17343,1.17344,1.17334,1.17338,139
2026-01-06 04:04:00,1.17324,1.1733,1.17323,1.17327,1.17338,1.17343,1.17336,1.1734,95
2026-01-06 04:05:00,1.17327,1.1733300000000002,1.17324,1.17328,1.1734,1.17346,1.17337,1.1734,93
2026-01-06 04:06:00,1.17328,1.1733,1.1732200000000002,1.1732200000000002,1.1734,1.17342,1.17334,1.17335,87
2026-01-06 04:07:00,1.1732200000000002,1.17328,1.1732200000000002,1.17328,1.17335,1.17341,1.17335,1.1734,44
2026-01-06 04:08:00,1.17328,1.17332,1.17324,1.17332,1.1734,1.17344,1.17337,1.17344,92
2026-01-06 04:09:00,1.17332,1.1733300000000002,1.1732600000000002,1.1732900000000002,1.17344,1.17346,1.1734,1.17342,82
2026-01-06 04:10:00,1.1732900000000002,1.17331,1.1732200000000002,1.1732200000000002,1.17342,1.17344,1.17336,1.17336,47
2026-01-06 04:11:00,1.1732200000000002,1.17325,1.1732200000000002,1.17325,1.17336,1.17338,1.17335,1.17338,17
2026-01-06 04:12:00,1.17325,1.17337,1.17324,1.1733300000000002,1.17338,1.1735,1.17336,1.17347,73
2026-01-06 04:13:00,1.1733300000000002,1.17335,1.1733,1.1733300000000002,1.17347,1.17349,1.17345,1.17347,75
2026-01-06 04:14:00,1.1733300000000002,1.1733300000000002,1.1733,1.1733,1.17347,1.17347,1.17343,1.17343,28
2026-01-06 04:15:00,1.1733,1.17331,1.1733,1.17331,1.17343,1.17344,1.17342,1.17343,32
2026-01-06 04:16:00,1.17331,1.17338,1.1732600000000002,1.17337,1.17343,1.17352,1.17339,1.17351,90
2026-01-06 04:17:00,1.17337,1.17342,1.17337,1.17342,1.17351,1.17355,1.1735,1.17355,58
2026-01-06 04:18:00,1.17342,1.1734300000000002,1.17338,1.17338,1.17355,1.17356,1.17351,1.17352,73
2026-01-06 04:19:00,1.17338,1.1734,1.1733300000000002,1.1733300000000002,1.17352,1.17354,1.17348,1.17348,34
2026-01-06 04:20:00,1.1733300000000002,1.17334,1.1732900000000002,1.17331,1.17348,1.17348,1.17343,1.17345,50
2026-01-06 04:21:00,1.17331,1.1733300000000002,1.1733,1.17332,1.17345,1.17346,1.17343,1.17345,25
2026-01-06 04:22:00,1.17332,1.17332,1.1732200000000002,1.17323,1.17345,1.17345,1.17335,1.17335,60
2026-01-06 04:23:00,1.17323,1.17324,1.1732200000000002,1.17323,1.17335,1.17338,1.17335,1.17337,29
2026-01-06 04:24:00,1.17323,1.17327,1.1732200000000002,1.17324,1.17337,1.17341,1.17335,1.17337,61
2026-01-06 04:25:00,1.17324,1.17324,1.1732,1.1732200000000002,1.17337,1.17337,1.17333,1.17336,52
2026-01-06 04:26:00,1.1732200000000002,1.17327,1.1732200000000002,1.17325,1.17336,1.1734,1.17335,1.17339,54
2026-01-06 04:27:00,1.17325,1.17325,1.1732200000000002,1.17323,1.17339,1.17339,1.17335,1.17336,46
2026-01-06 04:28:00,1.17323,1.1732600000000002,1.17314,1.17317,1.17336,1.1734,1.17329,1.1733,62
2026-01-06 04:29:00,1.17317,1.17323,1.1731600000000002,1.17323,1.1733,1.17336,1.17329,1.17336,26
2026-01-06 04:30:00,1.17323,1.1734,1.1732200000000002,1.1733900000000002,1.17336,1.17353,1.17335,1.17353,56
2026-01-06 04:31:00,1.1733900000000002,1.1734,1.17338,1.1733900000000002,1.17353,1.17353,1.17351,1.17352,18
2026-01-06 04:32:00,1.1733900000000002,1.17348,1.1733900000000002,1.17347,1.17352,1.17361,1.17352,1.1736,73
2026-01-06 04:33:00,1.17347,1.1735000000000002,1.17347,1.17349,1.1736,1.17364,1.1736,1.17363,31
2026-01-06 04:34:00,1.17349,1.1735000000000002,1.17348,1.17348,1.17363,1.17364,1.1736,1.17362,37
2026-01-06 04:35:00,1.17348,1.17348,1.17334,1.17337,1.17362,1.17362,1.17347,1.1735,76
2026-01-06 04:36:00,1.17337,1.17337,1.1733,1.17331,1.1735,1.1735,1.17343,1.17343,40
2026-01-06 04:37:00,1.17331,1.17332,1.1733,1.17332,1.17343,1.17346,1.17343,1.17346,30
2026-01-06 04:38:00,1.17332,1.17334,1.17331,1.17332,1.17346,1.17346,1.17344,1.17345,32
2026-01-06 04:39:00,1.17332,1.17332,1.17323,1.17324,1.17345,1.17345,1.17336,1.17337,51
2026-01-06 04:40:00,1.17324,1.17327,1.17317,1.17327,1.17337,1.17341,1.17329,1.1734,81
2026-01-06 04:41:00,1.17327,1.17331,1.17324,1.17331,1.1734,1.17345,1.17338,1.17345,61
2026-01-06 04:42:00,1.17331,1.17334,1.17328,1.1733300000000002,1.17345,1.17348,1.17341,1.17346,54
2026-01-06 04:43:00,1.1733300000000002,1.1733300000000002,1.17325,1.17325,1.17346,1.17346,1.17338,1.17338,56
2026-01-06 04:44:00,1.17325,1.1733,1.17325,1.17328,1.17338,1.17343,1.17338,1.17342,63
2026-01-06 04:45:00,1.17328,1.1732900000000002,1.17325,1.17327,1.17342,1.17343,1.17338,1.17341,71
2026-01-06 04:46:00,1.17327,1.1732900000000002,1.17325,1.17327,1.17341,1.17343,1.17339,1.1734,48
2026-01-06 04:47:00,1.17327,1.17327,1.17325,1.17325,1.1734,1.1734,1.17338,1.17338,43
2026-01-06 04:48:00,1.17325,1.17327,1.1731900000000002,1.1731900000000002,1.17338,1.17341,1.17333,1.17334,51
2026-01-06 04:49:00,1.1731900000000002,1.17324,1.17318,1.17318,1.17334,1.17338,1.17331,1.17332,60
2026-01-06 04:50:00,1.17318,1.1731900000000002,1.1730900000000002,1.17311,1.17332,1.17332,1.17323,1.17325,70
2026-01-06 04:51:00,1.17311,1.17315,1.17311,1.17315,1.17325,1.17328,1.17325,1.17328,103
2026-01-06 04:52:00,1.17315,1.17315,1.17311,1.17311,1.17328,1.17328,1.17324,1.17325,63
2026-01-06 04:53:00,1.17311,1.17314,1.17311,1.17314,1.17325,1.17327,1.17324,1.17327,52
2026-01-06 04:54:00,1.17314,1.17321,1.17314,1.17321,1.17327,1.17334,1.17326,1.17333,53
2026-01-06 04:55:00,1.17321,1.17335,1.1732,1.1733300000000002,1.17333,1.17348,1.17333,1.17346,70
2026-01-06 04:56:00,1.1733300000000002,1.17334,1.17327,1.1733,1.17346,1.17347,1.1734,1.17343,65
2026-01-06 04:57:00,1.1733,1.17335,1.17328,1.17331,1.17343,1.17348,1.17341,1.17344,115
2026-01-06 04:58:00,1.17331,1.17335,1.1732900000000002,1.17334,1.17344,1.17348,1.17343,1.17347,128
2026-01-06 04:59:00,1.17334,1.17334,1.17331,1.17332,1.17347,1.17347,1.17344,1.17345,84
2026-01-06 05:00:00,1.17332,1.1733300000000002,1.17325,1.1732600000000002,1.17345,1.17345,1.17339,1.1734,57
2026-01-06 05:01:00,1.1732600000000002,1.17337,1.1732600000000002,1.1733600000000002,1.1734,1.17351,1.1734,1.17349,53
2026-01-06 05:02:00,1.1733600000000002,1.1733600000000002,1.1732900000000002,1.1733300000000002,1.17349,1.17349,1.17343,1.17346,49
2026-01-06 05:03:00,1.1733300000000002,1.17338,1.1733300000000002,1.17338,1.17346,1.17352,1.17346,1.17351,36
2026-01-06 05:04:00,1.17338,1.17341,1.17337,1.1733900000000002,1.17351,1.17354,1.17351,1.17352,37
2026-01-06 05:05:00,1.1733900000000002,1.17348,1.1733900000000002,1.17341,1.17352,1.17362,1.17352,1.17354,81
2026-01-06 05:06:00,1.17341,1.1734600000000002,1.17341,1.17345,1.17354,1.1736,1.17354,1.17359,42
2026-01-06 05:07:00,1.17345,1.1734600000000002,1.17338,1.1733900000000002,1.17359,1.1736,1.17352,1.17353,49
2026-01-06 05:08:00,1.1733900000000002,1.17341,1.17338,1.17341,1.17353,1.17355,1.17352,1.17355,21
2026-01-06 05:09:00,1.17341,1.17349,1.17341,1.17345,1.17355,1.17363,1.17355,1.17359,45
2026-01-06 05:10:00,1.17345,1.17345,1.17342,1.17344,1.17359,1.17359,1.17356,1.17358,68
2026-01-06 05:11:00,1.17344,1.17347,1.17344,1.1734600000000002,1.17358,1.17361,1.17357,1.17361,32
2026-01-06 05:12:00,1.1734600000000002,1.17351,1.17344,1.17351,1.17361,1.17365,1.17357,1.17365,93
2026-01-06 05:13:00,1.17351,1.1736000000000002,1.17351,1.17358,1.17365,1.17373,1.17365,1.17371,80
2026-01-06 05:14:00,1.17358,1.17361,1.17357,1.17361,1.17371,1.1737499999999998,1.1737,1.17373,78
2026-01-06 05:15:00,1.17361,1.17361,1.1734600000000002,1.1735000000000002,1.17373,1.17373,1.17358,1.17362,114
2026-01-06 05:16:00,1.1735000000000002,1.17358,1.17348,1.17355,1.17362,1.17371,1.1736,1.17368,103
2026-01-06 05:17:00,1.17355,1.17359,1.1735300000000002,1.17358,1.17368,1.17371,1.17366,1.17371,78
2026-01-06 05:18:00,1.17358,1.17359,1.1735300000000002,1.17358,1.17371,1.17372,1.17365,1.17371,49
2026-01-06 05:19:00,1.17358,1.17359,1.17354,1.1735600000000002,1.17371,1.17371,1.17366,1.17369,44
2026-01-06 05:20:00,1.1735600000000002,1.17357,1.17352,1.1735600000000002,1.17369,1.17369,1.17364,1.17368,60
2026-01-06 05:21:00,1.1735600000000002,1.1735600000000002,1.17348,1.17349,1.17368,1.17368,1.1736,1.17361,72
2026-01-06 05:22:00,1.17349,1.17354,1.17347,1.17352,1.17361,1.17367,1.1736,1.17364,82
2026-01-06 05:23:00,1.17352,1.17355,1.17351,1.17355,1.17364,1.17368,1.17364,1.17367,72
2026-01-06 05:24:00,1.17355,1.17355,1.17349,1.1735000000000002,1.17367,1.17368,1.17362,1.17362,45
2026-01-06 05:25:00,1.1735000000000002,1.17354,1.17349,1.17354,1.17362,1.17367,1.17361,1.17366,56
2026-01-06 05:26:00,1.17354,1.17359,1.1735300000000002,1.17359,1.17366,1.17372,1.17366,1.17372,35
2026-01-06 05:27:00,1.17359,1.17359,1.1735300000000002,1.17355,1.17372,1.17372,1.17366,1.17368,92
2026-01-06 05:28:00,1.17355,1.17362,1.17355,1.17359,1.17368,1.1737499999999998,1.17368,1.17372,85
2026-01-06 05:29:00,1.17359,1.17364,1.17354,1.17357,1.17372,1.17377,1.17367,1.1737,136
2026-01-06 05:30:00,1.17357,1.17359,1.17351,1.1735300000000002,1.1737,1.17372,1.17363,1.17366,159
2026-01-06 05:31:00,1.1735300000000002,1.17354,1.1735000000000002,1.17351,1.17366,1.17368,1.17363,1.17363,97
2026-01-06 05:32:00,1.17351,1.17351,1.17347,1.17348,1.17363,1.17364,1.1736,1.17362,55
2026-01-06 05:33:00,1.17348,1.17354,1.17347,1.1735000000000002,1.17362,1.17368,1.1736,1.17363,86
2026-01-06 05:34:00,1.1735000000000002,1.17354,1.17349,1.1735300000000002,1.17363,1.17366,1.17362,1.17366,98
2026-01-06 05:35:00,1.1735300000000002,1.17354,1.17347,1.17348,1.17366,1.17366,1.17361,1.17361,60
2026-01-06 05:36:00,1.17348,1.17355,1.17348,1.1735300000000002,1.17361,1.17369,1.1736,1.17366,56
2026-01-06 05:37:00,1.1735300000000002,1.17354,1.17351,1.1735300000000002,1.17366,1.17368,1.17363,1.17366,84
2026-01-06 05:38:00,1.1735300000000002,1.1736300000000002,1.1735300000000002,1.17357,1.17366,1.17376,1.17366,1.1737,95
2026-01-06 05:39:00,1.17357,1.17358,1.17345,1.17345,1.1737,1.1737,1.17357,1.17358,103
2026-01-06 05:40:00,1.17345,1.17345,1.17337,1.17341,1.17358,1.17359,1.17351,1.17353,83
2026-01-06 05:41:00,1.17341,1.1734300000000002,1.17337,1.17338,1.17353,1.17356,1.1735,1.17352,101
2026-01-06 05:42:00,1.17338,1.1733900000000002,1.17335,1.17337,1.17352,1.17352,1.17348,1.17351,61
2026-01-06 05:43:00,1.17337,1.17337,1.17327,1.17327,1.17351,1.17351,1.1734,1.17341,71
2026-01-06 05:44:00,1.17327,1.17328,1.17324,1.17324,1.17341,1.17342,1.17338,1.17338,31
2026-01-06 05:45:00,1.17324,1.1732900000000002,1.17324,1.17325,1.17338,1.17342,1.17338,1.1734,50
2026-01-06 05:46:00,1.17325,1.17327,1.17324,1.17325,1.1734,1.17341,1.17338,1.17339,28
2026-01-06 05:47:00,1.17325,1.1732600000000002,1.17317,1.17323,1.17339,1.1734,1.17331,1.17336,112
2026-01-06 05:48:00,1.17323,1.17323,1.1731900000000002,1.17321,1.17336,1.17337,1.17333,1.17335,77
2026-01-06 05:49:00,1.17321,1.1732200000000002,1.17315,1.17317,1.17335,1.17336,1.17329,1.1733,41
2026-01-06 05:50:00,1.17317,1.1731900000000002,1.17314,1.17315,1.1733,1.17332,1.17327,1.17328,46
2026-01-06 05:51:00,1.17315,1.1731600000000002,1.17305,1.17307,1.17328,1.1733,1.17318,1.1732,94
2026-01-06 05:52:00,1.17307,1.17308,1.17293,1.17296,1.1732,1.1732,1.17307,1.1731,128
2026-01-06 05:53:00,1.17296,1.17297,1.1728200000000002,1.17284,1.1731,1.17311,1.17295,1.17298,103
2026-01-06 05:54:00,1.17284,1.17296,1.17281,1.17294,1.17298,1.1731,1.17295,1.17307,137
2026-01-06 05:55:00,1.17294,1.17294,1.17267,1.1727200000000002,1.17307,1.17307,1.17281,1.17285,168
2026-01-06 05:56:00,1.1727200000000002,1.17287,1.1727,1.17284,1.17285,1.173,1.17283,1.17297,136
2026-01-06 05:57:00,1.17284,1.17287,1.17274,1.1728200000000002,1.17297,1.17301,1.17287,1.17295,181
2026-01-06 05:58:00,1.1728200000000002,1.1728500000000002,1.17276,1.17277,1.17295,1.17298,1.1729,1.1729,165
2026-01-06 05:59:00,1.17277,1.17286,1.17274,1.1728200000000002,1.1729,1.17299,1.17288,1.17295,89
2026-01-06 06:00:00,1.1728200000000002,1.1729900000000002,1.17281,1.17291,1.17295,1.17313,1.17295,1.17303,132
2026-01-06 06:01:00,1.17291,1.17296,1.1728,1.17284,1.17303,1.17309,1.17294,1.17297,103
2026-01-06 06:02:00,1.17284,1.17307,1.17284,1.17307,1.17297,1.17321,1.17297,1.17321,87
2026-01-06 06:03:00,1.17307,1.1731200000000002,1.1730200000000002,1.17304,1.17321,1.17326,1.17316,1.17318,58
2026-01-06 06:04:00,1.17304,1.1732,1.17304,1.17318,1.17318,1.17333,1.17318,1.17331,76
2026-01-06 06:05:00,1.17318,1.1732,1.17311,1.17313,1.17331,1.17333,1.17324,1.17327,76
2026-01-06 06:06:00,1.17313,1.17314,1.1729900000000002,1.17304,1.17327,1.17327,1.17312,1.17318,143
2026-01-06 06:07:00,1.17304,1.1730900000000002,1.1729500000000002,1.17297,1.17318,1.17323,1.17308,1.17309,158
2026-01-06 06:08:00,1.17297,1.17307,1.1729500000000002,1.1730600000000002,1.17309,1.17321,1.17308,1.17319,95
2026-01-06 06:09:00,1.1730600000000002,1.17315,1.17304,1.17314,1.17319,1.17328,1.17317,1.17328,102
2026-01-06 06:10:00,1.17314,1.17315,1.1730900000000002,1.17313,1.17328,1.17328,1.17323,1.17327,66
2026-01-06 06:11:00,1.17313,1.17318,1.17308,1.17318,1.17327,1.17332,1.17322,1.17332,60
2026-01-06 06:12:00,1.17318,1.17318,1.1731,1.1731,1.17332,1.17332,1.17324,1.17324,76
2026-01-06 06:13:00,1.1731,1.17313,1.1731,1.17313,1.17324,1.17327,1.17324,1.17327,32
2026-01-06 06:14:00,1.17313,1.17315,1.1731200000000002,1.17313,1.17327,1.17329,1.17325,1.17327,31
2026-01-06 06:15:00,1.17313,1.17317,1.1731,1.1731,1.17327,1.17331,1.17323,1.17323,68
2026-01-06 06:16:00,1.1731,1.17313,1.17307,1.1731200000000002,1.17323,1.17327,1.1732,1.17326,54
2026-01-06 06:17:00,1.1731200000000002,1.1731600000000002,1.1730900000000002,1.17313,1.17326,1.17331,1.17323,1.17328,59
2026-01-06 06:18:00,1.17313,1.17321,1.17313,1.17321,1.17328,1.17335,1.17327,1.17335,72
2026-01-06 06:19:00,1.17321,1.1733,1.17317,1.1733,1.17335,1.17344,1.1733,1.17343,92
2026-01-06 06:20:00,1.1733,1.1733,1.17317,1.17318,1.17343,1.17343,1.17331,1.17332,65
2026-01-06 06:21:00,1.17318,1.1732200000000002,1.17318,1.17321,1.17332,1.17336,1.17332,1.17335,29
2026-01-06 06:22:00,1.17321,1.17328,1.17321,1.17324,1.17335,1.17341,1.17334,1.17337,51
2026-01-06 06:23:00,1.17324,1.1733,1.1731900000000002,1.1732900000000002,1.17337,1.17343,1.17332,1.17343,97
2026-01-06 06:24:00,1.1732900000000002,1.17332,1.1732600000000002,1.17332,1.17343,1.17345,1.17339,1.17345,104
2026-01-06 06:25:00,1.17332,1.1733600000000002,1.17324,1.1732600000000002,1.17345,1.1735,1.17338,1.17339,78
2026-01-06 06:26:00,1.1732600000000002,1.17327,1.1731,1.1731600000000002,1.17339,1.17341,1.17323,1.17329,102
2026-01-06 06:27:00,1.1731600000000002,1.17318,1.17311,1.17311,1.17329,1.17332,1.17325,1.17325,86
2026-01-06 06:28:00,1.17311,1.17318,1.17308,1.17318,1.17325,1.17331,1.17321,1.17331,88
2026-01-06 06:29:00,1.17318,1.17348,1.17317,1.17344,1.17331,1.17362,1.1733,1.17358,169
2026-01-06 06:30:00,1.17344,1.17348,1.17337,1.17337,1.17358,1.17362,1.1735,1.17351,141
2026-01-06 06:31:00,1.17337,1.17344,1.17337,1.17341,1.17351,1.17358,1.1735,1.17355,126
2026-01-06 06:32:00,1.17341,1.17352,1.17341,1.17352,1.17355,1.17366,1.17353,1.17364,104
2026-01-06 06:33:00,1.17352,1.1736000000000002,1.17348,1.17359,1.17364,1.17373,1.1736,1.17372,121
2026-01-06 06:34:00,1.17359,1.17359,1.17348,1.17348,1.17372,1.17373,1.1736,1.1736,114
2026-01-06 06:35:00,1.17348,1.17349,1.17334,1.17344,1.1736,1.17362,1.17349,1.17356,113
2026-01-06 06:36:00,1.17344,1.17344,1.17335,1.1733900000000002,1.17356,1.17356,1.17347,1.17352,98
2026-01-06 06:37:00,1.1733900000000002,1.1733900000000002,1.17334,1.17338,1.17352,1.17353,1.17347,1.17351,64
2026-01-06 06:38:00,1.17338,1.17344,1.17338,1.1734300000000002,1.17351,1.17357,1.1735,1.17355,54
2026-01-06 06:39:00,1.1734300000000002,1.17344,1.17338,1.1734,1.17355,1.17356,1.17351,1.17353,60
2026-01-06 06:40:00,1.1734,1.17345,1.1733900000000002,1.17344,1.17353,1.17357,1.17352,1.17357,78
2026-01-06 06:41:00,1.17344,1.17348,1.1734300000000002,1.17348,1.17357,1.17361,1.17355,1.17361,86
2026-01-06 06:42:00,1.17348,1.17358,1.17348,1.17352,1.17361,1.17371,1.1736,1.17365,130
2026-01-06 06:43:00,1.17352,1.17355,1.17348,1.17355,1.17365,1.17367,1.1736,1.17367,51
2026-01-06 06:44:00,1.17355,1.17355,1.17337,1.17338,1.17367,1.17367,1.1735,1.1735,93
2026-01-06 06:45:00,1.17338,1.17342,1.17337,1.1734,1.1735,1.17356,1.1735,1.17354,133
2026-01-06 06:46:00,1.1734,1.17344,1.17337,1.17338,1.17354,1.17358,1.1735,1.17351,88
2026-01-06 06:47:00,1.17338,1.17347,1.17337,1.17347,1.17351,1.1736,1.1735,1.1736,82
2026-01-06 06:48:00,1.17347,1.17355,1.17347,1.1735300000000002,1.1736,1.17368,1.17359,1.17365,65
2026-01-06 06:49:00,1.1735300000000002,1.1735300000000002,1.17348,1.17348,1.17365,1.17366,1.17361,1.17362,44
2026-01-06 06:50:00,1.17348,1.17355,1.17341,1.17351,1.17362,1.17368,1.17355,1.17365,97
2026-01-06 06:51:00,1.17351,1.17351,1.17345,1.17349,1.17365,1.17365,1.17357,1.17362,78
2026-01-06 06:52:00,1.17349,1.1735300000000002,1.17347,1.1735300000000002,1.17362,1.17367,1.17359,1.17366,57
2026-01-06 06:53:00,1.1735300000000002,1.17358,1.17347,1.17348,1.17366,1.1737,1.1736,1.17361,54
2026-01-06 06:54:00,1.17348,1.1736000000000002,1.17348,1.17358,1.17361,1.17374,1.17361,1.17371,52
2026-01-06 06:55:00,1.17358,1.17359,1.17354,1.17357,1.17371,1.17372,1.17367,1.1737,50
2026-01-06 06:56:00,1.17357,1.17359,1.17355,1.17358,1.1737,1.17373,1.17368,1.1737,75
2026-01-06 06:57:00,1.17358,1.1736700000000002,1.17358,1.1736300000000002,1.1737,1.1738,1.1737,1.17377,97
2026-01-06 06:58:00,1.1736300000000002,1.1736300000000002,1.1735600000000002,1.17357,1.17377,1.17377,1.17368,1.17369,139
2026-01-06 06:59:00,1.17357,1.17357,1.17355,1.1735600000000002,1.17369,1.17371,1.17368,1.17369,32
2026-01-06 07:00:00,1.1735600000000002,1.17376,1.1735600000000002,1.17365,1.17369,1.17388,1.17368,1.17378,265
2026-01-06 07:01:00,1.17365,1.17378,1.17359,1.1737300000000002,1.17378,1.17391,1.17373,1.17386,193
2026-01-06 07:02:00,1.1737300000000002,1.1737300000000002,1.1736700000000002,1.17372,1.17386,1.17386,1.1738,1.17385,139
2026-01-06 07:03:00,1.17372,1.17378,1.17371,1.17371,1.17385,1.17392,1.17383,1.17384,117
2026-01-06 07:04:00,1.17371,1.17401,1.17371,1.1740000000000002,1.17384,1.17415,1.17384,1.17414,140
2026-01-06 07:05:00,1.1740000000000002,1.17401,1.1739000000000002,1.1739700000000002,1.17414,1.17416,1.17403,1.17411,95
2026-01-06 07:06:00,1.1739700000000002,1.17409,1.1739700000000002,1.17409,1.17411,1.17423,1.1741,1.17423,91
2026-01-06 07:07:00,1.17409,1.17413,1.17406,1.17409,1.17423,1.17428,1.17419,1.17423,162
2026-01-06 07:08:00,1.17409,1.17423,1.1740700000000002,1.17422,1.17423,1.17436,1.1742,1.17436,108
2026-01-06 07:09:00,1.17422,1.17423,1.17409,1.17413,1.17436,1.17436,1.17422,1.17425,50
2026-01-06 07:10:00,1.17413,1.17419,1.1740700000000002,1.17408,1.17425,1.17431,1.17421,1.17421,67
2026-01-06 07:11:00,1.17408,1.17412,1.17395,1.1739700000000002,1.17421,1.17426,1.17407,1.1741,89
2026-01-06 07:12:00,1.1739700000000002,1.1739700000000002,1.1738300000000002,1.17388,1.1741,1.1741,1.17395,1.17401,158
2026-01-06 07:13:00,1.17388,1.17388,1.17371,1.1737300000000002,1.17401,1.17401,1.17385,1.17386,123
2026-01-06 07:14:00,1.1737300000000002,1.17382,1.1736700000000002,1.17374,1.17386,1.17395,1.1738,1.17388,126
2026-01-06 07:15:00,1.17374,1.17374,1.17366,1.1737000000000002,1.17388,1.17388,1.1738,1.17384,62
2026-01-06 07:16:00,1.1737000000000002,1.17374,1.17368,1.17369,1.17384,1.17387,1.17381,1.17382,39
2026-01-06 07:17:00,1.17369,1.1737700000000002,1.17364,1.17366,1.17382,1.1739,1.17378,1.1738,111
2026-01-06 07:18:00,1.17366,1.1736700000000002,1.17357,1.17365,1.1738,1.1738,1.1737,1.17377,143
2026-01-06 07:19:00,1.17365,1.17366,1.17354,1.17354,1.17377,1.17379,1.17367,1.17368,101
2026-01-06 07:20:00,1.17354,1.17359,1.17352,1.17355,1.17368,1.17373,1.17365,1.17369,92
2026-01-06 07:21:00,1.17355,1.17355,1.17328,1.17328,1.17369,1.17369,1.17343,1.17343,160
2026-01-06 07:22:00,1.17328,1.17334,1.17324,1.17334,1.17343,1.17348,1.17337,1.17348,147
2026-01-06 07:23:00,1.17334,1.17338,1.17324,1.17335,1.17348,1.1735,1.17338,1.17347,102
2026-01-06 07:24:00,1.17335,1.1734300000000002,1.1733,1.17334,1.17347,1.17356,1.17343,1.17348,55
2026-01-06 07:25:00,1.17334,1.17334,1.17324,1.17324,1.17348,1.17348,1.17338,1.17338,62
2026-01-06 07:26:00,1.17324,1.1732900000000002,1.17324,1.1732600000000002,1.17338,1.17343,1.17337,1.17339,79
2026-01-06 07:27:00,1.1732600000000002,1.1734,1.17325,1.17338,1.17339,1.17353,1.17339,1.17351,135
2026-01-06 07:28:00,1.17338,1.17342,1.17334,1.17338,1.17351,1.17355,1.17348,1.17351,117
2026-01-06 07:29:00,1.17338,1.1734300000000002,1.17337,1.1734,1.17351,1.17356,1.17351,1.17354,87
2026-01-06 07:30:00,1.1734,1.17342,1.17334,1.17335,1.17354,1.17354,1.17347,1.17349,56
2026-01-06 07:31:00,1.17335,1.17349,1.17335,1.17345,1.17349,1.17362,1.17348,1.17358,136
2026-01-06 07:32:00,1.17345,1.17345,1.17337,1.17342,1.17358,1.17359,1.1735,1.17355,91
2026-01-06 07:33:00,1.17342,1.17348,1.1734,1.1734300000000002,1.17355,1.17361,1.17353,1.17357,83
2026-01-06 07:34:00,1.1734300000000002,1.17357,1.1734300000000002,1.1735300000000002,1.17357,1.1737,1.17356,1.17366,74
2026-01-06 07:35:00,1.1735300000000002,1.1735300000000002,1.17342,1.17344,1.17366,1.17366,1.17356,1.17358,88
2026-01-06 07:36:00,1.17344,1.1736000000000002,1.17344,1.17354,1.17358,1.17373,1.17358,1.17366,103
2026-01-06 07:37:00,1.17354,1.17359,1.17352,1.17354,1.17366,1.17373,1.17366,1.17367,78
2026-01-06 07:38:00,1.17354,1.1736300000000002,1.1735300000000002,1.17362,1.17367,1.17377,1.17366,1.17376,55
2026-01-06 07:39:00,1.17362,1.17388,1.17362,1.1737700000000002,1.17376,1.17401,1.17376,1.17391,107
2026-01-06 07:40:00,1.1737700000000002,1.17379,1.17375,1.17379,1.17391,1.17393,1.17389,1.17391,81
2026-01-06 07:41:00,1.17379,1.17379,1.17365,1.1737000000000002,1.17391,1.17393,1.17379,1.17384,91
2026-01-06 07:42:00,1.1737000000000002,1.1737000000000002,1.17355,1.17359,1.17384,1.17384,1.17369,1.17373,63
2026-01-06 07:43:00,1.17359,1.17372,1.17355,1.1737000000000002,1.17373,1.17385,1.1737,1.17384,68
2026-01-06 07:44:00,1.1737000000000002,1.17371,1.17354,1.17354,1.17384,1.17385,1.17369,1.17369,177
2026-01-06 07:45:00,1.17354,1.17364,1.17335,1.1736300000000002,1.17369,1.17379,1.17352,1.17378,250
2026-01-06 07:46:00,1.1736300000000002,1.1736300000000002,1.1733600000000002,1.17338,1.17378,1.17378,1.17349,1.17352,104
2026-01-06 07:47:00,1.17338,1.1734300000000002,1.17332,1.17335,1.17352,1.17356,1.17345,1.17348,84
2026-01-06 07:48:00,1.17335,1.1734300000000002,1.17325,1.17325,1.17348,1.17356,1.17339,1.17339,117
2026-01-06 07:49:00,1.17325,1.17332,1.17325,1.17327,1.17339,1.17346,1.17338,1.17341,78
2026-01-06 07:50:00,1.17327,1.1735000000000002,1.17327,1.17338,1.17341,1.17363,1.17341,1.17351,124
2026-01-06 07:51:00,1.17338,1.1733900000000002,1.1731900000000002,1.17327,1.17351,1.17353,1.17331,1.17339,123
2026-01-06 07:52:00,1.17327,1.17328,1.17317,1.17318,1.17339,1.17341,1.1733,1.17331,102
2026-01-06 07:53:00,1.17318,1.17318,1.17305,1.1731,1.17331,1.17331,1.17318,1.17323,142
2026-01-06 07:54:00,1.1731,1.17335,1.1731,1.17325,1.17323,1.1735,1.17323,1.17338,187
2026-01-06 07:55:00,1.17325,1.17325,1.1729200000000002,1.1729900000000002,1.17338,1.17338,1.17306,1.17312,184
2026-01-06 07:56:00,1.1729900000000002,1.1730600000000002,1.1728500000000002,1.1729,1.17312,1.17318,1.17299,1.17303,199
2026-01-06 07:57:00,1.1729,1.1730200000000002,1.17253,1.17253,1.17303,1.17315,1.17268,1.17268,265
2026-01-06 07:58:00,1.17253,1.17286,1.17253,1.17266,1.17268,1.17299,1.17268,1.17281,305
2026-01-06 07:59:00,1.17266,1.17286,1.1726500000000002,1.1728500000000002,1.17281,1.173,1.1728,1.17298,218
2026-01-06 08:00:00,1.1728500000000002,1.17293,1.17271,1.17287,1.17298,1.17307,1.17284,1.17301,319
2026-01-06 08:01:00,1.17287,1.17293,1.17267,1.17284,1.17301,1.17306,1.17281,1.17298,331
2026-01-06 08:02:00,1.17284,1.17296,1.17281,1.1728900000000002,1.17298,1.1731,1.17295,1.17303,298
2026-01-06 08:03:00,1.1728900000000002,1.17298,1.17286,1.17297,1.17303,1.17312,1.173,1.1731,194
2026-01-06 08:04:00,1.17297,1.17313,1.17283,1.17288,1.1731,1.17327,1.17296,1.17301,185
2026-01-06 08:05:00,1.17288,1.17323,1.17288,1.1732200000000002,1.17301,1.17338,1.17301,1.17335,170
2026-01-06 08:06:00,1.1732200000000002,1.17338,1.1731600000000002,1.17327,1.17335,1.17351,1.1733,1.17339,210
2026-01-06 08:07:00,1.17327,1.17337,1.17321,1.17337,1.17339,1.1735,1.17334,1.1735,223
2026-01-06 08:08:00,1.17337,1.17341,1.17325,1.1732900000000002,1.1735,1.17354,1.17337,1.17342,182
2026-01-06 08:09:00,1.1732900000000002,1.1733,1.17318,1.1732200000000002,1.17342,1.17342,1.17332,1.17335,169
2026-01-06 08:10:00,1.1732200000000002,1.1734,1.17317,1.17337,1.17335,1.17354,1.1733,1.17351,187
2026-01-06 08:11:00,1.17337,1.1734600000000002,1.17334,1.17337,1.17351,1.17359,1.17348,1.17351,198
2026-01-06 08:12:00,1.17337,1.17337,1.17327,1.1732900000000002,1.17351,1.17351,1.1734,1.17342,126
2026-01-06 08:13:00,1.1732900000000002,1.1733900000000002,1.17328,1.17337,1.17342,1.17351,1.17341,1.17349,131
2026-01-06 08:14:00,1.17337,1.17345,1.17331,1.17331,1.17349,1.17358,1.17345,1.17345,185
2026-01-06 08:15:00,1.17331,1.1738300000000002,1.17331,1.17374,1.17345,1.17398,1.17345,1.17389,237
2026-01-06 08:16:00,1.17374,1.17374,1.17351,1.1735300000000002,1.17389,1.17389,1.17366,1.17366,148
2026-01-06 08:17:00,1.1735300000000002,1.17368,1.1734300000000002,1.1736700000000002,1.17366,1.17382,1.17356,1.1738,207
2026-01-06 08:18:00,1.1736700000000002,1.1736700000000002,1.17352,1.17366,1.1738,1.17381,1.17367,1.17379,134
2026-01-06 08:19:00,1.17366,1.17382,1.17364,1.1737000000000002,1.17379,1.17396,1.17377,1.17384,180
2026-01-06 08:20:00,1.1737000000000002,1.17374,1.17335,1.17342,1.17384,1.17387,1.17349,1.17355,150
2026-01-06 08:21:00,1.17342,1.17342,1.1731600000000002,1.17317,1.17355,1.17355,1.1733,1.1733,193
2026-01-06 08:22:00,1.17317,1.17317,1.17305,1.17307,1.1733,1.17331,1.17318,1.1732,237
2026-01-06 08:23:00,1.17307,1.17318,1.17293,1.17294,1.1732,1.17331,1.17306,1.17309,126
2026-01-06 08:24:00,1.17294,1.17317,1.17293,1.17296,1.17309,1.1733,1.17307,1.1731,232
2026-01-06 08:25:00,1.17296,1.17308,1.1729200000000002,1.1729200000000002,1.1731,1.17321,1.17305,1.17306,145
2026-01-06 08:26:00,1.1729200000000002,1.17307,1.17287,1.17294,1.17306,1.1732,1.173,1.17308,139
2026-01-06 08:27:00,1.17294,1.17296,1.1728,1.1728200000000002,1.17308,1.1731,1.17293,1.17295,189
2026-01-06 08:28:00,1.1728200000000002,1.17284,1.17276,1.17279,1.17295,1.17297,1.17289,1.17292,199
2026-01-06 08:29:00,1.17279,1.1728,1.1727,1.17273,1.17292,1.17294,1.17283,1.17287,151
2026-01-06 08:30:00,1.17273,1.17276,1.17254,1.1725800000000002,1.17287,1.17291,1.17268,1.1727,191
2026-01-06 08:31:00,1.1725800000000002,1.17263,1.17254,1.17262,1.1727,1.17276,1.17267,1.17275,142
2026-01-06 08:32:00,1.17262,1.17269,1.1725500000000002,1.1726100000000002,1.17275,1.17282,1.17268,1.17273,166
2026-01-06 08:33:00,1.1726100000000002,1.17276,1.1726,1.17269,1.17273,1.1729,1.17273,1.17282,151
2026-01-06 08:34:00,1.17269,1.1728,1.17267,1.17279,1.17282,1.17293,1.17281,1.17292,138
2026-01-06 08:35:00,1.17279,1.17279,1.17262,1.1727200000000002,1.17292,1.17293,1.17275,1.17285,182
2026-01-06 08:36:00,1.1727200000000002,1.17273,1.1726100000000002,1.1726800000000002,1.17285,1.17287,1.17275,1.17281,146
2026-01-06 08:37:00,1.1726800000000002,1.17283,1.17264,1.1727800000000002,1.17281,1.17296,1.17277,1.17291,179
2026-01-06 08:38:00,1.1727800000000002,1.17296,1.1727800000000002,1.17296,1.17291,1.1731,1.17291,1.17309,105
2026-01-06 08:39:00,1.17296,1.17296,1.17287,1.17287,1.17309,1.17309,1.17299,1.17301,124
2026-01-06 08:40:00,1.17287,1.17287,1.17262,1.17262,1.17301,1.17301,1.17276,1.17277,175
2026-01-06 08:41:00,1.17262,1.1727200000000002,1.17262,1.17271,1.17277,1.17286,1.17276,1.17284,90
2026-01-06 08:42:00,1.17271,1.17279,1.17266,1.17277,1.17284,1.17292,1.17279,1.1729,139
2026-01-06 08:43:00,1.17277,1.1727800000000002,1.17263,1.1726800000000002,1.1729,1.17291,1.17277,1.17282,171
2026-01-06 08:44:00,1.1726800000000002,1.17273,1.1726500000000002,1.17267,1.17282,1.17286,1.17279,1.1728,95
2026-01-06 08:45:00,1.17267,1.1728200000000002,1.1725500000000002,1.17281,1.1728,1.17295,1.17269,1.17295,166
2026-01-06 08:46:00,1.17281,1.17294,1.17276,1.1727800000000002,1.17295,1.17307,1.1729,1.17291,101
2026-01-06 08:47:00,1.1727800000000002,1.17294,1.1727800000000002,1.17288,1.17291,1.17307,1.17291,1.17302,95
2026-01-06 08:48:00,1.17288,1.17298,1.17287,1.17288,1.17302,1.17311,1.173,1.17301,177
2026-01-06 08:49:00,1.17288,1.1732,1.17286,1.1731,1.17301,1.17335,1.17298,1.17324,204
2026-01-06 08:50:00,1.1731,1.17317,1.17301,1.17301,1.17324,1.17331,1.17313,1.17313,127
2026-01-06 08:51:00,1.17301,1.1730600000000002,1.17298,1.1730200000000002,1.17313,1.17319,1.1731,1.17315,110
2026-01-06 08:52:00,1.1730200000000002,1.17317,1.17297,1.1731200000000002,1.17315,1.17331,1.1731,1.17324,142
2026-01-06 08:53:00,1.1731200000000002,1.1731200000000002,1.1729200000000002,1.1729200000000002,1.17324,1.17325,1.17305,1.17305,131
2026-01-06 08:54:00,1.1729200000000002,1.17296,1.17288,1.17291,1.17305,1.1731,1.173,1.17304,147
2026-01-06 08:55:00,1.17291,1.17293,1.1728200000000002,1.17286,1.17304,1.17307,1.17296,1.17299,67
2026-01-06 08:56:00,1.17286,1.17287,1.17267,1.17277,1.17299,1.173,1.17281,1.17291,172
2026-01-06 08:57:00,1.17277,1.1728900000000002,1.17277,1.1728200000000002,1.17291,1.17303,1.17291,1.17296,116
2026-01-06 08:58:00,1.1728200000000002,1.1728200000000002,1.17274,1.1727500000000002,1.17296,1.17296,1.17286,1.17289,106
2026-01-06 08:59:00,1.1727500000000002,1.17288,1.17273,1.1727800000000002,1.17289,1.17303,1.17287,1.17294,130
2026-01-06 09:00:00,1.1727800000000002,1.17283,1.1725800000000002,1.1728200000000002,1.17294,1.17298,1.17272,1.17296,200
2026-01-06 09:01:00,1.1728200000000002,1.17284,1.17227,1.17244,1.17296,1.17297,1.17242,1.17259,395
2026-01-06 09:02:00,1.17244,1.17254,1.17229,1.17242,1.17259,1.17268,1.17242,1.17256,210
2026-01-06 09:03:00,1.17242,1.17257,1.17236,1.17237,1.17256,1.1727,1.17249,1.1725,152
2026-01-06 09:04:00,1.17237,1.1724800000000002,1.1720700000000002,1.1720700000000002,1.1725,1.17261,1.1722,1.17221,215
2026-01-06 09:05:00,1.1720700000000002,1.17227,1.17206,1.17212,1.17221,1.17241,1.1722,1.17225,185
2026-01-06 09:06:00,1.17212,1.17213,1.17196,1.17203,1.17225,1.17226,1.1721,1.17215,172
2026-01-06 09:07:00,1.17203,1.17209,1.17192,1.17196,1.17215,1.17222,1.17205,1.17209,164
2026-01-06 09:08:00,1.17196,1.17218,1.17196,1.1721100000000002,1.17209,1.17231,1.17209,1.17223,179
2026-01-06 09:09:00,1.1721100000000002,1.1721700000000002,1.17206,1.1721100000000002,1.17223,1.1723,1.17219,1.17224,109
2026-01-06 09:10:00,1.1721100000000002,1.17212,1.1719400000000002,1.17202,1.17224,1.17224,1.17208,1.17214,128
2026-01-06 09:11:00,1.17202,1.17206,1.17192,1.17192,1.17214,1.17219,1.17205,1.17205,149
2026-01-06 09:12:00,1.17192,1.17198,1.17175,1.17198,1.17205,1.17211,1.17188,1.17211,173
2026-01-06 09:13:00,1.17198,1.1720400000000002,1.17179,1.17181,1.17211,1.17216,1.17192,1.17194,206
2026-01-06 09:14:00,1.17181,1.17181,1.17166,1.17175,1.17194,1.17194,1.17179,1.17188,154
2026-01-06 09:15:00,1.17175,1.1717700000000002,1.17165,1.17166,1.17188,1.17191,1.17179,1.17179,170
2026-01-06 09:16:00,1.17166,1.1717700000000002,1.1715600000000002,1.1717700000000002,1.17179,1.17191,1.17169,1.17191,194
2026-01-06 09:17:00,1.1717700000000002,1.17182,1.17149,1.17152,1.17191,1.17196,1.17164,1.17166,251
2026-01-06 09:18:00,1.17152,1.17166,1.17147,1.17162,1.17166,1.17178,1.1716,1.17175,159
2026-01-06 09:19:00,1.17162,1.1716300000000002,1.1714600000000002,1.1715600000000002,1.17175,1.17175,1.17159,1.17168,204
2026-01-06 09:20:00,1.1715600000000002,1.17157,1.1712600000000002,1.17131,1.17168,1.17169,1.17139,1.17143,177
2026-01-06 09:21:00,1.17131,1.17162,1.17131,1.17162,1.17143,1.17177,1.17143,1.17177,183
2026-01-06 09:22:00,1.17162,1.17169,1.17141,1.17142,1.17177,1.17183,1.17155,1.17155,188
2026-01-06 09:23:00,1.17142,1.1714600000000002,1.1712,1.17132,1.17155,1.1716,1.17133,1.17144,159
2026-01-06 09:24:00,1.17132,1.1714300000000002,1.17115,1.17115,1.17144,1.17155,1.17128,1.17129,190
2026-01-06 09:25:00,1.17115,1.1712,1.1710200000000002,1.1710600000000002,1.17129,1.17135,1.17115,1.17119,140
2026-01-06 09:26:00,1.1710600000000002,1.17117,1.17104,1.17117,1.17119,1.1713,1.17117,1.1713,104
2026-01-06 09:27:00,1.17117,1.17122,1.17094,1.17096,1.1713,1.17135,1.17108,1.17109,117
2026-01-06 09:28:00,1.17096,1.17105,1.1708900000000002,1.17091,1.17109,1.17118,1.17102,1.17103,106
2026-01-06 09:29:00,1.17091,1.1711200000000002,1.17091,1.17111,1.17103,1.17124,1.17103,1.17124,108
2026-01-06 09:30:00,1.17111,1.17111,1.17091,1.1709200000000002,1.17124,1.17124,1.17104,1.17105,123
2026-01-06 09:31:00,1.1709200000000002,1.1711200000000002,1.17091,1.1711200000000002,1.17105,1.17125,1.17104,1.17125,86
2026-01-06 09:32:00,1.1711200000000002,1.1711200000000002,1.17098,1.17101,1.17125,1.17125,1.17111,1.17114,86
2026-01-06 09:33:00,1.17101,1.17107,1.17101,1.17101,1.17114,1.1712,1.17114,1.17115,120
2026-01-06 09:34:00,1.17101,1.1710200000000002,1.17086,1.17091,1.17115,1.17115,1.17099,1.17103,116
2026-01-06 09:35:00,1.17091,1.17093,1.17074,1.17076,1.17103,1.17105,1.17087,1.17089,115
2026-01-06 09:36:00,1.17076,1.17094,1.17076,1.17094,1.17089,1.17108,1.17089,1.17106,110
2026-01-06 09:37:00,1.17094,1.17094,1.17076,1.17076,1.17106,1.17106,1.17089,1.1709,105
2026-01-06 09:38:00,1.17076,1.1709,1.17076,1.17084,1.1709,1.17104,1.17089,1.17097,115
2026-01-06 09:39:00,1.17084,1.17098,1.17079,1.17098,1.17097,1.1711,1.17091,1.1711,149
2026-01-06 09:40:00,1.17098,1.17113,1.17098,1.1710900000000002,1.1711,1.17127,1.1711,1.17122,180
2026-01-06 09:41:00,1.1710900000000002,1.1712900000000002,1.1710900000000002,1.17117,1.17122,1.17142,1.17121,1.1713,176
2026-01-06 09:42:00,1.17117,1.17132,1.17115,1.17127,1.1713,1.17144,1.17127,1.17139,138
2026-01-06 09:43:00,1.17127,1.17137,1.17127,1.17128,1.17139,1.1715,1.17139,1.17141,168
2026-01-06 09:44:00,1.17128,1.17138,1.17124,1.1713,1.17141,1.17151,1.17138,1.17143,128
2026-01-06 09:45:00,1.1713,1.17151,1.17125,1.17151,1.17143,1.17164,1.17138,1.17164,175
2026-01-06 09:46:00,1.17151,1.17159,1.17144,1.17159,1.17164,1.17173,1.17158,1.17173,64
2026-01-06 09:47:00,1.17159,1.17164,1.17147,1.1715300000000002,1.17173,1.17178,1.1716,1.17167,122
2026-01-06 09:48:00,1.1715300000000002,1.1716700000000002,1.17148,1.1716700000000002,1.17167,1.17181,1.17162,1.1718,116
2026-01-06 09:49:00,1.1716700000000002,1.17178,1.1716700000000002,1.17175,1.1718,1.17191,1.1718,1.17189,145
2026-01-06 09:50:00,1.17175,1.17175,1.17151,1.17152,1.17189,1.17189,1.17164,1.17165,126
2026-01-06 09:51:00,1.17152,1.1715300000000002,1.1714300000000002,1.17147,1.17165,1.17166,1.17155,1.1716,98
2026-01-06 09:52:00,1.17147,1.17159,1.17144,1.17149,1.1716,1.17172,1.17157,1.17161,116
2026-01-06 09:53:00,1.17149,1.17158,1.17149,1.17151,1.17161,1.17172,1.17161,1.17164,139
2026-01-06 09:54:00,1.17151,1.17178,1.1714600000000002,1.1714600000000002,1.17164,1.17192,1.17159,1.1716,345
2026-01-06 09:55:00,1.1714600000000002,1.17151,1.17137,1.17148,1.1716,1.17163,1.17151,1.17161,170
2026-01-06 09:56:00,1.17148,1.17157,1.17148,1.17152,1.17161,1.1717,1.1716,1.17166,134
2026-01-06 09:57:00,1.17152,1.17166,1.17149,1.17158,1.17166,1.17178,1.17162,1.1717,141
2026-01-06 09:58:00,1.17158,1.17158,1.17137,1.17144,1.1717,1.17171,1.17151,1.17157,142
2026-01-06 09:59:00,1.17144,1.17148,1.1712600000000002,1.17127,1.17157,1.17161,1.17139,1.17139,188
2026-01-06 10:00:00,1.17127,1.17127,1.1711200000000002,1.1712,1.17139,1.1714,1.17126,1.17133,226
2026-01-06 10:01:00,1.1712,1.17128,1.1712,1.17122,1.17133,1.17141,1.17133,1.17135,151
2026-01-06 10:02:00,1.17122,1.17128,1.17111,1.17113,1.17135,1.1714,1.17124,1.17126,181
2026-01-06 10:03:00,1.17113,1.17114,1.17093,1.17096,1.17126,1.17127,1.17106,1.17109,177
2026-01-06 10:04:00,1.17096,1.1710900000000002,1.17094,1.17104,1.17109,1.17122,1.17106,1.17117,117
2026-01-06 10:05:00,1.17104,1.1711,1.1709900000000002,1.1710900000000002,1.17117,1.17122,1.17112,1.17122,59
2026-01-06 10:06:00,1.1710900000000002,1.1713300000000002,1.17108,1.17127,1.17122,1.17147,1.17121,1.17141,187
2026-01-06 10:07:00,1.17127,1.1715000000000002,1.1712600000000002,1.17147,1.17141,1.17163,1.17139,1.17159,189
2026-01-06 10:08:00,1.17147,1.1715300000000002,1.1713600000000002,1.1714300000000002,1.17159,1.17166,1.17149,1.17156,138
2026-01-06 10:09:00,1.1714300000000002,1.1714300000000002,1.17127,1.17137,1.17156,1.17157,1.1714,1.1715,123
2026-01-06 10:10:00,1.17137,1.17147,1.17137,1.1714300000000002,1.1715,1.1716,1.1715,1.17155,116
2026-01-06 10:11:00,1.1714300000000002,1.1714300000000002,1.1713300000000002,1.17137,1.17155,1.17156,1.17146,1.17149,96
2026-01-06 10:12:00,1.17137,1.17137,1.1711600000000002,1.17117,1.17149,1.17149,1.17129,1.1713,123
2026-01-06 10:13:00,1.17117,1.17117,1.17105,1.17111,1.1713,1.1713,1.17119,1.17124,123
2026-01-06 10:14:00,1.17111,1.17114,1.1710200000000002,1.17103,1.17124,1.17126,1.17115,1.17115,109
2026-01-06 10:15:00,1.17103,1.17111,1.17096,1.17101,1.17115,1.17124,1.17109,1.17113,114
2026-01-06 10:16:00,1.17101,1.17101,1.1708,1.17083,1.17113,1.17113,1.17093,1.17095,129
2026-01-06 10:17:00,1.17083,1.17097,1.17077,1.1709200000000002,1.17095,1.1711,1.1709,1.17105,142
2026-01-06 10:18:00,1.1709200000000002,1.1711900000000002,1.1709,1.17113,1.17105,1.17131,1.17104,1.17126,144
2026-01-06 10:19:00,1.17113,1.1712900000000002,1.17111,1.17128,1.17126,1.17143,1.17125,1.17141,129
2026-01-06 10:20:00,1.17128,1.17132,1.1712300000000002,1.1713,1.17141,1.17145,1.17135,1.17143,100
2026-01-06 10:21:00,1.1713,1.17147,1.1712600000000002,1.17141,1.17143,1.17161,1.1714,1.17154,117
2026-01-06 10:22:00,1.17141,1.17145,1.17127,1.17145,1.17154,1.17158,1.1714,1.17158,120
2026-01-06 10:23:00,1.17145,1.1715300000000002,1.1714300000000002,1.1715300000000002,1.17158,1.17166,1.17156,1.17166,93
2026-01-06 10:24:00,1.1715300000000002,1.1715600000000002,1.17145,1.1714600000000002,1.17166,1.17169,1.17158,1.17159,118
2026-01-06 10:25:00,1.1714600000000002,1.1715300000000002,1.1713600000000002,1.1714600000000002,1.17159,1.17167,1.1715,1.17159,127
2026-01-06 10:26:00,1.1714600000000002,1.17148,1.1712600000000002,1.17138,1.17159,1.17161,1.1714,1.17151,78
2026-01-06 10:27:00,1.17138,1.1714,1.17134,1.1714,1.17151,1.17154,1.17148,1.17154,43
2026-01-06 10:28:00,1.1714,1.17145,1.1712900000000002,1.17131,1.17154,1.17158,1.17141,1.17144,81
2026-01-06 10:29:00,1.17131,1.1714,1.1713,1.1714,1.17144,1.17154,1.17143,1.17154,94
2026-01-06 10:30:00,1.1714,1.17141,1.17127,1.17128,1.17154,1.17154,1.1714,1.1714,60
2026-01-06 10:31:00,1.17128,1.1712900000000002,1.17122,1.1712300000000002,1.1714,1.17142,1.17136,1.17136,60
2026-01-06 10:32:00,1.1712300000000002,1.17128,1.17118,1.17127,1.17136,1.17141,1.17132,1.1714,95
2026-01-06 10:33:00,1.17127,1.1713900000000002,1.17125,1.17138,1.1714,1.17152,1.17138,1.17152,58
2026-01-06 10:34:00,1.17138,1.17144,1.17131,1.17131,1.17152,1.17156,1.17144,1.17144,50
2026-01-06 10:35:00,1.17131,1.17142,1.17131,1.17138,1.17144,1.17156,1.17144,1.17151,83
2026-01-06 10:36:00,1.17138,1.1715000000000002,1.17134,1.17138,1.17151,1.17162,1.17146,1.1715,147
2026-01-06 10:37:00,1.17138,1.17147,1.17137,1.17145,1.1715,1.1716,1.1715,1.17158,89
2026-01-06 10:38:00,1.17145,1.17155,1.1714300000000002,1.17155,1.17158,1.17169,1.17155,1.17168,62
2026-01-06 10:39:00,1.17155,1.17164,1.17151,1.17164,1.17168,1.17177,1.17165,1.17177,105
2026-01-06 10:40:00,1.17164,1.17166,1.17145,1.17155,1.17177,1.1718,1.17159,1.17169,105
2026-01-06 10:41:00,1.17155,1.17162,1.17141,1.17142,1.17169,1.17175,1.17155,1.17155,153
2026-01-06 10:42:00,1.17142,1.17144,1.17131,1.17137,1.17155,1.17157,1.17145,1.1715,89
2026-01-06 10:43:00,1.17137,1.17137,1.1711600000000002,1.17124,1.1715,1.17151,1.17129,1.17136,142
2026-01-06 10:44:00,1.17124,1.17138,1.1711900000000002,1.1711900000000002,1.17136,1.17151,1.17131,1.17131,116
2026-01-06 10:45:00,1.1711900000000002,1.17128,1.17115,1.17117,1.17131,1.17143,1.17129,1.1713,88
2026-01-06 10:46:00,1.17117,1.1713,1.17115,1.17128,1.1713,1.17142,1.17129,1.17142,113
2026-01-06 10:47:00,1.17128,1.1714,1.17118,1.17118,1.17142,1.17152,1.17131,1.17131,186
2026-01-06 10:48:00,1.17118,1.1711900000000002,1.17115,1.17118,1.17131,1.17133,1.17129,1.17132,70
2026-01-06 10:49:00,1.17118,1.17132,1.1711200000000002,1.17132,1.17132,1.17145,1.17125,1.17145,84
2026-01-06 10:50:00,1.17132,1.17138,1.1712600000000002,1.17127,1.17145,1.17152,1.1714,1.17141,78
2026-01-06 10:51:00,1.17127,1.17132,1.1712600000000002,1.17128,1.17141,1.17145,1.17139,1.17141,81
2026-01-06 10:52:00,1.17128,1.1713300000000002,1.17127,1.1713,1.17141,1.17146,1.17141,1.17143,54
2026-01-06 10:53:00,1.1713,1.17131,1.1711200000000002,1.1711200000000002,1.17143,1.17143,1.17125,1.17125,112
2026-01-06 10:54:00,1.1711200000000002,1.1711900000000002,1.17103,1.17117,1.17125,1.17131,1.17117,1.17131,101
2026-01-06 10:55:00,1.17117,1.1711900000000002,1.17111,1.17118,1.17131,1.17132,1.17124,1.17131,155
2026-01-06 10:56:00,1.17118,1.17122,1.17117,1.1712,1.17131,1.17135,1.17131,1.17134,73
2026-01-06 10:57:00,1.1712,1.1712,1.1710900000000002,1.17118,1.17134,1.17134,1.17123,1.17131,126
2026-01-06 10:58:00,1.17118,1.1711900000000002,1.1711200000000002,1.17117,1.17131,1.17131,1.17125,1.1713,135
2026-01-06 10:59:00,1.17117,1.1712300000000002,1.17115,1.17122,1.1713,1.17137,1.17129,1.17135,102
2026-01-06 11:00:00,1.17122,1.17122,1.17097,1.1709900000000002,1.17135,1.17136,1.1711,1.17112,144
2026-01-06 11:01:00,1.1709900000000002,1.1711200000000002,1.17098,1.1711200000000002,1.17112,1.17125,1.17111,1.17125,78
2026-01-06 11:02:00,1.1711200000000002,1.17117,1.1710600000000002,1.17117,1.17125,1.17131,1.17119,1.17131,77
2026-01-06 11:03:00,1.17117,1.17125,1.17103,1.17105,1.17131,1.17139,1.17117,1.17119,169
2026-01-06 11:04:00,1.17105,1.1710600000000002,1.1709200000000002,1.17096,1.17119,1.1712,1.17107,1.17109,85
2026-01-06 11:05:00,1.17096,1.17096,1.1708,1.1708200000000002,1.17109,1.17109,1.17093,1.17094,71
2026-01-06 11:06:00,1.1708200000000002,1.1708200000000002,1.17069,1.1707200000000002,1.17094,1.17096,1.17083,1.17085,92
2026-01-06 11:07:00,1.1707200000000002,1.1707500000000002,1.17064,1.17066,1.17085,1.17088,1.17078,1.17079,121
2026-01-06 11:08:00,1.17066,1.1708200000000002,1.1706500000000002,1.17076,1.17079,1.17095,1.17079,1.17089,81
2026-01-06 11:09:00,1.17076,1.17081,1.17073,1.17076,1.17089,1.17095,1.17087,1.17089,70
2026-01-06 11:10:00,1.17076,1.17076,1.1705100000000002,1.1705100000000002,1.17089,1.17089,1.17064,1.17064,137
2026-01-06 11:11:00,1.1705100000000002,1.1705500000000002,1.1704500000000002,1.17052,1.17064,1.17067,1.17058,1.17064,113
2026-01-06 11:12:00,1.17052,1.17066,1.17049,1.17053,1.17064,1.17079,1.17062,1.17065,129
2026-01-06 11:13:00,1.17053,1.17066,1.1704800000000002,1.17064,1.17065,1.17079,1.17061,1.17077,84
2026-01-06 11:14:00,1.17064,1.17073,1.17063,1.1706800000000002,1.17077,1.17086,1.17075,1.1708,100
2026-01-06 11:15:00,1.1706800000000002,1.17069,1.17066,1.1706800000000002,1.1708,1.17082,1.17079,1.17081,101
2026-01-06 11:16:00,1.1706800000000002,1.17074,1.1706200000000002,1.1707200000000002,1.17081,1.17087,1.17074,1.17085,143
2026-01-06 11:17:00,1.1707200000000002,1.1707200000000002,1.1706200000000002,1.17063,1.17085,1.17085,1.17075,1.17075,79
2026-01-06 11:18:00,1.17063,1.1706800000000002,1.17057,1.17063,1.17075,1.1708,1.17069,1.17076,106
2026-01-06 11:19:00,1.17063,1.17064,1.1705100000000002,1.17053,1.17076,1.17077,1.17065,1.17066,106
2026-01-06 11:20:00,1.17053,1.17057,1.1704800000000002,1.17049,1.17066,1.17069,1.1706,1.17061,109
2026-01-06 11:21:00,1.17049,1.1707800000000002,1.1704500000000002,1.1707800000000002,1.17061,1.17091,1.17057,1.17091,140
2026-01-06 11:22:00,1.1707800000000002,1.17094,1.17077,1.17093,1.17091,1.17106,1.17091,1.17105,181
2026-01-06 11:23:00,1.17093,1.17097,1.1708,1.1708900000000002,1.17105,1.17109,1.17092,1.17101,159
2026-01-06 11:24:00,1.1708900000000002,1.1708900000000002,1.1708500000000002,1.17087,1.17101,1.17101,1.17098,1.17099,85
2026-01-06 11:25:00,1.17087,1.17087,1.17067,1.17076,1.17099,1.17099,1.1708,1.17088,147
2026-01-06 11:26:00,1.17076,1.17081,1.17066,1.17073,1.17088,1.17094,1.17079,1.17086,132
2026-01-06 11:27:00,1.17073,1.1707800000000002,1.17066,1.1706800000000002,1.17086,1.17092,1.17079,1.1708,105
2026-01-06 11:28:00,1.1706800000000002,1.1707800000000002,1.1706800000000002,1.1707800000000002,1.1708,1.17091,1.1708,1.1709,82
2026-01-06 11:29:00,1.1707800000000002,1.1709,1.17077,1.1708200000000002,1.1709,1.17103,1.1709,1.17095,124
2026-01-06 11:30:00,1.1708200000000002,1.17094,1.17076,1.1709200000000002,1.17095,1.17106,1.17089,1.17104,123
2026-01-06 11:31:00,1.1709200000000002,1.17093,1.17077,1.17083,1.17104,1.17105,1.17089,1.17095,145
2026-01-06 11:32:00,1.17083,1.1708900000000002,1.1708,1.17088,1.17095,1.17103,1.17092,1.171,179
2026-01-06 11:33:00,1.17088,1.1708900000000002,1.1707500000000002,1.1707500000000002,1.171,1.17102,1.17088,1.17089,180
2026-01-06 11:34:00,1.1707500000000002,1.1708500000000002,1.1707500000000002,1.17083,1.17089,1.17098,1.17087,1.17095,120
2026-01-06 11:35:00,1.17083,1.17094,1.17083,1.1708900000000002,1.17095,1.17108,1.17095,1.17101,102
2026-01-06 11:36:00,1.1708900000000002,1.17103,1.17088,1.17101,1.17101,1.17117,1.17101,1.17114,146
2026-01-06 11:37:00,1.17101,1.17101,1.1709200000000002,1.17093,1.17114,1.17115,1.17104,1.17105,113
2026-01-06 11:38:00,1.17093,1.17093,1.17079,1.17079,1.17105,1.17106,1.17091,1.17092,94
2026-01-06 11:39:00,1.17079,1.1709,1.17079,1.17088,1.17092,1.17102,1.17092,1.17101,104
2026-01-06 11:40:00,1.17088,1.17088,1.17079,1.1708,1.17101,1.17101,1.17091,1.17092,45
2026-01-06 11:41:00,1.1708,1.1708200000000002,1.17073,1.17081,1.17092,1.17096,1.17086,1.17095,54
2026-01-06 11:42:00,1.17081,1.1708200000000002,1.17067,1.1707200000000002,1.17095,1.17095,1.1708,1.17085,107
2026-01-06 11:43:00,1.1707200000000002,1.1708200000000002,1.17071,1.17076,1.17085,1.17095,1.17084,1.1709,67
2026-01-06 11:44:00,1.17076,1.17087,1.17076,1.1708200000000002,1.1709,1.17099,1.17089,1.17095,84
2026-01-06 11:45:00,1.1708200000000002,1.1709200000000002,1.17081,1.17088,1.17095,1.17104,1.17094,1.17101,94
2026-01-06 11:46:00,1.17088,1.17088,1.17079,1.1708200000000002,1.17101,1.17101,1.17091,1.17096,53
2026-01-06 11:47:00,1.1708200000000002,1.17084,1.17076,1.1708200000000002,1.17096,1.17097,1.17088,1.17094,82
2026-01-06 11:48:00,1.1708200000000002,1.1708200000000002,1.17066,1.1706800000000002,1.17094,1.17094,1.17079,1.1708,107
2026-01-06 11:49:00,1.1706800000000002,1.17073,1.1706100000000002,1.1706200000000002,1.1708,1.17085,1.17074,1.17074,94
2026-01-06 11:50:00,1.1706200000000002,1.17067,1.1705800000000002,1.17063,1.17074,1.1708,1.17071,1.17075,134
2026-01-06 11:51:00,1.17063,1.1706800000000002,1.17059,1.1706500000000002,1.17075,1.17081,1.17072,1.17079,120
2026-01-06 11:52:00,1.1706500000000002,1.17067,1.1705500000000002,1.17066,1.17079,1.1708,1.17067,1.17078,140
2026-01-06 11:53:00,1.17066,1.1707500000000002,1.1706500000000002,1.1707500000000002,1.17078,1.17089,1.17078,1.17088,93
2026-01-06 11:54:00,1.1707500000000002,1.1707500000000002,1.1706200000000002,1.17063,1.17088,1.17088,1.17076,1.17076,78
2026-01-06 11:55:00,1.17063,1.17063,1.17046,1.1705500000000002,1.17076,1.17076,1.17059,1.17067,184
2026-01-06 11:56:00,1.1705500000000002,1.17059,1.17053,1.1705800000000002,1.17067,1.17071,1.17065,1.1707,144
2026-01-06 11:57:00,1.1705800000000002,1.1705800000000002,1.17047,1.17052,1.1707,1.1707,1.1706,1.17065,141
2026-01-06 11:58:00,1.17052,1.17059,1.1704800000000002,1.17057,1.17065,1.17071,1.1706,1.1707,90
2026-01-06 11:59:00,1.17057,1.1705800000000002,1.17053,1.17056,1.1707,1.17072,1.17065,1.17069,116
2026-01-06 12:00:00,1.17056,1.1707800000000002,1.17056,1.17077,1.17069,1.17091,1.17068,1.1709,148
2026-01-06 12:01:00,1.17077,1.17084,1.1707,1.1708200000000002,1.1709,1.17098,1.17084,1.17096,160
2026-01-06 12:02:00,1.1708200000000002,1.17093,1.1708200000000002,1.1708500000000002,1.17096,1.17107,1.17096,1.17098,106
2026-01-06 12:03:00,1.1708500000000002,1.17091,1.17084,1.1709,1.17098,1.17104,1.17097,1.17104,79
2026-01-06 12:04:00,1.1709,1.17091,1.1708,1.1708200000000002,1.17104,1.17104,1.17093,1.17095,102
2026-01-06 12:05:00,1.1708200000000002,1.1709500000000002,1.1708200000000002,1.17088,1.17095,1.17108,1.17094,1.17101,172
2026-01-06 12:06:00,1.17088,1.17093,1.17084,1.1708900000000002,1.17101,1.17107,1.17097,1.17103,117
2026-01-06 12:07:00,1.1708900000000002,1.1709,1.17083,1.1709,1.17103,1.17103,1.17097,1.17102,118
2026-01-06 12:08:00,1.1709,1.17097,1.1708900000000002,1.17094,1.17102,1.17111,1.17102,1.17108,155
2026-01-06 12:09:00,1.17094,1.17111,1.17094,1.1710200000000002,1.17108,1.17124,1.17107,1.17114,200
2026-01-06 12:10:00,1.1710200000000002,1.1711,1.17098,1.1711,1.17114,1.17124,1.17111,1.17123,99
2026-01-06 12:11:00,1.1711,1.1711,1.17094,1.17094,1.17123,1.17123,1.17107,1.17108,72
2026-01-06 12:12:00,1.17094,1.17096,1.17086,1.17096,1.17108,1.1711,1.17099,1.1711,68
2026-01-06 12:13:00,1.17096,1.17104,1.1709500000000002,1.17101,1.1711,1.17117,1.17107,1.17114,97
2026-01-06 12:14:00,1.17101,1.1711200000000002,1.17101,1.17111,1.17114,1.17125,1.17113,1.17124,56
2026-01-06 12:15:00,1.17111,1.17117,1.171,1.1711,1.17124,1.1713,1.17114,1.17124,131
2026-01-06 12:16:00,1.1711,1.1711600000000002,1.1710600000000002,1.1710600000000002,1.17124,1.17129,1.17119,1.17119,97
2026-01-06 12:17:00,1.1710600000000002,1.17115,1.17103,1.17113,1.17119,1.17128,1.17116,1.17126,91
2026-01-06 12:18:00,1.17113,1.17114,1.1710200000000002,1.17105,1.17126,1.17127,1.17114,1.17118,89
2026-01-06 12:19:00,1.17105,1.1710900000000002,1.17097,1.17097,1.17118,1.17123,1.1711,1.1711,112
2026-01-06 12:20:00,1.17097,1.17107,1.1709,1.171,1.1711,1.17121,1.17104,1.17113,135
2026-01-06 12:21:00,1.171,1.1710200000000002,1.17093,1.17097,1.17113,1.17115,1.17106,1.1711,63
2026-01-06 12:22:00,1.17097,1.1710600000000002,1.17096,1.17103,1.1711,1.17119,1.17109,1.17116,82
2026-01-06 12:23:00,1.17103,1.17104,1.17098,1.17101,1.17116,1.17117,1.1711,1.17115,83
2026-01-06 12:24:00,1.17101,1.17103,1.1709500000000002,1.17096,1.17115,1.17117,1.17108,1.17109,74
2026-01-06 12:25:00,1.17096,1.17096,1.17077,1.17081,1.17109,1.17109,1.1709,1.17094,158
2026-01-06 12:26:00,1.17081,1.1708200000000002,1.1706500000000002,1.17081,1.17094,1.17095,1.17079,1.17094,122
2026-01-06 12:27:00,1.17081,1.17086,1.17067,1.17067,1.17094,1.171,1.1708,1.17081,129
2026-01-06 12:28:00,1.17067,1.17073,1.17057,1.1706100000000002,1.17081,1.17085,1.17069,1.17073,115
2026-01-06 12:29:00,1.1706100000000002,1.1706800000000002,1.17057,1.17057,1.17073,1.17081,1.17069,1.1707,130
2026-01-06 12:30:00,1.17057,1.17057,1.17042,1.17047,1.1707,1.1707,1.17055,1.1706,158
2026-01-06 12:31:00,1.17047,1.17064,1.1704500000000002,1.17063,1.1706,1.17077,1.17058,1.17076,136
2026-01-06 12:32:00,1.17063,1.17067,1.1705500000000002,1.1706200000000002,1.17076,1.1708,1.17068,1.17076,108
2026-01-06 12:33:00,1.1706200000000002,1.17063,1.17056,1.1705800000000002,1.17076,1.17076,1.17069,1.17071,139
2026-01-06 12:34:00,1.1705800000000002,1.1705800000000002,1.1704800000000002,1.17053,1.17071,1.17071,1.17062,1.17065,130
2026-01-06 12:35:00,1.17053,1.17069,1.1705100000000002,1.1706800000000002,1.17065,1.17083,1.17064,1.17082,154
2026-01-06 12:36:00,1.1706800000000002,1.1706800000000002,1.1706200000000002,1.1706500000000002,1.17082,1.17082,1.17075,1.17078,95
2026-01-06 12:37:00,1.1706500000000002,1.17066,1.17043,1.1704500000000002,1.17078,1.17079,1.17057,1.17058,111
2026-01-06 12:38:00,1.1704500000000002,1.1705500000000002,1.1704100000000002,1.1705,1.17058,1.17068,1.17055,1.17063,165
2026-01-06 12:39:00,1.1705,1.1705500000000002,1.17043,1.17053,1.17063,1.17068,1.17055,1.17067,89
2026-01-06 12:40:00,1.17053,1.1705500000000002,1.17027,1.17032,1.17067,1.17067,1.17041,1.17046,169
2026-01-06 12:41:00,1.17032,1.17036,1.17015,1.17015,1.17046,1.1705,1.17028,1.17028,144
2026-01-06 12:42:00,1.17015,1.17018,1.1699000000000002,1.1699000000000002,1.17028,1.17031,1.17003,1.17005,225
2026-01-06 12:43:00,1.1699000000000002,1.16996,1.1698700000000002,1.16991,1.17005,1.17009,1.17,1.17004,173
2026-01-06 12:44:00,1.16991,1.17023,1.16991,1.17018,1.17004,1.17036,1.17004,1.17031,157
2026-01-06 12:45:00,1.17018,1.1703100000000002,1.17015,1.1702800000000002,1.17031,1.17045,1.17029,1.17042,116
2026-01-06 12:46:00,1.1702800000000002,1.1703100000000002,1.1701,1.17012,1.17042,1.17044,1.17023,1.17024,83
2026-01-06 12:47:00,1.17012,1.17013,1.17002,1.17008,1.17024,1.17025,1.17015,1.17021,107
2026-01-06 12:48:00,1.17008,1.17012,1.1700400000000002,1.17012,1.17021,1.17025,1.17017,1.17024,105
2026-01-06 12:49:00,1.17012,1.17013,1.17003,1.17006,1.17024,1.17026,1.17016,1.1702,116
2026-01-06 12:50:00,1.17006,1.17026,1.17006,1.1702100000000002,1.1702,1.1704,1.1702,1.17034,194
2026-01-06 12:51:00,1.1702100000000002,1.1704,1.1701400000000002,1.17039,1.17034,1.17053,1.17028,1.17053,162
2026-01-06 12:52:00,1.17039,1.1704,1.17029,1.17032,1.17053,1.17054,1.17043,1.17046,149
2026-01-06 12:53:00,1.17032,1.17033,1.17009,1.1701,1.17046,1.17046,1.17021,1.17022,151
2026-01-06 12:54:00,1.1701,1.17016,1.17005,1.1701,1.17022,1.17029,1.17018,1.17024,157
2026-01-06 12:55:00,1.1701,1.1701,1.16976,1.16982,1.17024,1.17024,1.16989,1.16995,252
2026-01-06 12:56:00,1.16982,1.16982,1.16965,1.16976,1.16995,1.16996,1.16978,1.16988,157
2026-01-06 12:57:00,1.16976,1.1700700000000002,1.16975,1.1700700000000002,1.16988,1.17022,1.16988,1.17022,102
2026-01-06 12:58:00,1.1700700000000002,1.17009,1.17002,1.1700400000000002,1.17022,1.17024,1.17016,1.17017,84
2026-01-06 12:59:00,1.1700400000000002,1.17008,1.17003,1.17008,1.17017,1.17023,1.17016,1.17022,40
2026-01-06 13:00:00,1.17008,1.17009,1.16971,1.1697700000000002,1.17022,1.17025,1.16986,1.16992,211
2026-01-06 13:01:00,1.1697700000000002,1.1698700000000002,1.1697700000000002,1.16983,1.16992,1.16999,1.1699,1.16997,93
2026-01-06 13:02:00,1.16983,1.16999,1.1698000000000002,1.16982,1.16997,1.17012,1.16992,1.16994,199
2026-01-06 13:03:00,1.16982,1.1698700000000002,1.1696700000000002,1.16982,1.16994,1.17,1.1698,1.16995,301
2026-01-06 13:04:00,1.16982,1.16989,1.16972,1.16988,1.16995,1.17004,1.16985,1.17001,136
2026-01-06 13:05:00,1.16988,1.17008,1.16983,1.17006,1.17001,1.17021,1.16996,1.17021,118
2026-01-06 13:06:00,1.17006,1.17035,1.17005,1.17027,1.17021,1.17047,1.17019,1.17041,194
2026-01-06 13:07:00,1.17027,1.17033,1.17019,1.17029,1.17041,1.17047,1.17033,1.17043,148
2026-01-06 13:08:00,1.17029,1.1704800000000002,1.1702100000000002,1.17047,1.17043,1.17062,1.17035,1.17062,189
2026-01-06 13:09:00,1.17047,1.17069,1.1704500000000002,1.1706100000000002,1.17062,1.17084,1.17059,1.17074,223
2026-01-06 13:10:00,1.1706100000000002,1.17066,1.17054,1.1706200000000002,1.17074,1.17079,1.17067,1.17074,171
2026-01-06 13:11:00,1.1706200000000002,1.1706200000000002,1.17042,1.1705800000000002,1.17074,1.17074,1.17055,1.1707,176
2026-01-06 13:12:00,1.1705800000000002,1.1708500000000002,1.1705800000000002,1.1707500000000002,1.1707,1.17099,1.1707,1.17088,188
2026-01-06 13:13:00,1.1707500000000002,1.17087,1.17067,1.17081,1.17088,1.171,1.1708,1.17094,202
2026-01-06 13:14:00,1.17081,1.1708200000000002,1.17064,1.17067,1.17094,1.17096,1.17077,1.17079,171
2026-01-06 13:15:00,1.17067,1.1707,1.17049,1.17054,1.17079,1.17083,1.17062,1.17068,251
2026-01-06 13:16:00,1.17054,1.1706800000000002,1.17046,1.17047,1.17068,1.17082,1.1706,1.17061,154
2026-01-06 13:17:00,1.17047,1.17049,1.1703,1.17037,1.17061,1.17063,1.17043,1.1705,129
2026-01-06 13:18:00,1.17037,1.1704500000000002,1.17037,1.1703800000000002,1.1705,1.17058,1.1705,1.17051,144
2026-01-06 13:19:00,1.1703800000000002,1.17079,1.17037,1.1707800000000002,1.17051,1.17092,1.1705,1.17092,204
2026-01-06 13:20:00,1.1707800000000002,1.1707800000000002,1.17056,1.17066,1.17092,1.17092,1.1707,1.1708,259
2026-01-06 13:21:00,1.17066,1.17081,1.1705500000000002,1.17079,1.1708,1.17095,1.17069,1.17093,185
2026-01-06 13:22:00,1.17079,1.17083,1.17071,1.17073,1.17093,1.17096,1.17084,1.17086,162
2026-01-06 13:23:00,1.17073,1.17073,1.1705800000000002,1.1706100000000002,1.17086,1.17086,1.17071,1.17074,234
2026-01-06 13:24:00,1.1706100000000002,1.17067,1.17052,1.1705500000000002,1.17074,1.1708,1.17065,1.17068,103
2026-01-06 13:25:00,1.1705500000000002,1.1706500000000002,1.17053,1.17056,1.17068,1.17078,1.17067,1.17069,115
2026-01-06 13:26:00,1.17056,1.1707200000000002,1.1705500000000002,1.1707200000000002,1.17069,1.17085,1.17069,1.17085,162
2026-01-06 13:27:00,1.1707200000000002,1.17083,1.1706500000000002,1.1707200000000002,1.17085,1.17097,1.17077,1.17084,178
2026-01-06 13:28:00,1.1707200000000002,1.17077,1.17057,1.17066,1.17084,1.1709,1.1707,1.17078,163
2026-01-06 13:29:00,1.17066,1.17066,1.1705500000000002,1.1706200000000002,1.17078,1.17078,1.17067,1.17075,119
2026-01-06 13:30:00,1.1706200000000002,1.17064,1.17054,1.17056,1.17075,1.17077,1.17067,1.17069,148
2026-01-06 13:31:00,1.17056,1.17073,1.1705500000000002,1.17071,1.17069,1.17086,1.17068,1.17083,107
2026-01-06 13:32:00,1.17071,1.1708,1.17071,1.17079,1.17083,1.17093,1.17083,1.17092,94
2026-01-06 13:33:00,1.17079,1.1708,1.17073,1.1707500000000002,1.17092,1.17092,1.17085,1.17088,97
2026-01-06 13:34:00,1.1707500000000002,1.17079,1.17069,1.17077,1.17088,1.17092,1.17081,1.17091,153
2026-01-06 13:35:00,1.17077,1.17101,1.17077,1.171,1.17091,1.17115,1.1709,1.17114,211
2026-01-06 13:36:00,1.171,1.17128,1.17096,1.17128,1.17114,1.17143,1.17109,1.17141,241
2026-01-06 13:37:00,1.17128,1.17131,1.17105,1.17107,1.17141,1.17144,1.17118,1.17121,194
2026-01-06 13:38:00,1.17107,1.17111,1.1710200000000002,1.17108,1.17121,1.17125,1.17115,1.17121,121
2026-01-06 13:39:00,1.17108,1.1711600000000002,1.17103,1.17107,1.17121,1.1713,1.17117,1.1712,103
2026-01-06 13:40:00,1.17107,1.1711600000000002,1.1710200000000002,1.1710900000000002,1.1712,1.17129,1.17115,1.17122,164
2026-01-06 13:41:00,1.1710900000000002,1.17113,1.17103,1.17105,1.17122,1.17126,1.17117,1.17118,113
2026-01-06 13:42:00,1.17105,1.17111,1.17103,1.1710600000000002,1.17118,1.17124,1.17116,1.17119,93
2026-01-06 13:43:00,1.1710600000000002,1.17118,1.17105,1.1711200000000002,1.17119,1.17131,1.17118,1.17125,89
2026-01-06 13:44:00,1.1711200000000002,1.17117,1.1709500000000002,1.17098,1.17125,1.1713,1.17109,1.17111,162
2026-01-06 13:45:00,1.17098,1.17098,1.1708200000000002,1.17084,1.17111,1.17111,1.17094,1.17096,116
2026-01-06 13:46:00,1.17084,1.1708500000000002,1.1706500000000002,1.17076,1.17096,1.17098,1.1708,1.17089,227
2026-01-06 13:47:00,1.17076,1.1707800000000002,1.1706200000000002,1.17066,1.17089,1.17092,1.17075,1.17078,187
2026-01-06 13:48:00,1.17066,1.1706800000000002,1.17052,1.17054,1.17078,1.17081,1.17066,1.17067,211
2026-01-06 13:49:00,1.17054,1.17073,1.17054,1.17067,1.17067,1.17086,1.17067,1.1708,175
2026-01-06 13:50:00,1.17067,1.17069,1.17044,1.17059,1.1708,1.17082,1.17056,1.17071,412
2026-01-06 13:51:00,1.17059,1.17083,1.17057,1.1708200000000002,1.17071,1.17095,1.17071,1.17094,242
2026-01-06 13:52:00,1.1708200000000002,1.17087,1.17067,1.1707200000000002,1.17094,1.171,1.1708,1.17086,226
2026-01-06 13:53:00,1.1707200000000002,1.17096,1.1707200000000002,1.1709500000000002,1.17086,1.17108,1.17085,1.17108,129
2026-01-06 13:54:00,1.1709500000000002,1.17101,1.17091,1.171,1.17108,1.17114,1.17104,1.17113,146
2026-01-06 13:55:00,1.171,1.17117,1.171,1.17104,1.17113,1.1713,1.17113,1.17117,163
2026-01-06 13:56:00,1.17104,1.17108,1.17098,1.1710200000000002,1.17117,1.17121,1.17111,1.17115,114
2026-01-06 13:57:00,1.1710200000000002,1.17113,1.1709200000000002,1.1710600000000002,1.17115,1.17126,1.17104,1.17119,187
2026-01-06 13:58:00,1.1710600000000002,1.17108,1.171,1.1710600000000002,1.17119,1.17121,1.17113,1.17119,184
2026-01-06 13:59:00,1.1710600000000002,1.1710900000000002,1.17098,1.17105,1.17119,1.17121,1.17111,1.17118,141
2026-01-06 14:00:00,1.17105,1.1711900000000002,1.17104,1.17117,1.17118,1.17132,1.17117,1.17129,218
2026-01-06 14:01:00,1.17117,1.1713900000000002,1.1711600000000002,1.1713300000000002,1.17129,1.17152,1.17129,1.17146,228
2026-01-06 14:02:00,1.1713300000000002,1.17138,1.17127,1.1713300000000002,1.17146,1.17151,1.1714,1.17146,164
2026-01-06 14:03:00,1.1713300000000002,1.17135,1.17122,1.1712600000000002,1.17146,1.17148,1.17134,1.17139,145
2026-01-06 14:04:00,1.1712600000000002,1.17138,1.17124,1.17137,1.17139,1.17151,1.17137,1.1715,134
2026-01-06 14:05:00,1.17137,1.17138,1.17125,1.1713600000000002,1.1715,1.17151,1.17138,1.17149,131
2026-01-06 14:06:00,1.1713600000000002,1.17158,1.1713600000000002,1.1715300000000002,1.17149,1.17171,1.17149,1.17165,137
2026-01-06 14:07:00,1.1715300000000002,1.17164,1.17148,1.17162,1.17165,1.17177,1.1716,1.17174,139
2026-01-06 14:08:00,1.17162,1.17171,1.17152,1.17152,1.17174,1.17183,1.17165,1.17165,158
2026-01-06 14:09:00,1.17152,1.17157,1.17141,1.1715000000000002,1.17165,1.1717,1.17154,1.17163,109
2026-01-06 14:10:00,1.1715000000000002,1.17158,1.17141,1.17141,1.17163,1.17171,1.17154,1.17154,102
2026-01-06 14:11:00,1.17141,1.17142,1.17121,1.17127,1.17154,1.17155,1.17134,1.1714,144
2026-01-06 14:12:00,1.17127,1.17151,1.17127,1.1714600000000002,1.1714,1.17163,1.1714,1.17159,192
2026-01-06 14:13:00,1.1714600000000002,1.17147,1.1712900000000002,1.17131,1.17159,1.1716,1.17141,1.17143,134
2026-01-06 14:14:00,1.17131,1.17137,1.1713,1.17132,1.17143,1.17149,1.17143,1.17144,114
2026-01-06 14:15:00,1.17132,1.1713300000000002,1.1712600000000002,1.17127,1.17144,1.17147,1.17139,1.1714,143
2026-01-06 14:16:00,1.17127,1.17127,1.17094,1.17096,1.1714,1.1714,1.17108,1.17109,159
2026-01-06 14:17:00,1.17096,1.17103,1.17091,1.1709500000000002,1.17109,1.17117,1.17104,1.17108,182
2026-01-06 14:18:00,1.1709500000000002,1.1709500000000002,1.17059,1.1706500000000002,1.17108,1.17108,1.17072,1.17078,232
2026-01-06 14:19:00,1.1706500000000002,1.17077,1.17056,1.17076,1.17078,1.17089,1.17068,1.17088,284
2026-01-06 14:20:00,1.17076,1.17086,1.17064,1.17074,1.17088,1.17098,1.17076,1.17087,267
2026-01-06 14:21:00,1.17074,1.1707500000000002,1.1705500000000002,1.1706100000000002,1.17087,1.17088,1.17068,1.17074,282
2026-01-06 14:22:00,1.1706100000000002,1.1706500000000002,1.1705,1.1705100000000002,1.17074,1.17078,1.17064,1.17064,128
2026-01-06 14:23:00,1.1705100000000002,1.17052,1.1703,1.1703100000000002,1.17064,1.17065,1.17043,1.17043,205
2026-01-06 14:24:00,1.1703100000000002,1.17032,1.1702100000000002,1.1702400000000002,1.17043,1.17045,1.17033,1.17036,201
2026-01-06 14:25:00,1.1702400000000002,1.17029,1.17019,1.1702,1.17036,1.17042,1.17031,1.17033,166
2026-01-06 14:26:00,1.1702,1.1703100000000002,1.17019,1.1703,1.17033,1.17044,1.17032,1.17042,152
2026-01-06 14:27:00,1.1703,1.17033,1.17025,1.1703,1.17042,1.17046,1.17038,1.17043,172
2026-01-06 14:28:00,1.1703,1.1704100000000002,1.1702100000000002,1.17023,1.17043,1.17053,1.17033,1.17036,170
2026-01-06 14:29:00,1.17023,1.17047,1.1702100000000002,1.17046,1.17036,1.17059,1.17034,1.17058,213
2026-01-06 14:30:00,1.17046,1.17049,1.1702,1.1702100000000002,1.17058,1.17061,1.17033,1.17033,238
2026-01-06 14:31:00,1.1702100000000002,1.1704800000000002,1.1702,1.1704500000000002,1.17033,1.17061,1.17032,1.17057,397
2026-01-06 14:32:00,1.1704500000000002,1.1705800000000002,1.1704100000000002,1.17057,1.17057,1.1707,1.17053,1.17069,353
2026-01-06 14:33:00,1.17057,1.1706500000000002,1.17049,1.1705,1.17069,1.17079,1.17062,1.17063,292
2026-01-06 14:34:00,1.1705,1.17079,1.1705,1.1707200000000002,1.17063,1.17091,1.17063,1.17084,211
2026-01-06 14:35:00,1.1707200000000002,1.17076,1.17056,1.1706100000000002,1.17084,1.17088,1.17069,1.17074,253
2026-01-06 14:36:00,1.1706100000000002,1.17067,1.17054,1.17057,1.17074,1.1708,1.17067,1.1707,287
2026-01-06 14:37:00,1.17057,1.17057,1.1703800000000002,1.1704,1.1707,1.1707,1.1705,1.17053,185
2026-01-06 14:38:00,1.1704,1.1704100000000002,1.17032,1.17037,1.17053,1.17054,1.17045,1.1705,239
2026-01-06 14:39:00,1.17037,1.17043,1.1701700000000002,1.17018,1.1705,1.17056,1.1703,1.1703,259
2026-01-06 14:40:00,1.17018,1.17018,1.1698700000000002,1.17009,1.1703,1.1703,1.16999,1.17023,385
2026-01-06 14:41:00,1.17009,1.1702800000000002,1.17008,1.1702800000000002,1.17023,1.17043,1.17022,1.17042,304
2026-01-06 14:42:00,1.1702800000000002,1.17035,1.17018,1.1703400000000002,1.17042,1.17049,1.17031,1.17046,207
2026-01-06 14:43:00,1.1703400000000002,1.17074,1.1703400000000002,1.17073,1.17046,1.17088,1.17046,1.17086,265
2026-01-06 14:44:00,1.17073,1.17091,1.1707200000000002,1.17079,1.17086,1.17105,1.17086,1.17094,286
2026-01-06 14:45:00,1.17079,1.1710600000000002,1.1707500000000002,1.17101,1.17094,1.1712,1.1709,1.17114,249
2026-01-06 14:46:00,1.17101,1.17104,1.1707200000000002,1.17081,1.17114,1.17117,1.17085,1.17094,299
2026-01-06 14:47:00,1.17081,1.17093,1.17066,1.17093,1.17094,1.17106,1.17079,1.17106,285
2026-01-06 14:48:00,1.17093,1.17094,1.17069,1.17069,1.17106,1.17106,1.17082,1.17082,267
2026-01-06 14:49:00,1.17069,1.1708500000000002,1.17066,1.17069,1.17082,1.17098,1.17078,1.17082,244
2026-01-06 14:50:00,1.17069,1.1710900000000002,1.1706,1.1710200000000002,1.17082,1.17123,1.17073,1.17116,315
2026-01-06 14:51:00,1.1710200000000002,1.17118,1.17094,1.171,1.17116,1.17131,1.17107,1.17114,208
2026-01-06 14:52:00,1.171,1.1712,1.171,1.1711900000000002,1.17114,1.17133,1.17113,1.17132,163
2026-01-06 14:53:00,1.1711900000000002,1.17137,1.1711900000000002,1.1712,1.17132,1.1715,1.17132,1.17133,199
2026-01-06 14:54:00,1.1712,1.1712600000000002,1.17107,1.1712300000000002,1.17133,1.17139,1.1712,1.17136,193
2026-01-06 14:55:00,1.1712300000000002,1.1712600000000002,1.17113,1.17113,1.17136,1.17139,1.17125,1.17125,206
2026-01-06 14:56:00,1.17113,1.1712600000000002,1.17113,1.1712,1.17125,1.17139,1.17125,1.17132,152
2026-01-06 14:57:00,1.1712,1.1712,1.1709900000000002,1.17107,1.17132,1.17132,1.17112,1.17119,286
2026-01-06 14:58:00,1.17107,1.1711,1.1708900000000002,1.1710200000000002,1.17119,1.17123,1.17103,1.17115,385
2026-01-06 14:59:00,1.1710200000000002,1.17104,1.17081,1.1708500000000002,1.17115,1.17116,1.17093,1.17098,190
2026-01-06 15:00:00,1.1708500000000002,1.1708500000000002,1.17057,1.17073,1.17098,1.17098,1.17071,1.17085,355
2026-01-06 15:01:00,1.17073,1.17079,1.17069,1.1707,1.17085,1.17092,1.17081,1.17083,251
2026-01-06 15:02:00,1.1707,1.17071,1.17046,1.17046,1.17083,1.17084,1.17059,1.17059,288
2026-01-06 15:03:00,1.17046,1.1704800000000002,1.17012,1.17016,1.17059,1.17061,1.17026,1.17029,235
2026-01-06 15:04:00,1.17016,1.17016,1.16991,1.1700700000000002,1.17029,1.17029,1.17005,1.17022,262
2026-01-06 15:05:00,1.1700700000000002,1.17027,1.16998,1.17026,1.17022,1.1704,1.17012,1.1704,218
2026-01-06 15:06:00,1.17026,1.17066,1.17022,1.17063,1.1704,1.1708,1.17037,1.17077,268
2026-01-06 15:07:00,1.17063,1.17073,1.1706100000000002,1.17064,1.17077,1.17086,1.17074,1.17077,225
2026-01-06 15:08:00,1.17064,1.17064,1.1701,1.1701700000000002,1.17077,1.17078,1.17024,1.1703,264
2026-01-06 15:09:00,1.1701700000000002,1.1704500000000002,1.1701100000000002,1.1704100000000002,1.1703,1.17059,1.17024,1.17054,207
2026-01-06 15:10:00,1.1704100000000002,1.1704100000000002,1.16989,1.16991,1.17054,1.17055,1.17004,1.17005,282
2026-01-06 15:11:00,1.16991,1.1700000000000002,1.1696300000000002,1.1696300000000002,1.17005,1.17014,1.16976,1.16977,334
2026-01-06 15:12:00,1.1696300000000002,1.16989,1.1696000000000002,1.1698400000000002,1.16977,1.17001,1.16974,1.16996,297
2026-01-06 15:13:00,1.1698400000000002,1.1698700000000002,1.16961,1.16978,1.16996,1.16999,1.16974,1.16991,230
2026-01-06 15:14:00,1.16978,1.16982,1.16945,1.16952,1.16991,1.16996,1.16959,1.16966,289
2026-01-06 15:15:00,1.16952,1.16954,1.1693,1.16952,1.16966,1.16967,1.16944,1.16966,362
2026-01-06 15:16:00,1.16952,1.16966,1.1694600000000002,1.16957,1.16966,1.1698,1.16959,1.16969,251
2026-01-06 15:17:00,1.16957,1.16972,1.1694600000000002,1.1695300000000002,1.16969,1.16984,1.16959,1.16966,275
2026-01-06 15:18:00,1.1695300000000002,1.16969,1.16952,1.16964,1.16966,1.16981,1.16966,1.16976,271
2026-01-06 15:19:00,1.16964,1.16965,1.1693,1.1694300000000002,1.16976,1.16978,1.16943,1.16955,311
2026-01-06 15:20:00,1.1694300000000002,1.1694300000000002,1.16905,1.1691200000000002,1.16955,1.16956,1.16919,1.16926,480
2026-01-06 15:21:00,1.1691200000000002,1.1692300000000002,1.16905,1.16918,1.16926,1.16936,1.16918,1.1693099999999998,369
2026-01-06 15:22:00,1.16918,1.16921,1.1689900000000002,1.16905,1.1693099999999998,1.16933,1.16912,1.16918,205
2026-01-06 15:23:00,1.16905,1.16918,1.16896,1.16917,1.16918,1.1693099999999998,1.16909,1.1693,217
2026-01-06 15:24:00,1.16917,1.16917,1.16886,1.169,1.1693,1.1693,1.16901,1.16913,334
2026-01-06 15:25:00,1.169,1.169,1.1687200000000002,1.16887,1.16913,1.16913,1.16887,1.16902,338
2026-01-06 15:26:00,1.16887,1.1690200000000002,1.16887,1.16898,1.16902,1.16915,1.16901,1.1691,230
2026-01-06 15:27:00,1.16898,1.1691200000000002,1.16896,1.16911,1.1691,1.16924,1.16909,1.16924,272
2026-01-06 15:28:00,1.16911,1.16911,1.1689,1.1689900000000002,1.16924,1.16924,1.16902,1.16913,196
2026-01-06 15:29:00,1.1689900000000002,1.1689900000000002,1.1688200000000002,1.1688900000000002,1.16913,1.16913,1.16896,1.16902,235
2026-01-06 15:30:00,1.1688900000000002,1.169,1.1688200000000002,1.16883,1.16902,1.16912,1.16895,1.16896,201
2026-01-06 15:31:00,1.16883,1.16884,1.16863,1.1688200000000002,1.16896,1.16897,1.16876,1.16895,314
2026-01-06 15:32:00,1.1688200000000002,1.16904,1.1687200000000002,1.16903,1.16895,1.16917,1.16884,1.16916,273
2026-01-06 15:33:00,1.16903,1.16908,1.16877,1.16888,1.16916,1.16922,1.16889,1.16901,308
2026-01-06 15:34:00,1.16888,1.16888,1.16857,1.1687200000000002,1.16901,1.16902,1.16871,1.16885,418
2026-01-06 15:35:00,1.1687200000000002,1.1687200000000002,1.16843,1.1684800000000002,1.16885,1.16885,1.16857,1.16861,262
2026-01-06 15:36:00,1.1684800000000002,1.16863,1.1684500000000002,1.16846,1.16861,1.16875,1.16858,1.16859,229
2026-01-06 15:37:00,1.16846,1.16853,1.1683400000000002,1.16847,1.16859,1.16867,1.16848,1.1686,229
2026-01-06 15:38:00,1.16847,1.1686200000000002,1.1683800000000002,1.16861,1.1686,1.16875,1.16851,1.16874,275
2026-01-06 15:39:00,1.16861,1.16864,1.16847,1.16852,1.16874,1.16877,1.16859,1.16865,257
2026-01-06 15:40:00,1.16852,1.1685800000000002,1.16836,1.1684500000000002,1.16865,1.16872,1.16849,1.16858,274
2026-01-06 15:41:00,1.1684500000000002,1.16854,1.1683400000000002,1.1683800000000002,1.16858,1.16867,1.16847,1.16851,282
2026-01-06 15:42:00,1.1683800000000002,1.1685,1.16833,1.1684800000000002,1.16851,1.16864,1.16846,1.16861,246
2026-01-06 15:43:00,1.1684800000000002,1.1689900000000002,1.16847,1.1689900000000002,1.16861,1.16913,1.1686,1.16913,388
2026-01-06 15:44:00,1.1689900000000002,1.1691,1.16883,1.16907,1.16913,1.16923,1.16897,1.16921,275
2026-01-06 15:45:00,1.16907,1.16931,1.16897,1.16931,1.16921,1.16945,1.1691,1.16944,347
2026-01-06 15:46:00,1.16931,1.16942,1.1692600000000002,1.16935,1.16944,1.16955,1.1694,1.16948,248
2026-01-06 15:47:00,1.16935,1.1694300000000002,1.16914,1.16938,1.16948,1.16956,1.16926,1.16951,322
2026-01-06 15:48:00,1.16938,1.16942,1.16927,1.1693300000000002,1.16951,1.16955,1.16939,1.16945,229
2026-01-06 15:49:00,1.1693300000000002,1.16944,1.1692900000000002,1.1693300000000002,1.16945,1.16957,1.16942,1.16946,225
2026-01-06 15:50:00,1.1693300000000002,1.1693300000000002,1.1690200000000002,1.1691200000000002,1.16946,1.16946,1.16914,1.16926,228
2026-01-06 15:51:00,1.1691200000000002,1.16914,1.16903,1.16904,1.16926,1.16927,1.16916,1.16916,181
2026-01-06 15:52:00,1.16904,1.16913,1.16886,1.16913,1.16916,1.16926,1.16898,1.16925,283
2026-01-06 15:53:00,1.16913,1.16927,1.1690900000000002,1.16925,1.16925,1.16941,1.16923,1.16938,309
2026-01-06 15:54:00,1.16925,1.16925,1.16901,1.16907,1.16938,1.16938,1.16914,1.1692,261
2026-01-06 15:55:00,1.16907,1.16907,1.16874,1.16874,1.1692,1.1692,1.16887,1.16888,323
2026-01-06 15:56:00,1.16874,1.1687800000000002,1.16866,1.1687200000000002,1.16888,1.16891,1.16879,1.16886,227
2026-01-06 15:57:00,1.1687200000000002,1.16947,1.1687200000000002,1.1693600000000002,1.16886,1.1696,1.16886,1.1695,453
2026-01-06 15:58:00,1.1693600000000002,1.16957,1.1693600000000002,1.16938,1.1695,1.16971,1.1695,1.16951,326
2026-01-06 15:59:00,1.16938,1.16948,1.1693300000000002,1.16948,1.16951,1.16961,1.16945,1.1696,185
2026-01-06 16:00:00,1.16948,1.16972,1.1694600000000002,1.1696700000000002,1.1696,1.16987,1.16959,1.16981,352
2026-01-06 16:01:00,1.1696700000000002,1.16974,1.16965,1.16974,1.16981,1.16988,1.16978,1.16987,248
2026-01-06 16:02:00,1.16974,1.1697700000000002,1.1695300000000002,1.1695300000000002,1.16987,1.1699,1.16966,1.16966,196
2026-01-06 16:03:00,1.1695300000000002,1.1695600000000002,1.1692900000000002,1.1692900000000002,1.16966,1.1697,1.16943,1.16943,291
2026-01-06 16:04:00,1.1692900000000002,1.1692900000000002,1.1690600000000002,1.1690900000000002,1.16943,1.16943,1.16919,1.16922,271
2026-01-06 16:05:00,1.1690900000000002,1.1690900000000002,1.16884,1.1688900000000002,1.16922,1.16922,1.16898,1.16902,177
2026-01-06 16:06:00,1.1688900000000002,1.1688900000000002,1.1688,1.16881,1.16902,1.16902,1.16892,1.16893,195
2026-01-06 16:07:00,1.16881,1.16881,1.1686800000000002,1.1687,1.16893,1.16894,1.1688,1.16883,222
2026-01-06 16:08:00,1.1687,1.1687,1.16853,1.16859,1.16883,1.16884,1.16866,1.16872,155
2026-01-06 16:09:00,1.16859,1.16871,1.16859,1.1687,1.16872,1.16884,1.16872,1.16884,165
2026-01-06 16:10:00,1.1687,1.16884,1.16867,1.1688,1.16884,1.16897,1.1688,1.16893,165
2026-01-06 16:11:00,1.1688,1.16887,1.1688,1.16881,1.16893,1.16899,1.16892,1.16893,140
2026-01-06 16:12:00,1.16881,1.16896,1.1687200000000002,1.16893,1.16893,1.1691,1.16885,1.16906,206
2026-01-06 16:13:00,1.16893,1.16922,1.16893,1.16922,1.16906,1.16936,1.16906,1.16935,294
2026-01-06 16:14:00,1.16922,1.1692300000000002,1.16907,1.16914,1.16935,1.16936,1.16919,1.16926,158
2026-01-06 16:15:00,1.16914,1.16924,1.1690900000000002,1.16917,1.16926,1.16937,1.16922,1.1693,173
2026-01-06 16:16:00,1.16917,1.1691900000000002,1.1691,1.1691,1.1693,1.16932,1.16922,1.16922,175
2026-01-06 16:17:00,1.1691,1.16915,1.1689900000000002,1.16908,1.16922,1.16928,1.16912,1.16921,120
2026-01-06 16:18:00,1.16908,1.1691,1.16893,1.16901,1.16921,1.16923,1.16905,1.16914,184
2026-01-06 16:19:00,1.16901,1.1691900000000002,1.16901,1.1691600000000002,1.16914,1.1693099999999998,1.16914,1.16929,198
2026-01-06 16:20:00,1.1691600000000002,1.1691900000000002,1.16907,1.1690900000000002,1.16929,1.1693099999999998,1.16919,1.16922,123
2026-01-06 16:21:00,1.1690900000000002,1.16911,1.1688500000000002,1.16894,1.16922,1.16924,1.16898,1.16906,172
2026-01-06 16:22:00,1.16894,1.1689500000000002,1.1688500000000002,1.1688900000000002,1.16906,1.16908,1.16898,1.16903,185
2026-01-06 16:23:00,1.1688900000000002,1.1689500000000002,1.1688500000000002,1.1689500000000002,1.16903,1.16908,1.16897,1.16908,101
2026-01-06 16:24:00,1.1689500000000002,1.16904,1.16886,1.16887,1.16908,1.16917,1.16899,1.16899,173
2026-01-06 16:25:00,1.16887,1.16904,1.16886,1.1689200000000002,1.16899,1.16917,1.16899,1.16905,134
2026-01-06 16:26:00,1.1689200000000002,1.16904,1.1687800000000002,1.1688200000000002,1.16905,1.16917,1.16891,1.16895,171
2026-01-06 16:27:00,1.1688200000000002,1.16891,1.16876,1.16887,1.16895,1.16904,1.16889,1.169,184
2026-01-06 16:28:00,1.16887,1.16887,1.16861,1.1686500000000002,1.169,1.169,1.16875,1.16879,168
2026-01-06 16:29:00,1.1686500000000002,1.1688,1.16864,1.16867,1.16879,1.16893,1.16878,1.1688,179
2026-01-06 16:30:00,1.16867,1.16886,1.16861,1.1688500000000002,1.1688,1.16899,1.16873,1.16898,200
2026-01-06 16:31:00,1.1688500000000002,1.16887,1.1686800000000002,1.16874,1.16898,1.16899,1.16881,1.16886,203
2026-01-06 16:32:00,1.16874,1.16903,1.16871,1.1689,1.16886,1.16916,1.16884,1.16903,252
2026-01-06 16:33:00,1.1689,1.16891,1.1686800000000002,1.16869,1.16903,1.16905,1.16882,1.16882,219
2026-01-06 16:34:00,1.16869,1.1687,1.16859,1.16861,1.16882,1.16883,1.16872,1.16874,356
2026-01-06 16:35:00,1.16861,1.16886,1.16861,1.16884,1.16874,1.16899,1.16874,1.16897,222
2026-01-06 16:36:00,1.16884,1.16887,1.16876,1.16879,1.16897,1.16899,1.16889,1.16893,173
2026-01-06 16:37:00,1.16879,1.1688900000000002,1.16877,1.16888,1.16893,1.16901,1.1689,1.16901,98
2026-01-06 16:38:00,1.16888,1.16903,1.16881,1.169,1.16901,1.16915,1.16894,1.16913,201
2026-01-06 16:39:00,1.169,1.1690900000000002,1.1689,1.16891,1.16913,1.16922,1.16903,1.16904,136
2026-01-06 16:40:00,1.16891,1.1690600000000002,1.16887,1.1690200000000002,1.16904,1.16919,1.169,1.16916,191
2026-01-06 16:41:00,1.1690200000000002,1.16904,1.16876,1.1688200000000002,1.16916,1.16917,1.16889,1.16894,194
2026-01-06 16:42:00,1.1688200000000002,1.16888,1.16866,1.16869,1.16894,1.16901,1.16879,1.16882,162
2026-01-06 16:43:00,1.16869,1.16871,1.1685800000000002,1.16863,1.16882,1.16884,1.16871,1.16876,164
2026-01-06 16:44:00,1.16863,1.1688200000000002,1.1686,1.1688200000000002,1.16876,1.16895,1.16873,1.16894,195
2026-01-06 16:45:00,1.1688200000000002,1.1688200000000002,1.1686200000000002,1.1686800000000002,1.16894,1.16895,1.16875,1.1688,228
2026-01-06 16:46:00,1.1686800000000002,1.1686800000000002,1.16853,1.16867,1.1688,1.1688,1.16866,1.1688,89
2026-01-06 16:47:00,1.16867,1.1687800000000002,1.16867,1.16876,1.1688,1.16891,1.1688,1.16889,136
2026-01-06 16:48:00,1.16876,1.16879,1.1687200000000002,1.1687800000000002,1.16889,1.16891,1.16885,1.16891,129
2026-01-06 16:49:00,1.1687800000000002,1.16881,1.1686500000000002,1.16873,1.16891,1.16894,1.16877,1.16885,177
2026-01-06 16:50:00,1.16873,1.1687800000000002,1.1687,1.1687200000000002,1.16885,1.1689,1.16883,1.16885,247
2026-01-06 16:51:00,1.1687200000000002,1.1687200000000002,1.16856,1.16864,1.16885,1.16885,1.16868,1.16877,135
2026-01-06 16:52:00,1.16864,1.1688500000000002,1.16864,1.16869,1.16877,1.16897,1.16876,1.16881,207
2026-01-06 16:53:00,1.16869,1.16877,1.16869,1.16869,1.16881,1.16889,1.16881,1.16882,139
2026-01-06 16:54:00,1.16869,1.1687500000000002,1.16869,1.1687,1.16882,1.16887,1.16881,1.16883,69
2026-01-06 16:55:00,1.1687,1.1688200000000002,1.1687,1.1687500000000002,1.16883,1.16894,1.16883,1.16887,163
2026-01-06 16:56:00,1.1687500000000002,1.16881,1.1686,1.16864,1.16887,1.16893,1.16873,1.16878,145
2026-01-06 16:57:00,1.16864,1.16893,1.16863,1.16893,1.16878,1.16905,1.16876,1.16905,452
2026-01-06 16:58:00,1.16893,1.1691200000000002,1.1689,1.1689500000000002,1.16905,1.16925,1.16902,1.16909,213
2026-01-06 16:59:00,1.1689500000000002,1.16896,1.16869,1.16876,1.16909,1.16909,1.16882,1.16889,165
2026-01-06 17:00:00,1.16876,1.16894,1.16874,1.1689200000000002,1.16889,1.16906,1.16886,1.16905,145
2026-01-06 17:01:00,1.1689200000000002,1.16894,1.1686800000000002,1.16869,1.16905,1.16907,1.16881,1.16884,225
2026-01-06 17:02:00,1.16869,1.1687500000000002,1.16864,1.1687500000000002,1.16884,1.16889,1.16878,1.16888,127
2026-01-06 17:03:00,1.1687500000000002,1.1688200000000002,1.1686500000000002,1.16879,1.16888,1.16895,1.16878,1.16892,138
2026-01-06 17:04:00,1.16879,1.16887,1.16879,1.16886,1.16892,1.169,1.16892,1.16899,127
2026-01-06 17:05:00,1.16886,1.1690200000000002,1.16886,1.16891,1.16899,1.16915,1.16899,1.16904,104
2026-01-06 17:06:00,1.16891,1.1689200000000002,1.16884,1.1688500000000002,1.16904,1.16905,1.16898,1.16898,94
2026-01-06 17:07:00,1.1688500000000002,1.16893,1.1688500000000002,1.1689,1.16898,1.16906,1.16898,1.16903,79
2026-01-06 17:08:00,1.1689,1.1690600000000002,1.1688900000000002,1.1690600000000002,1.16903,1.1692,1.16903,1.16919,110
2026-01-06 17:09:00,1.1690600000000002,1.1691900000000002,1.16903,1.1691,1.16919,1.16933,1.16916,1.16922,101
2026-01-06 17:10:00,1.1691,1.16911,1.16897,1.1690600000000002,1.16922,1.16924,1.1691,1.16919,120
2026-01-06 17:11:00,1.1690600000000002,1.16925,1.1690200000000002,1.16925,1.16919,1.16938,1.16915,1.16938,113
2026-01-06 17:12:00,1.16925,1.1692600000000002,1.1691900000000002,1.1692,1.16938,1.1694,1.16933,1.16934,94
2026-01-06 17:13:00,1.1692,1.1692600000000002,1.16917,1.1692,1.16934,1.16939,1.1693099999999998,1.16933,68
2026-01-06 17:14:00,1.1692,1.1692600000000002,1.16911,1.16917,1.16933,1.16939,1.16924,1.1693,120
2026-01-06 17:15:00,1.16917,1.1692900000000002,1.1691,1.1691600000000002,1.1693,1.16941,1.16923,1.16929,172
2026-01-06 17:16:00,1.1691600000000002,1.16938,1.1691200000000002,1.16937,1.16929,1.1695,1.16925,1.1695,121
2026-01-06 17:17:00,1.16937,1.16938,1.16924,1.16934,1.1695,1.1695,1.16937,1.16947,83
2026-01-06 17:18:00,1.16934,1.16952,1.16932,1.16951,1.16947,1.16966,1.16946,1.16964,113
2026-01-06 17:19:00,1.16951,1.16955,1.16945,1.16948,1.16964,1.16968,1.16959,1.16961,94
2026-01-06 17:20:00,1.16948,1.1695600000000002,1.16945,1.16949,1.16961,1.16969,1.16958,1.16962,102
2026-01-06 17:21:00,1.16949,1.16949,1.16931,1.16935,1.16962,1.16963,1.16945,1.16948,108
2026-01-06 17:22:00,1.16935,1.16945,1.1693300000000002,1.1693900000000002,1.16948,1.16959,1.16947,1.16952,94
2026-01-06 17:23:00,1.1693900000000002,1.1693900000000002,1.16924,1.1693900000000002,1.16952,1.16953,1.16938,1.16953,81
2026-01-06 17:24:00,1.1693900000000002,1.16945,1.16937,1.1694300000000002,1.16953,1.16958,1.1695,1.16956,93
2026-01-06 17:25:00,1.1694300000000002,1.16949,1.16941,1.16945,1.16956,1.16962,1.16954,1.16958,92
2026-01-06 17:26:00,1.16945,1.16947,1.1693300000000002,1.16934,1.16958,1.1696,1.16946,1.16946,98
2026-01-06 17:27:00,1.16934,1.1693900000000002,1.1693300000000002,1.16935,1.16946,1.16951,1.16946,1.16948,81
2026-01-06 17:28:00,1.16935,1.16938,1.16931,1.16931,1.16948,1.16951,1.16944,1.16945,136
2026-01-06 17:29:00,1.16931,1.1693600000000002,1.1692900000000002,1.1693600000000002,1.16945,1.16949,1.16942,1.16948,96
2026-01-06 17:30:00,1.1693600000000002,1.16937,1.1693,1.1693600000000002,1.16948,1.1695,1.16944,1.16949,101
2026-01-06 17:31:00,1.1693600000000002,1.16942,1.1693,1.1693600000000002,1.16949,1.16955,1.16944,1.16949,110
2026-01-06 17:32:00,1.1693600000000002,1.16941,1.16925,1.16941,1.16949,1.16954,1.16938,1.16954,92
2026-01-06 17:33:00,1.16941,1.16941,1.16927,1.16927,1.16954,1.16955,1.1694,1.16941,78
2026-01-06 17:34:00,1.16927,1.16932,1.16924,1.16925,1.16941,1.16946,1.16938,1.16938,543
2026-01-06 17:35:00,1.16925,1.1692900000000002,1.1692,1.1692300000000002,1.16938,1.16941,1.16933,1.16935,97
2026-01-06 17:36:00,1.1692300000000002,1.16928,1.1692,1.16927,1.16935,1.16941,1.16933,1.16941,69
2026-01-06 17:37:00,1.16927,1.16931,1.16921,1.16924,1.16941,1.16944,1.16934,1.16937,67
2026-01-06 17:38:00,1.16924,1.16937,1.16924,1.16934,1.16937,1.1695,1.16937,1.16948,67
2026-01-06 17:39:00,1.16934,1.1693600000000002,1.1692900000000002,1.16935,1.16948,1.1695,1.16943,1.16949,51
2026-01-06 17:40:00,1.16935,1.16935,1.16931,1.1693300000000002,1.16949,1.16949,1.16945,1.16946,41
2026-01-06 17:41:00,1.1693300000000002,1.1695600000000002,1.16931,1.1694,1.16946,1.16968,1.16945,1.16954,130
2026-01-06 17:42:00,1.1694,1.1694600000000002,1.1693900000000002,1.16944,1.16954,1.16959,1.16952,1.16956,157
2026-01-06 17:43:00,1.16944,1.16947,1.16928,1.1692900000000002,1.16956,1.16959,1.16941,1.16942,146
2026-01-06 17:44:00,1.1692900000000002,1.1695300000000002,1.1692600000000002,1.16952,1.16942,1.16967,1.16939,1.16966,155
2026-01-06 17:45:00,1.16952,1.1696700000000002,1.1695000000000002,1.16966,1.16966,1.16981,1.16964,1.16979,145
2026-01-06 17:46:00,1.16966,1.16975,1.1696300000000002,1.1697000000000002,1.16979,1.16989,1.16977,1.16983,65
2026-01-06 17:47:00,1.1697000000000002,1.16971,1.16955,1.16955,1.16983,1.16985,1.16968,1.16969,118
2026-01-06 17:48:00,1.16955,1.16961,1.16947,1.16955,1.16969,1.16974,1.1696,1.16968,109
2026-01-06 17:49:00,1.16955,1.16961,1.1694600000000002,1.1696000000000002,1.16968,1.16975,1.1696,1.16974,81
2026-01-06 17:50:00,1.1696000000000002,1.16982,1.1696000000000002,1.16978,1.16974,1.16995,1.16974,1.16991,116
2026-01-06 17:51:00,1.16978,1.16986,1.16978,1.16985,1.16991,1.17,1.16991,1.16999,53
2026-01-06 17:52:00,1.16985,1.16986,1.16976,1.16985,1.16999,1.16999,1.16989,1.16999,53
2026-01-06 17:53:00,1.16985,1.1698700000000002,1.16976,1.16985,1.16999,1.17,1.16989,1.16998,89
2026-01-06 17:54:00,1.16985,1.16985,1.1697700000000002,1.16983,1.16998,1.16998,1.1699,1.16995,101
2026-01-06 17:55:00,1.16983,1.16986,1.16979,1.16985,1.16995,1.16999,1.16992,1.16998,69
2026-01-06 17:56:00,1.16985,1.16999,1.16985,1.16996,1.16998,1.17012,1.16998,1.17009,139
2026-01-06 17:57:00,1.16996,1.16996,1.16985,1.16988,1.17009,1.17009,1.16998,1.17001,104
2026-01-06 17:58:00,1.16988,1.16999,1.1698700000000002,1.1699700000000002,1.17001,1.17011,1.16999,1.1701,126
2026-01-06 17:59:00,1.1699700000000002,1.17002,1.16995,1.1700100000000002,1.1701,1.17015,1.17008,1.17014,77
2026-01-06 18:00:00,1.1700100000000002,1.1701700000000002,1.1700000000000002,1.17012,1.17014,1.1703,1.17013,1.17025,127
2026-01-06 18:01:00,1.17012,1.17013,1.17006,1.17013,1.17025,1.17027,1.1702,1.17027,99
2026-01-06 18:02:00,1.17013,1.17013,1.16995,1.16995,1.17027,1.17027,1.17008,1.17009,93
2026-01-06 18:03:00,1.16995,1.1700000000000002,1.16993,1.16998,1.17009,1.17013,1.17006,1.17011,130
2026-01-06 18:04:00,1.16998,1.1700700000000002,1.16996,1.17006,1.17011,1.1702,1.17009,1.17019,74
2026-01-06 18:05:00,1.17006,1.17013,1.16996,1.16996,1.17019,1.17027,1.17009,1.17009,120
2026-01-06 18:06:00,1.16996,1.16999,1.1698000000000002,1.1698000000000002,1.17009,1.17012,1.16993,1.16993,82
2026-01-06 18:07:00,1.1698000000000002,1.1698000000000002,1.16972,1.16976,1.16993,1.16993,1.16984,1.16988,87
2026-01-06 18:08:00,1.16976,1.16978,1.1696700000000002,1.16968,1.16988,1.16991,1.1698,1.16981,74
2026-01-06 18:09:00,1.16968,1.16981,1.16968,1.16978,1.16981,1.16993,1.16981,1.16991,104
2026-01-06 18:10:00,1.16978,1.16985,1.1695000000000002,1.1695300000000002,1.16991,1.16997,1.16964,1.16966,167
2026-01-06 18:11:00,1.1695300000000002,1.16986,1.1695300000000002,1.1698000000000002,1.16966,1.16999,1.16966,1.16992,201
2026-01-06 18:12:00,1.1698000000000002,1.1698400000000002,1.1697300000000002,1.16974,1.16992,1.16996,1.16987,1.16987,79
2026-01-06 18:13:00,1.16974,1.16985,1.16974,1.1698000000000002,1.16987,1.16998,1.16987,1.16994,54
2026-01-06 18:14:00,1.1698000000000002,1.16989,1.1698000000000002,1.16985,1.16994,1.17002,1.16994,1.16999,37
2026-01-06 18:15:00,1.16985,1.1699400000000002,1.16985,1.1699400000000002,1.16999,1.17008,1.16998,1.17006,83
2026-01-06 18:16:00,1.1699400000000002,1.17005,1.1699400000000002,1.17002,1.17006,1.17018,1.17006,1.17015,107
2026-01-06 18:17:00,1.17002,1.17002,1.16975,1.1697700000000002,1.17015,1.17015,1.16988,1.16991,84
2026-01-06 18:18:00,1.1697700000000002,1.16978,1.1696700000000002,1.1697300000000002,1.16991,1.16992,1.1698,1.16986,65
2026-01-06 18:19:00,1.1697300000000002,1.1697300000000002,1.16958,1.16958,1.16986,1.16986,1.1697,1.16972,77
2026-01-06 18:20:00,1.16958,1.1696000000000002,1.16938,1.16941,1.16972,1.16973,1.16952,1.16954,126
2026-01-06 18:21:00,1.16941,1.16949,1.1693,1.16944,1.16954,1.16962,1.16943,1.16957,155
2026-01-06 18:22:00,1.16944,1.16961,1.16941,1.1695000000000002,1.16957,1.16974,1.16953,1.16963,145
2026-01-06 18:23:00,1.1695000000000002,1.1695600000000002,1.1694600000000002,1.1694600000000002,1.16963,1.1697,1.16958,1.16958,96
2026-01-06 18:24:00,1.1694600000000002,1.1694600000000002,1.16934,1.16935,1.16958,1.16958,1.16947,1.16948,100
2026-01-06 18:25:00,1.16935,1.1694300000000002,1.16934,1.1693900000000002,1.16948,1.16956,1.16947,1.16952,72
2026-01-06 18:26:00,1.1693900000000002,1.16947,1.1693300000000002,1.1693600000000002,1.16952,1.1696,1.16946,1.16949,72
2026-01-06 18:27:00,1.1693600000000002,1.16944,1.16932,1.16932,1.16949,1.16957,1.16945,1.16946,111
2026-01-06 18:28:00,1.16932,1.16947,1.16932,1.1694300000000002,1.16946,1.1696,1.16945,1.16957,117
2026-01-06 18:29:00,1.1694300000000002,1.1694600000000002,1.1693900000000002,1.16941,1.16957,1.1696,1.16951,1.16953,138
2026-01-06 18:30:00,1.16941,1.16942,1.1692,1.16922,1.16953,1.16956,1.16933,1.16935,141
2026-01-06 18:31:00,1.16922,1.16931,1.1691900000000002,1.1692900000000002,1.16935,1.16945,1.16933,1.16942,58
2026-01-06 18:32:00,1.1692900000000002,1.16931,1.16921,1.1692600000000002,1.16942,1.16943,1.16934,1.16939,95
2026-01-06 18:33:00,1.1692600000000002,1.1694,1.16924,1.16937,1.16939,1.16953,1.16937,1.1695,118
2026-01-06 18:34:00,1.16937,1.16937,1.16928,1.16931,1.1695,1.1695,1.16941,1.16944,119
2026-01-06 18:35:00,1.16931,1.16942,1.1693,1.16942,1.16944,1.16955,1.16943,1.16955,90
2026-01-06 18:36:00,1.16942,1.16942,1.16934,1.16934,1.16955,1.16955,1.16948,1.16948,139
2026-01-06 18:37:00,1.16934,1.1693900000000002,1.16931,1.16931,1.16948,1.16952,1.16944,1.16944,55
2026-01-06 18:38:00,1.16931,1.16935,1.1692600000000002,1.1693300000000002,1.16944,1.16948,1.16939,1.16945,137
2026-01-06 18:39:00,1.1693300000000002,1.1693600000000002,1.16924,1.1692600000000002,1.16945,1.16949,1.16938,1.16939,128
2026-01-06 18:40:00,1.1692600000000002,1.16931,1.1691900000000002,1.1692,1.16939,1.16943,1.16932,1.16932,131
2026-01-06 18:41:00,1.1692,1.16925,1.1691200000000002,1.16915,1.16932,1.16937,1.16925,1.16927,153
2026-01-06 18:42:00,1.16915,1.16915,1.1690200000000002,1.1691,1.16927,1.16928,1.16915,1.16922,158
2026-01-06 18:43:00,1.1691,1.16917,1.16905,1.16915,1.16922,1.1693,1.16918,1.16928,172
2026-01-06 18:44:00,1.16915,1.16938,1.16914,1.16932,1.16928,1.16952,1.16927,1.16944,244
2026-01-06 18:45:00,1.16932,1.1693600000000002,1.1692600000000002,1.16928,1.16944,1.16948,1.16939,1.16941,168
2026-01-06 18:46:00,1.16928,1.16932,1.1691900000000002,1.16925,1.16941,1.16946,1.16932,1.16937,141
2026-01-06 18:47:00,1.16925,1.1692600000000002,1.16911,1.16914,1.16937,1.16939,1.16924,1.16927,122
2026-01-06 18:48:00,1.16914,1.1692300000000002,1.1690900000000002,1.16911,1.16927,1.16936,1.16923,1.16924,187
2026-01-06 18:49:00,1.16911,1.1691600000000002,1.1690600000000002,1.1690600000000002,1.16924,1.16928,1.16918,1.16918,138
2026-01-06 18:50:00,1.1690600000000002,1.16911,1.169,1.16905,1.16918,1.16923,1.16914,1.16918,98
2026-01-06 18:51:00,1.16905,1.1690600000000002,1.1688500000000002,1.16891,1.16918,1.16919,1.16899,1.16904,95
2026-01-06 18:52:00,1.16891,1.16893,1.16876,1.16877,1.16904,1.16906,1.1689,1.1689,115
2026-01-06 18:53:00,1.16877,1.1687800000000002,1.16874,1.16874,1.1689,1.1689,1.16887,1.16888,87
2026-01-06 18:54:00,1.16874,1.1688200000000002,1.16866,1.16866,1.16888,1.16895,1.1688,1.1688,167
2026-01-06 18:55:00,1.16866,1.1687500000000002,1.16863,1.16873,1.1688,1.16889,1.16877,1.16885,199
2026-01-06 18:56:00,1.16873,1.16887,1.1687200000000002,1.16887,1.16885,1.16901,1.16885,1.169,150
2026-01-06 18:57:00,1.16887,1.16894,1.1687500000000002,1.1688,1.169,1.16907,1.16889,1.16893,141
2026-01-06 18:58:00,1.1688,1.1689200000000002,1.16877,1.1689200000000002,1.16893,1.16904,1.1689,1.16904,138
2026-01-06 18:59:00,1.1689200000000002,1.16897,1.16876,1.16877,1.16904,1.16909,1.16889,1.1689,188
2026-01-06 19:00:00,1.16877,1.16883,1.1687500000000002,1.16879,1.1689,1.16897,1.16888,1.16892,156
2026-01-06 19:01:00,1.16879,1.16898,1.16874,1.16888,1.16892,1.1691,1.16888,1.169,228
2026-01-06 19:02:00,1.16888,1.16888,1.1687500000000002,1.16876,1.169,1.169,1.16887,1.16888,134
2026-01-06 19:03:00,1.16876,1.1687800000000002,1.1687,1.1687200000000002,1.16888,1.1689,1.16882,1.16884,128
2026-01-06 19:04:00,1.1687200000000002,1.16873,1.1686,1.1686200000000002,1.16884,1.16885,1.16873,1.16874,115
2026-01-06 19:05:00,1.1686200000000002,1.1686200000000002,1.1684500000000002,1.16847,1.16874,1.16874,1.16859,1.16859,138
2026-01-06 19:06:00,1.16847,1.16847,1.16839,1.16842,1.16859,1.16859,1.16851,1.16855,127
2026-01-06 19:07:00,1.16842,1.16852,1.1684,1.16842,1.16855,1.16865,1.16852,1.16854,151
2026-01-06 19:08:00,1.16842,1.16853,1.1684100000000002,1.1685,1.16854,1.16866,1.16853,1.16863,119
2026-01-06 19:09:00,1.1685,1.1685100000000002,1.1683800000000002,1.16839,1.16863,1.16863,1.1685,1.16852,151
2026-01-06 19:10:00,1.16839,1.16844,1.16839,1.16839,1.16852,1.16857,1.16851,1.16852,96
2026-01-06 19:11:00,1.16839,1.16853,1.16839,1.16843,1.16852,1.16866,1.16851,1.16855,153
2026-01-06 19:12:00,1.16843,1.16853,1.1684,1.16842,1.16855,1.16865,1.16853,1.16854,130
2026-01-06 19:13:00,1.16842,1.16849,1.16839,1.16849,1.16854,1.16861,1.16852,1.16861,77
2026-01-06 19:14:00,1.16849,1.1686,1.16847,1.1686,1.16861,1.16873,1.1686,1.16872,96
2026-01-06 19:15:00,1.1686,1.1686,1.16856,1.1685800000000002,1.16872,1.16873,1.16868,1.16871,92
2026-01-06 19:16:00,1.1685800000000002,1.16867,1.16857,1.16861,1.16871,1.16879,1.1687,1.16874,112
2026-01-06 19:17:00,1.16861,1.1686200000000002,1.1685500000000002,1.1685800000000002,1.16874,1.16874,1.16869,1.1687,140
2026-01-06 19:18:00,1.1685800000000002,1.16863,1.16856,1.16859,1.1687,1.16875,1.16868,1.16872,113
2026-01-06 19:19:00,1.16859,1.1686,1.16846,1.16853,1.16872,1.16872,1.16859,1.16866,134
2026-01-06 19:20:00,1.16853,1.1686200000000002,1.1685100000000002,1.1686,1.16866,1.16875,1.16864,1.16873,89
2026-01-06 19:21:00,1.1686,1.1686200000000002,1.16852,1.16861,1.16873,1.16875,1.16865,1.16874,108
2026-01-06 19:22:00,1.16861,1.16871,1.1686,1.1687,1.16874,1.16884,1.16873,1.16883,70
2026-01-06 19:23:00,1.1687,1.16877,1.1686800000000002,1.16877,1.16883,1.1689,1.16882,1.1689,106
2026-01-06 19:24:00,1.16877,1.1687800000000002,1.1687,1.1687,1.1689,1.16891,1.16883,1.16883,67
2026-01-06 19:25:00,1.1687,1.16871,1.16857,1.16859,1.16883,1.16886,1.16871,1.16873,122
2026-01-06 19:26:00,1.16859,1.1686500000000002,1.16859,1.1686200000000002,1.16873,1.16878,1.16872,1.16875,49
2026-01-06 19:27:00,1.1686200000000002,1.16867,1.16859,1.16867,1.16875,1.16881,1.16872,1.1688,86
2026-01-06 19:28:00,1.16867,1.1686800000000002,1.16853,1.16856,1.1688,1.16883,1.16867,1.16869,126
2026-01-06 19:29:00,1.16856,1.16857,1.16844,1.16847,1.16869,1.16871,1.16857,1.1686,188
2026-01-06 19:30:00,1.16847,1.1685100000000002,1.1683800000000002,1.16844,1.1686,1.16865,1.16852,1.16858,141
2026-01-06 19:31:00,1.16844,1.16844,1.16837,1.1684,1.16858,1.16858,1.16851,1.16853,114
2026-01-06 19:32:00,1.1684,1.16844,1.1683800000000002,1.1683800000000002,1.16853,1.16856,1.16851,1.16851,106
2026-01-06 19:33:00,1.1683800000000002,1.1685100000000002,1.1683800000000002,1.1684500000000002,1.16851,1.16864,1.16851,1.16858,82
2026-01-06 19:34:00,1.1684500000000002,1.1684500000000002,1.16837,1.1684,1.16858,1.16858,1.16849,1.16853,87
2026-01-06 19:35:00,1.1684,1.16843,1.16835,1.1684100000000002,1.16853,1.16856,1.16849,1.16854,129
2026-01-06 19:36:00,1.1684100000000002,1.1684100000000002,1.16835,1.1683800000000002,1.16854,1.16854,1.16849,1.1685,97
2026-01-06 19:37:00,1.1683800000000002,1.16847,1.16835,1.16837,1.1685,1.16861,1.16849,1.1685,119
2026-01-06 19:38:00,1.16837,1.16843,1.1683400000000002,1.1684100000000002,1.1685,1.16856,1.16847,1.16854,122
2026-01-06 19:39:00,1.1684100000000002,1.1685100000000002,1.1684100000000002,1.16847,1.16854,1.16864,1.16854,1.1686,86
2026-01-06 19:40:00,1.16847,1.16861,1.16847,1.16861,1.1686,1.16874,1.1686,1.16873,66
2026-01-06 19:41:00,1.16861,1.16866,1.1686,1.16866,1.16873,1.16879,1.16873,1.16879,75
2026-01-06 19:42:00,1.16866,1.16866,1.1685100000000002,1.1685500000000002,1.16879,1.16879,1.16864,1.16869,102
2026-01-06 19:43:00,1.1685500000000002,1.1686500000000002,1.1685500000000002,1.16861,1.16869,1.16879,1.16868,1.16874,89
2026-01-06 19:44:00,1.16861,1.1686500000000002,1.16853,1.1685500000000002,1.16874,1.16878,1.16867,1.16868,60
2026-01-06 19:45:00,1.1685500000000002,1.1687500000000002,1.16854,1.16874,1.16868,1.16889,1.16867,1.16887,105
2026-01-06 19:46:00,1.16874,1.1687800000000002,1.16874,1.16876,1.16887,1.16892,1.16887,1.16889,100
2026-01-06 19:47:00,1.16876,1.16876,1.1685,1.16853,1.16889,1.16889,1.16863,1.16866,132
2026-01-06 19:48:00,1.16853,1.16854,1.1684500000000002,1.16852,1.16866,1.16867,1.16859,1.16864,113
2026-01-06 19:49:00,1.16852,1.1685500000000002,1.1684800000000002,1.1685,1.16864,1.16868,1.16861,1.16863,151
2026-01-06 19:50:00,1.1685,1.16854,1.16839,1.16846,1.16863,1.16866,1.16853,1.16859,193
2026-01-06 19:51:00,1.16846,1.16846,1.1683800000000002,1.1684100000000002,1.16859,1.16859,1.16852,1.16854,141
2026-01-06 19:52:00,1.1684100000000002,1.16853,1.16836,1.16853,1.16854,1.16868,1.16849,1.16868,130
2026-01-06 19:53:00,1.16853,1.16856,1.16852,1.16852,1.16868,1.16869,1.16865,1.16865,71
2026-01-06 19:54:00,1.16852,1.1686200000000002,1.1685100000000002,1.1686200000000002,1.16865,1.16874,1.16864,1.16874,87
2026-01-06 19:55:00,1.1686200000000002,1.16876,1.16861,1.1687500000000002,1.16874,1.16888,1.16874,1.16887,210
2026-01-06 19:56:00,1.1687500000000002,1.16886,1.1687500000000002,1.16879,1.16887,1.16898,1.16887,1.16891,121
2026-01-06 19:57:00,1.16879,1.16897,1.16879,1.16897,1.16891,1.16909,1.16891,1.16909,154
2026-01-06 19:58:00,1.16897,1.16905,1.16888,1.1689200000000002,1.16909,1.16919,1.16901,1.16906,178
2026-01-06 19:59:00,1.1689200000000002,1.16894,1.16891,1.16891,1.16906,1.1691,1.16903,1.16904,176
2026-01-06 20:00:00,1.16891,1.16914,1.16891,1.16913,1.16904,1.16927,1.16904,1.16926,199
2026-01-06 20:01:00,1.16913,1.16917,1.1690200000000002,1.1690600000000002,1.16926,1.1693099999999998,1.16914,1.16918,168
2026-01-06 20:02:00,1.1690600000000002,1.16914,1.16905,1.16907,1.16918,1.16927,1.16918,1.16919,127
2026-01-06 20:03:00,1.16907,1.16913,1.16903,1.16907,1.16919,1.16927,1.16916,1.16919,146
2026-01-06 20:04:00,1.16907,1.16907,1.16901,1.16903,1.16919,1.1692,1.16914,1.16917,78
2026-01-06 20:05:00,1.16903,1.16905,1.1690200000000002,1.16904,1.16917,1.16918,1.16916,1.16917,79
2026-01-06 20:06:00,1.16904,1.16907,1.16903,1.16907,1.16917,1.16921,1.16916,1.1692,46
2026-01-06 20:07:00,1.16907,1.16908,1.16903,1.16904,1.1692,1.16921,1.16916,1.16917,103
2026-01-06 20:08:00,1.16904,1.1690600000000002,1.16896,1.16901,1.16917,1.1692,1.1691,1.16914,110
2026-01-06 20:09:00,1.16901,1.16903,1.16896,1.16901,1.16914,1.16917,1.16909,1.16914,47
2026-01-06 20:10:00,1.16901,1.16901,1.16896,1.16897,1.16914,1.16914,1.16909,1.16909,63
2026-01-06 20:11:00,1.16897,1.16898,1.16896,1.16897,1.16909,1.16911,1.16909,1.1691,33
2026-01-06 20:12:00,1.16897,1.1689900000000002,1.16894,1.16898,1.1691,1.16912,1.16908,1.16911,45
2026-01-06 20:13:00,1.16898,1.16907,1.16896,1.16903,1.16911,1.16921,1.1691,1.16917,68
2026-01-06 20:14:00,1.16903,1.16904,1.1689,1.1689200000000002,1.16917,1.16918,1.16903,1.16905,59
2026-01-06 20:15:00,1.1689200000000002,1.16903,1.16891,1.1690200000000002,1.16905,1.16917,1.16905,1.16916,65
2026-01-06 20:16:00,1.1690200000000002,1.16911,1.1689200000000002,1.16893,1.16916,1.16924,1.16906,1.16907,142
2026-01-06 20:17:00,1.16893,1.16894,1.1689200000000002,1.16893,1.16907,1.16908,1.16905,1.16907,66
2026-01-06 20:18:00,1.16893,1.1689500000000002,1.16891,1.16891,1.16907,1.16907,1.16904,1.16904,39
2026-01-06 20:19:00,1.16891,1.1689200000000002,1.16884,1.16887,1.16904,1.16905,1.16898,1.16901,71
2026-01-06 20:20:00,1.16887,1.16887,1.16884,1.16886,1.16901,1.16901,1.16897,1.16899,62
2026-01-06 20:21:00,1.16886,1.16888,1.16881,1.16886,1.16899,1.16902,1.16895,1.16899,74
2026-01-06 20:22:00,1.16886,1.1689200000000002,1.1688500000000002,1.16891,1.16899,1.16905,1.16898,1.16905,47
2026-01-06 20:23:00,1.16891,1.1689200000000002,1.16884,1.16891,1.16905,1.16905,1.16898,1.16904,48
2026-01-06 20:24:00,1.16891,1.1689200000000002,1.16887,1.16891,1.16904,1.16905,1.169,1.16904,54
2026-01-06 20:25:00,1.16891,1.16891,1.16888,1.16891,1.16904,1.16904,1.16902,1.16904,29
2026-01-06 20:26:00,1.16891,1.16894,1.16891,1.1689200000000002,1.16904,1.16906,1.16904,1.16905,23
2026-01-06 20:27:00,1.1689200000000002,1.16894,1.16884,1.16886,1.16905,1.16907,1.16898,1.169,52
2026-01-06 20:28:00,1.16886,1.16893,1.1688500000000002,1.1688900000000002,1.169,1.16906,1.16899,1.16902,73
2026-01-06 20:29:00,1.1688900000000002,1.16893,1.1688500000000002,1.16891,1.16902,1.16906,1.16898,1.16905,96
2026-01-06 20:30:00,1.16891,1.1689200000000002,1.16886,1.1688900000000002,1.16905,1.16905,1.16898,1.16902,48
2026-01-06 20:31:00,1.1688900000000002,1.16901,1.16888,1.169,1.16902,1.16914,1.16901,1.16913,76
2026-01-06 20:32:00,1.169,1.16905,1.16898,1.16904,1.16913,1.16918,1.16911,1.16918,70
2026-01-06 20:33:00,1.16904,1.16904,1.1689,1.16893,1.16918,1.16918,1.16903,1.16906,115
2026-01-06 20:34:00,1.16893,1.16894,1.16884,1.16886,1.16906,1.16907,1.16897,1.169,58
2026-01-06 20:35:00,1.16886,1.16898,1.16886,1.16897,1.169,1.16911,1.16899,1.1691,69
2026-01-06 20:36:00,1.16897,1.16903,1.16896,1.16901,1.1691,1.16916,1.16909,1.16914,57
2026-01-06 20:37:00,1.16901,1.1691900000000002,1.169,1.16915,1.16914,1.1693099999999998,1.16913,1.16929,75
2026-01-06 20:38:00,1.16915,1.1692,1.16915,1.16918,1.16929,1.16933,1.16929,1.1693099999999998,42
2026-01-06 20:39:00,1.16918,1.16924,1.16917,1.16922,1.1693099999999998,1.16937,1.1693,1.16935,54
2026-01-06 20:40:00,1.16922,1.1692300000000002,1.1691600000000002,1.16918,1.16935,1.16937,1.16929,1.1693,103
2026-01-06 20:41:00,1.16918,1.1691900000000002,1.1691,1.16915,1.1693,1.16932,1.16923,1.16927,149
2026-01-06 20:42:00,1.16915,1.16921,1.16915,1.1691600000000002,1.16927,1.16934,1.16927,1.16929,134
2026-01-06 20:43:00,1.1691600000000002,1.1691900000000002,1.16914,1.1691900000000002,1.16929,1.16933,1.16927,1.16932,98
2026-01-06 20:44:00,1.1691900000000002,1.1692600000000002,1.16918,1.16924,1.16932,1.1694,1.1693099999999998,1.16937,99
2026-01-06 20:45:00,1.16924,1.16924,1.1692,1.1692,1.16937,1.16937,1.16933,1.16934,55
2026-01-06 20:46:00,1.1692,1.1692600000000002,1.1692,1.16925,1.16934,1.16939,1.16933,1.16938,124
2026-01-06 20:47:00,1.16925,1.1692600000000002,1.1692,1.16925,1.16938,1.16939,1.16934,1.16937,104
2026-01-06 20:48:00,1.16925,1.16925,1.1691600000000002,1.1691900000000002,1.16937,1.16938,1.16928,1.16932,52
2026-01-06 20:49:00,1.1691900000000002,1.1691900000000002,1.1690200000000002,1.1690200000000002,1.16932,1.16932,1.16915,1.16916,97
2026-01-06 20:50:00,1.1690200000000002,1.1691,1.169,1.16908,1.16916,1.16922,1.16914,1.16921,113
2026-01-06 20:51:00,1.16908,1.1690900000000002,1.16903,1.16908,1.16921,1.16921,1.16916,1.16921,71
2026-01-06 20:52:00,1.16908,1.16911,1.16904,1.16905,1.16921,1.16924,1.16917,1.16918,44
2026-01-06 20:53:00,1.16905,1.16908,1.16897,1.16897,1.16918,1.16921,1.16911,1.16911,85
2026-01-06 20:54:00,1.16897,1.16903,1.1689500000000002,1.16897,1.16911,1.16916,1.16908,1.1691,100
2026-01-06 20:55:00,1.16897,1.16904,1.16896,1.16898,1.1691,1.16917,1.16909,1.16911,126
2026-01-06 20:56:00,1.16898,1.1689900000000002,1.16884,1.16887,1.16911,1.16912,1.16898,1.169,165
2026-01-06 20:57:00,1.16887,1.16893,1.1687500000000002,1.16876,1.169,1.16906,1.16888,1.16889,191
2026-01-06 20:58:00,1.16876,1.16879,1.16864,1.16864,1.16889,1.16892,1.16877,1.16877,169
2026-01-06 20:59:00,1.16864,1.16867,1.1686,1.16864,1.16877,1.1688,1.16873,1.16877,142
2026-01-06 21:00:00,1.16864,1.16866,1.1685100000000002,1.16853,1.16877,1.16878,1.16863,1.16865,143
2026-01-06 21:01:00,1.16853,1.16864,1.1685100000000002,1.16857,1.16865,1.16877,1.16864,1.1687,97
2026-01-06 21:02:00,1.16857,1.1685800000000002,1.16849,1.1685100000000002,1.1687,1.16871,1.16861,1.16864,78
2026-01-06 21:03:00,1.1685100000000002,1.1686200000000002,1.1685100000000002,1.16859,1.16864,1.16875,1.16864,1.16872,41
2026-01-06 21:04:00,1.16859,1.1686200000000002,1.16859,1.1686200000000002,1.16872,1.16875,1.16872,1.16875,29
2026-01-06 21:05:00,1.1686200000000002,1.16864,1.1686,1.1686200000000002,1.16875,1.16878,1.16873,1.16874,20
2026-01-06 21:06:00,1.1686200000000002,1.16863,1.16861,1.16863,1.16874,1.16876,1.16873,1.16876,16
2026-01-06 21:07:00,1.16863,1.16873,1.1686,1.1687,1.16876,1.16887,1.16873,1.16884,48
2026-01-06 21:08:00,1.1687,1.16876,1.1687,1.1687,1.16884,1.16889,1.16882,1.16883,42
2026-01-06 21:09:00,1.1687,1.1687200000000002,1.16866,1.16869,1.16883,1.16885,1.16879,1.16882,33
2026-01-06 21:10:00,1.16869,1.16871,1.16867,1.16867,1.16882,1.16885,1.16881,1.16881,34
2026-01-06 21:11:00,1.16867,1.16876,1.16866,1.1687200000000002,1.16881,1.16889,1.16879,1.16884,24
2026-01-06 21:12:00,1.1687200000000002,1.1687500000000002,1.1687200000000002,1.16873,1.16884,1.16887,1.16884,1.16886,18
2026-01-06 21:13:00,1.16873,1.16873,1.16871,1.16871,1.16886,1.16886,1.16884,1.16884,16
2026-01-06 21:14:00,1.16871,1.16871,1.1686500000000002,1.1686500000000002,1.16884,1.16884,1.16878,1.16878,27
2026-01-06 21:15:00,1.1686500000000002,1.16871,1.1686200000000002,1.16871,1.16878,1.16884,1.16876,1.16883,44
2026-01-06 21:16:00,1.16871,1.16874,1.1687,1.16871,1.16883,1.16886,1.16883,1.16883,15
2026-01-06 21:17:00,1.16871,1.16877,1.1687,1.16877,1.16883,1.1689,1.16883,1.1689,37
2026-01-06 21:18:00,1.16877,1.16883,1.1687500000000002,1.16877,1.1689,1.16896,1.16887,1.16889,37
2026-01-06 21:19:00,1.16877,1.1687800000000002,1.1687500000000002,1.16877,1.16889,1.16891,1.16888,1.1689,32
2026-01-06 21:20:00,1.16877,1.16879,1.16873,1.16876,1.1689,1.16892,1.16887,1.16889,34
2026-01-06 21:21:00,1.16876,1.16876,1.16871,1.16874,1.16889,1.16889,1.16884,1.16887,49
2026-01-06 21:22:00,1.16874,1.1687800000000002,1.16874,1.16877,1.16887,1.1689,1.16886,1.16889,11
2026-01-06 21:23:00,1.16877,1.16877,1.1687,1.16871,1.16889,1.16889,1.16882,1.16883,27
2026-01-06 21:24:00,1.16871,1.16873,1.16869,1.16869,1.16883,1.16885,1.16881,1.16881,25
2026-01-06 21:25:00,1.16869,1.16869,1.16857,1.16857,1.16881,1.16881,1.1687,1.16871,60
2026-01-06 21:26:00,1.16857,1.1685800000000002,1.16853,1.16854,1.16871,1.16872,1.16866,1.16867,38
2026-01-06 21:27:00,1.16854,1.16856,1.16853,1.1685500000000002,1.16867,1.16869,1.16867,1.16868,28
2026-01-06 21:28:00,1.1685500000000002,1.16856,1.1684100000000002,1.16844,1.16868,1.1687,1.16854,1.16857,60
2026-01-06 21:29:00,1.16844,1.1684800000000002,1.16839,1.1684500000000002,1.16857,1.16861,1.16853,1.16859,70
2026-01-06 21:30:00,1.1684500000000002,1.16857,1.1684500000000002,1.16857,1.16859,1.1687,1.16858,1.1687,84
2026-01-06 21:31:00,1.16857,1.1686200000000002,1.16857,1.1686,1.1687,1.16875,1.1687,1.16872,40
2026-01-06 21:32:00,1.1686,1.1686,1.16849,1.1685,1.16872,1.16874,1.16862,1.16863,44
2026-01-06 21:33:00,1.1685,1.16852,1.16846,1.1685,1.16863,1.16864,1.16859,1.16863,50
2026-01-06 21:34:00,1.1685,1.1685100000000002,1.16849,1.16849,1.16863,1.16864,1.16861,1.16862,23
2026-01-06 21:35:00,1.16849,1.1685100000000002,1.16843,1.16846,1.16862,1.16864,1.16857,1.16859,44
2026-01-06 21:36:00,1.16846,1.1685,1.1684500000000002,1.16849,1.16859,1.16864,1.16858,1.16862,31
2026-01-06 21:37:00,1.16849,1.16849,1.16847,1.16849,1.16862,1.16863,1.16861,1.16862,19
2026-01-06 21:38:00,1.16849,1.1685,1.1684800000000002,1.1685,1.16862,1.16864,1.16862,1.16863,10
2026-01-06 21:39:00,1.1685,1.16863,1.16847,1.16857,1.16863,1.16876,1.16861,1.16871,44
2026-01-06 21:40:00,1.16857,1.16866,1.16857,1.16861,1.16871,1.16879,1.16871,1.16874,38
2026-01-06 21:41:00,1.16861,1.1686200000000002,1.1685800000000002,1.16861,1.16874,1.16875,1.16872,1.16874,24
2026-01-06 21:42:00,1.16861,1.1686500000000002,1.16859,1.16864,1.16874,1.16878,1.16871,1.16878,15
2026-01-06 21:43:00,1.16864,1.16871,1.16864,1.16869,1.16878,1.16885,1.16878,1.16882,30
2026-01-06 21:44:00,1.16869,1.16869,1.1686500000000002,1.16867,1.16882,1.16884,1.16877,1.1688,22
2026-01-06 21:45:00,1.16867,1.16867,1.1686500000000002,1.16867,1.1688,1.16881,1.16878,1.16879,37
2026-01-06 21:46:00,1.16867,1.16876,1.16867,1.1687200000000002,1.16879,1.16889,1.16879,1.16885,78
2026-01-06 21:47:00,1.1687200000000002,1.16873,1.16871,1.1687200000000002,1.16885,1.16886,1.16884,1.16885,48
2026-01-06 21:48:00,1.1687200000000002,1.1687800000000002,1.16871,1.16877,1.16885,1.16891,1.16884,1.16889,60
2026-01-06 21:49:00,1.16877,1.1687800000000002,1.16869,1.16871,1.16889,1.1689,1.16882,1.16884,75
2026-01-06 21:50:00,1.16871,1.16877,1.16861,1.16869,1.16884,1.1689,1.16875,1.16881,105
2026-01-06 21:51:00,1.16869,1.16879,1.16867,1.1687200000000002,1.16881,1.16893,1.1688,1.16885,75
2026-01-06 21:52:00,1.1687200000000002,1.1687800000000002,1.1687200000000002,1.1687800000000002,1.16885,1.16891,1.16885,1.1689,25
2026-01-06 21:53:00,1.1687800000000002,1.1687800000000002,1.16874,1.1687500000000002,1.1689,1.16891,1.16886,1.16888,16
2026-01-06 21:54:00,1.1687500000000002,1.1687500000000002,1.16871,1.16874,1.16888,1.16889,1.16884,1.16886,50
2026-01-06 21:55:00,1.16874,1.16874,1.16864,1.16866,1.16886,1.16889,1.16879,1.16881,32
2026-01-06 21:56:00,1.16866,1.16869,1.16866,1.1686800000000002,1.16881,1.16885,1.16881,1.16885,7
2026-01-06 21:57:00,1.1686800000000002,1.1687200000000002,1.1686800000000002,1.16871,1.16885,1.16886,1.16883,1.16886,18
2026-01-06 21:58:00,1.16871,1.1688,1.1687,1.1688,1.16886,1.16894,1.16884,1.16894,26
2026-01-06 21:59:00,1.1688,1.1688,1.1687200000000002,1.1688,1.16894,1.16896,1.16887,1.16896,73
2026-01-06 22:00:00,1.1688,1.1688,1.16842,1.1684500000000002,1.16896,1.16899,1.16893,1.16899,5
2026-01-06 22:01:00,1.1684500000000002,1.1684500000000002,1.1684,1.16844,1.16899,1.16899,1.16887,1.16889,6
2026-01-06 22:02:00,1.16844,1.16849,1.1684,1.1684,1.16889,1.16891,1.16883,1.16883,7
2026-01-06 22:03:00,1.1684,1.1684800000000002,1.1684,1.1684800000000002,1.16883,1.16885,1.16878,1.16885,4
2026-01-06 22:04:00,1.1684800000000002,1.1685,1.16847,1.1684800000000002,1.16885,1.16886,1.16879,1.16879,5
2026-01-06 22:05:00,1.1684800000000002,1.16852,1.16847,1.1685,1.16879,1.16886,1.16879,1.16882,9
2026-01-06 22:06:00,1.1685,1.16852,1.1685,1.1685100000000002,1.16882,1.16882,1.16882,1.16882,5
2026-01-06 22:07:00,1.1685100000000002,1.1685100000000002,1.1685,1.1685,1.16882,1.16882,1.16882,1.16882,3
2026-01-06 22:08:00,1.1685,1.1685,1.1685,1.1685,1.16882,1.16882,1.16881,1.16882,2
2026-01-06 22:09:00,1.1685,1.1685,1.16849,1.16849,1.16882,1.16884,1.16881,1.16884,7
2026-01-06 22:10:00,1.16849,1.16857,1.16836,1.16857,1.16884,1.1689,1.16866,1.1689,224
2026-01-06 22:11:00,1.16857,1.16859,1.16857,1.16859,1.1689,1.1689,1.16889,1.16889,3
2026-01-06 22:12:00,1.16859,1.16859,1.1685,1.1685100000000002,1.16889,1.16889,1.16885,1.16886,22
2026-01-06 22:13:00,1.1685100000000002,1.16852,1.1685100000000002,1.1685100000000002,1.16886,1.16887,1.16886,1.16887,3
2026-01-06 22:14:00,1.1685100000000002,1.16852,1.16849,1.16849,1.16887,1.16887,1.16882,1.16882,4
2026-01-06 22:15:00,1.16849,1.16854,1.16849,1.16854,1.16882,1.16884,1.16882,1.16884,19
2026-01-06 22:16:00,1.16854,1.16856,1.16853,1.1685500000000002,1.16884,1.16885,1.16884,1.16884,6
2026-01-06 22:17:00,1.1685500000000002,1.16866,1.1685500000000002,1.16866,1.16884,1.16891,1.16884,1.16891,6
2026-01-06 22:18:00,1.16866,1.16866,1.16866,1.16866,1.16891,1.16892,1.16887,1.16887,6
2026-01-06 22:19:00,1.16866,1.16866,1.16866,1.16866,1.16887,1.16888,1.16887,1.16888,1
2026-01-06 22:20:00,1.16866,1.16866,1.1686500000000002,1.1686500000000002,1.16888,1.16889,1.16888,1.16889,2
2026-01-06 22:21:00,1.1686500000000002,1.1686500000000002,1.1686500000000002,1.1686500000000002,1.16889,1.1689,1.16889,1.1689,1
2026-01-06 22:22:00,1.1686500000000002,1.16866,1.1686500000000002,1.16866,1.1689,1.1689,1.1689,1.1689,1
2026-01-06 22:24:00,1.16866,1.16866,1.16866,1.16866,1.1689,1.16896,1.1689,1.16895,3
2026-01-06 22:25:00,1.16866,1.16867,1.16866,1.16867,1.16895,1.16895,1.1689,1.1689,2
2026-01-06 22:26:00,1.16867,1.1686800000000002,1.16867,1.1686800000000002,1.1689,1.1689,1.1689,1.1689,1
2026-01-06 22:27:00,1.1686800000000002,1.1686800000000002,1.1686800000000002,1.1686800000000002,1.1689,1.16894,1.1689,1.16894,1
2026-01-06 22:29:00,1.1686800000000002,1.1686800000000002,1.16867,1.16867,1.16894,1.16894,1.1689,1.1689,3
2026-01-06 22:30:00,1.16867,1.16867,1.16866,1.16866,1.1689,1.16892,1.16889,1.16892,7
2026-01-06 22:31:00,1.16866,1.16867,1.16863,1.16867,1.16892,1.16892,1.1689,1.16892,4
2026-01-06 22:33:00,1.16867,1.16867,1.1686500000000002,1.1686500000000002,1.16892,1.16892,1.16892,1.16892,1
2026-01-06 22:34:00,1.1686500000000002,1.16866,1.1686500000000002,1.16866,1.16892,1.16894,1.16892,1.16894,2
2026-01-06 22:35:00,1.16866,1.16866,1.1686500000000002,1.1686500000000002,1.16894,1.169,1.16894,1.16899,2
2026-01-06 22:36:00,1.1686500000000002,1.16866,1.1686500000000002,1.16866,1.16899,1.16899,1.16899,1.16899,1
2026-01-06 22:37:00,1.16866,1.16866,1.16866,1.16866,1.16899,1.16899,1.16898,1.16898,1
2026-01-06 22:38:00,1.16866,1.1686800000000002,1.16866,1.16867,1.16898,1.16898,1.16895,1.16895,3
2026-01-06 22:39:00,1.16867,1.16867,1.16866,1.16866,1.16895,1.16895,1.16894,1.16894,2
2026-01-06 22:40:00,1.16866,1.16867,1.1686500000000002,1.16866,1.16894,1.16894,1.16894,1.16894,4
2026-01-06 22:41:00,1.16866,1.16866,1.1686500000000002,1.16866,1.16894,1.16894,1.16894,1.16894,2
2026-01-06 22:42:00,1.16866,1.16867,1.1686500000000002,1.16867,1.16894,1.16896,1.16893,1.16895,11
2026-01-06 22:43:00,1.16867,1.1686800000000002,1.16866,1.16866,1.16895,1.16895,1.16895,1.16895,3
2026-01-06 22:44:00,1.16866,1.16867,1.1686200000000002,1.1686200000000002,1.16895,1.16895,1.16895,1.16895,3
2026-01-06 22:45:00,1.1686200000000002,1.16863,1.1686200000000002,1.16863,1.16895,1.16895,1.16894,1.16895,3
2026-01-06 22:46:00,1.16863,1.1686800000000002,1.16863,1.16867,1.16895,1.16895,1.16895,1.16895,3
2026-01-06 22:48:00,1.16867,1.1686800000000002,1.16867,1.1686800000000002,1.16895,1.16898,1.16895,1.16898,3
2026-01-06 22:49:00,1.1686800000000002,1.1686800000000002,1.16863,1.16864,1.16898,1.16898,1.16898,1.16898,4
2026-01-06 22:50:00,1.16864,1.1687,1.16863,1.16867,1.16898,1.16902,1.16895,1.16902,19
2026-01-06 22:51:00,1.16867,1.1686800000000002,1.1686500000000002,1.1686800000000002,1.16902,1.16904,1.16902,1.16904,13
2026-01-06 22:52:00,1.1686800000000002,1.16869,1.1686500000000002,1.1686800000000002,1.16904,1.16905,1.16904,1.16905,17
2026-01-06 22:53:00,1.1686800000000002,1.16869,1.1686200000000002,1.16863,1.16905,1.16906,1.16905,1.16906,37
2026-01-06 22:54:00,1.16863,1.16867,1.1686200000000002,1.1686500000000002,1.16906,1.16906,1.16903,1.16903,5
2026-01-06 22:55:00,1.1686500000000002,1.16867,1.1686500000000002,1.1686500000000002,1.16903,1.16903,1.16903,1.16903,4
2026-01-06 22:56:00,1.1686500000000002,1.1686800000000002,1.1686500000000002,1.1686500000000002,1.16903,1.16903,1.16903,1.16903,9
2026-01-06 22:57:00,1.1686500000000002,1.1687,1.16864,1.16867,1.16903,1.16903,1.16903,1.16903,16
2026-01-06 22:58:00,1.16867,1.16871,1.16864,1.1686800000000002,1.16903,1.16903,1.16903,1.16903,27
2026-01-06 22:59:00,1.1686800000000002,1.16874,1.1686500000000002,1.16873,1.16903,1.16903,1.16903,1.16903,15
2026-01-06 23:00:00,1.16873,1.1689,1.16867,1.16881,1.16903,1.16904,1.16894,1.16896,59
2026-01-06 23:01:00,1.16881,1.16886,1.16881,1.16884,1.16896,1.169,1.16896,1.16898,9
2026-01-06 23:02:00,1.16884,1.16884,1.16877,1.1687800000000002,1.16898,1.16899,1.16891,1.16892,23
2026-01-06 23:03:00,1.1687800000000002,1.16879,1.16876,1.1687800000000002,1.16892,1.16892,1.1689,1.16891,11
2026-01-06 23:04:00,1.1687800000000002,1.16879,1.16876,1.1687800000000002,1.16891,1.16892,1.1689,1.16891,12
2026-01-06 23:05:00,1.1687800000000002,1.16887,1.16876,1.16883,1.16891,1.16902,1.16891,1.16899,32
2026-01-06 23:06:00,1.16883,1.16887,1.1688200000000002,1.1688200000000002,1.16899,1.16902,1.16897,1.16898,19
2026-01-06 23:07:00,1.1688200000000002,1.16886,1.16881,1.16886,1.16898,1.16901,1.16898,1.169,9
2026-01-06 23:08:00,1.16886,1.16888,1.16886,1.16887,1.169,1.16901,1.16899,1.169,8
2026-01-06 23:09:00,1.16887,1.16887,1.16887,1.16887,1.169,1.16901,1.16899,1.169,6
2026-01-06 23:10:00,1.16887,1.16887,1.16887,1.16887,1.169,1.16903,1.16899,1.16902,7
2026-01-06 23:11:00,1.16887,1.16887,1.16877,1.16877,1.16902,1.16902,1.1689,1.1689,21
2026-01-06 23:12:00,1.16877,1.16877,1.1687,1.16871,1.1689,1.1689,1.16885,1.16885,16
2026-01-06 23:13:00,1.16871,1.16877,1.1687,1.16876,1.16885,1.1689,1.16884,1.1689,13
2026-01-06 23:14:00,1.16876,1.16877,1.16876,1.16876,1.1689,1.1689,1.1689,1.1689,2
2026-01-06 23:15:00,1.16876,1.16877,1.16876,1.16876,1.1689,1.1689,1.16889,1.16889,9
2026-01-06 23:16:00,1.16876,1.16876,1.16873,1.16876,1.16889,1.16889,1.16887,1.16889,8
2026-01-06 23:17:00,1.16876,1.16877,1.16876,1.16876,1.16889,1.1689,1.16889,1.1689,16
2026-01-06 23:18:00,1.16876,1.16877,1.16876,1.16876,1.1689,1.1689,1.16889,1.16889,17
2026-01-06 23:19:00,1.16876,1.16877,1.16876,1.16877,1.16889,1.16891,1.16889,1.1689,16
2026-01-06 23:20:00,1.16877,1.16883,1.16876,1.16883,1.1689,1.16895,1.16889,1.16895,22
2026-01-06 23:21:00,1.16883,1.16888,1.1688200000000002,1.16887,1.16895,1.169,1.16895,1.169,20
2026-01-06 23:22:00,1.16887,1.1689,1.1688500000000002,1.1688900000000002,1.169,1.16904,1.16898,1.16902,32
2026-01-06 23:23:00,1.1688900000000002,1.1689200000000002,1.16888,1.16891,1.16902,1.16904,1.16901,1.16904,18
2026-01-06 23:24:00,1.16891,1.1689200000000002,1.1688900000000002,1.1689,1.16904,1.16906,1.16902,1.16903,13
2026-01-06 23:25:00,1.1689,1.169,1.1689,1.169,1.16903,1.16912,1.16903,1.16912,22
2026-01-06 23:26:00,1.169,1.169,1.1689200000000002,1.16893,1.16912,1.16912,1.16905,1.16905,15
2026-01-06 23:27:00,1.16893,1.16894,1.1689200000000002,1.1689200000000002,1.16905,1.16907,1.16905,1.16905,9
2026-01-06 23:28:00,1.1689200000000002,1.16896,1.1689200000000002,1.16893,1.16905,1.16908,1.16905,1.16905,20
2026-01-06 23:29:00,1.16893,1.16893,1.1689200000000002,1.1689200000000002,1.16905,1.16907,1.16905,1.16905,7
2026-01-06 23:30:00,1.1689200000000002,1.16893,1.1689,1.16893,1.16905,1.16906,1.16903,1.16906,36
2026-01-06 23:31:00,1.16893,1.16893,1.16888,1.1689,1.16906,1.16906,1.16901,1.16904,14
2026-01-06 23:32:00,1.1689,1.1689,1.16888,1.1689,1.16904,1.16904,1.16901,1.16903,5
2026-01-06 23:33:00,1.1689,1.1689500000000002,1.1689,1.16894,1.16903,1.16908,1.16903,1.16906,14
2026-01-06 23:34:00,1.16894,1.16894,1.16887,1.1688900000000002,1.16906,1.16907,1.16901,1.16903,26
2026-01-06 23:35:00,1.1688900000000002,1.1688900000000002,1.16888,1.16888,1.16903,1.16903,1.16901,1.16901,3
2026-01-06 23:36:00,1.16888,1.16888,1.16883,1.1688500000000002,1.16901,1.16901,1.16896,1.16899,20
2026-01-06 23:37:00,1.1688500000000002,1.16887,1.16883,1.16887,1.16899,1.16901,1.16896,1.169,19
2026-01-06 23:38:00,1.16887,1.16887,1.16884,1.16884,1.169,1.16901,1.16896,1.16897,11
2026-01-06 23:39:00,1.16884,1.16884,1.16881,1.16881,1.16897,1.16897,1.16894,1.16894,10
2026-01-06 23:40:00,1.16881,1.1688500000000002,1.1688,1.16883,1.16894,1.16898,1.16894,1.16896,24
2026-01-06 23:41:00,1.16883,1.16883,1.16881,1.1688200000000002,1.16896,1.16896,1.16894,1.16895,6
2026-01-06 23:42:00,1.1688200000000002,1.1688200000000002,1.16881,1.16881,1.16895,1.16896,1.16894,1.16894,4
2026-01-06 23:43:00,1.16881,1.16883,1.16881,1.1688200000000002,1.16894,1.16896,1.16894,1.16896,8
2026-01-06 23:44:00,1.1688200000000002,1.16884,1.1688,1.16881,1.16896,1.16897,1.16894,1.16894,12
2026-01-06 23:45:00,1.16881,1.16881,1.16877,1.16877,1.16894,1.16894,1.1689,1.1689,12
2026-01-06 23:46:00,1.16877,1.1687800000000002,1.16877,1.16877,1.1689,1.16891,1.1689,1.16891,16
2026-01-06 23:47:00,1.16877,1.16881,1.16877,1.1688,1.16891,1.16894,1.16891,1.16894,22
2026-01-06 23:48:00,1.1688,1.16881,1.16879,1.16881,1.16894,1.16894,1.16893,1.16894,5
2026-01-06 23:49:00,1.16881,1.1688200000000002,1.1687800000000002,1.1688200000000002,1.16894,1.16894,1.16891,1.16894,24
2026-01-06 23:50:00,1.1688200000000002,1.16884,1.16877,1.16877,1.16894,1.16896,1.16889,1.16889,33
2026-01-06 23:51:00,1.16877,1.1687800000000002,1.1687200000000002,1.1687200000000002,1.16889,1.16892,1.16885,1.16885,41
2026-01-06 23:52:00,1.1687200000000002,1.1687200000000002,1.1686800000000002,1.16869,1.16885,1.16885,1.16881,1.16883,35
2026-01-06 23:53:00,1.16869,1.1687,1.16863,1.1686500000000002,1.16883,1.16883,1.16876,1.16878,95
2026-01-06 23:54:00,1.1686500000000002,1.16866,1.1686200000000002,1.16863,1.16878,1.16879,1.16875,1.16876,26
2026-01-06 23:55:00,1.16863,1.16871,1.16863,1.1686800000000002,1.16876,1.16884,1.16875,1.16881,39
2026-01-06 23:56:00,1.1686800000000002,1.1686800000000002,1.1686500000000002,1.1686500000000002,1.16881,1.16881,1.16878,1.16878,18
2026-01-06 23:57:00,1.1686500000000002,1.1687,1.1686500000000002,1.1686800000000002,1.16878,1.16884,1.16878,1.16881,23
2026-01-06 23:58:00,1.1686800000000002,1.16873,1.1686800000000002,1.16869,1.16881,1.16886,1.16881,1.16882,22
2026-01-06 23:59:00,1.16869,1.16871,1.16866,1.16866,1.16882,1.16885,1.16881,1.16881,29
2026-01-07 00:00:00,1.16866,1.16886,1.16866,1.16879,1.16881,1.16899,1.1688,1.16891,97
2026-01-07 00:01:00,1.16879,1.1689200000000002,1.16874,1.16874,1.16891,1.16905,1.16887,1.16887,170
2026-01-07 00:02:00,1.16874,1.16879,1.16874,1.1687800000000002,1.16887,1.16892,1.16887,1.1689,85
2026-01-07 00:03:00,1.1687800000000002,1.1687800000000002,1.16866,1.1686800000000002,1.1689,1.1689,1.1688,1.1688,85
2026-01-07 00:04:00,1.1686800000000002,1.1686800000000002,1.1686200000000002,1.1686200000000002,1.1688,1.16881,1.16875,1.16875,55
2026-01-07 00:05:00,1.1686200000000002,1.1686200000000002,1.16854,1.1685800000000002,1.16875,1.16876,1.16868,1.16871,39
2026-01-07 00:06:00,1.1685800000000002,1.16864,1.1685800000000002,1.1686200000000002,1.16871,1.16876,1.16871,1.16874,75
2026-01-07 00:07:00,1.1686200000000002,1.1687,1.16861,1.16867,1.16874,1.16883,1.16874,1.1688,63
2026-01-07 00:08:00,1.16867,1.16867,1.1686200000000002,1.16863,1.1688,1.1688,1.16875,1.16876,62
2026-01-07 00:09:00,1.16863,1.1686500000000002,1.1685800000000002,1.1686,1.16876,1.16878,1.16872,1.16872,76
2026-01-07 00:10:00,1.1686,1.16864,1.1685800000000002,1.1686200000000002,1.16872,1.16877,1.16871,1.16876,69
2026-01-07 00:11:00,1.1686200000000002,1.16863,1.16852,1.16857,1.16876,1.16876,1.16867,1.16871,134
2026-01-07 00:12:00,1.16857,1.1685800000000002,1.1685,1.1685100000000002,1.16871,1.16872,1.16864,1.16864,38
2026-01-07 00:13:00,1.1685100000000002,1.16853,1.1684800000000002,1.16853,1.16864,1.16866,1.16862,1.16866,42
2026-01-07 00:14:00,1.16853,1.1686500000000002,1.16852,1.16861,1.16866,1.16877,1.16865,1.16874,92
2026-01-07 00:15:00,1.16861,1.16866,1.1685800000000002,1.1686500000000002,1.16874,1.16879,1.16872,1.16877,94
2026-01-07 00:16:00,1.1686500000000002,1.16874,1.1686500000000002,1.16873,1.16877,1.16887,1.16877,1.16887,71
2026-01-07 00:17:00,1.16873,1.1687800000000002,1.16871,1.1687500000000002,1.16887,1.1689,1.16884,1.16887,110
2026-01-07 00:18:00,1.1687500000000002,1.16876,1.1686800000000002,1.16871,1.16887,1.16889,1.16881,1.16883,53
2026-01-07 00:19:00,1.16871,1.16877,1.1687,1.16871,1.16883,1.1689,1.16883,1.16884,83
2026-01-07 00:20:00,1.16871,1.1687200000000002,1.16867,1.1687,1.16884,1.16885,1.1688,1.16882,63
2026-01-07 00:21:00,1.1687,1.1687,1.16866,1.16867,1.16882,1.16883,1.1688,1.16881,63
2026-01-07 00:22:00,1.16867,1.16871,1.16867,1.1687,1.16881,1.16884,1.16881,1.16882,77
2026-01-07 00:23:00,1.1687,1.16877,1.1687,1.16876,1.16882,1.1689,1.16882,1.1689,40
2026-01-07 00:24:00,1.16876,1.16881,1.1687200000000002,1.1687500000000002,1.1689,1.16894,1.16886,1.16887,69
2026-01-07 00:25:00,1.1687500000000002,1.16877,1.16871,1.16877,1.16887,1.16891,1.16884,1.1689,40
2026-01-07 00:26:00,1.16877,1.16877,1.16863,1.16863,1.1689,1.1689,1.16876,1.16876,40
2026-01-07 00:27:00,1.16863,1.16866,1.1686200000000002,1.16864,1.16876,1.1688,1.16875,1.16877,62
2026-01-07 00:28:00,1.16864,1.16864,1.16857,1.16861,1.16877,1.16877,1.1687,1.16873,90
2026-01-07 00:29:00,1.16861,1.16866,1.1686,1.16863,1.16873,1.16879,1.16873,1.16876,73
2026-01-07 00:30:00,1.16863,1.16873,1.1685500000000002,1.1687200000000002,1.16876,1.16886,1.16869,1.16884,282
2026-01-07 00:31:00,1.1687200000000002,1.16883,1.16861,1.1688200000000002,1.16884,1.16896,1.16875,1.16895,218
2026-01-07 00:32:00,1.1688200000000002,1.16897,1.1688,1.16897,1.16895,1.16912,1.16894,1.16911,159
2026-01-07 00:33:00,1.16897,1.16904,1.16894,1.16903,1.16911,1.16916,1.16906,1.16915,160
2026-01-07 00:34:00,1.16903,1.1690600000000002,1.1689500000000002,1.16905,1.16915,1.16918,1.16909,1.16918,108
2026-01-07 00:35:00,1.16905,1.1691200000000002,1.16904,1.1690900000000002,1.16918,1.16925,1.16916,1.16921,66
2026-01-07 00:36:00,1.1690900000000002,1.1692,1.1690600000000002,1.1691900000000002,1.16921,1.16933,1.16919,1.16932,155
2026-01-07 00:37:00,1.1691900000000002,1.1692900000000002,1.1691900000000002,1.1692900000000002,1.16932,1.16942,1.1693099999999998,1.16941,111
2026-01-07 00:38:00,1.1692900000000002,1.16931,1.16924,1.16925,1.16941,1.16945,1.16937,1.16939,99
2026-01-07 00:39:00,1.16925,1.16937,1.16924,1.16934,1.16939,1.1695,1.16937,1.16948,99
2026-01-07 00:40:00,1.16934,1.16934,1.16913,1.16913,1.16948,1.16948,1.16926,1.16926,97
2026-01-07 00:41:00,1.16913,1.16918,1.16905,1.1691200000000002,1.16926,1.16932,1.16919,1.16926,132
2026-01-07 00:42:00,1.1691200000000002,1.16921,1.16911,1.16913,1.16926,1.16934,1.16924,1.16926,63
2026-01-07 00:43:00,1.16913,1.16918,1.1691200000000002,1.16914,1.16926,1.16932,1.16925,1.16926,80
2026-01-07 00:44:00,1.16914,1.16914,1.1689900000000002,1.16904,1.16926,1.16927,1.16911,1.16916,107
2026-01-07 00:45:00,1.16904,1.1690600000000002,1.1689500000000002,1.1689900000000002,1.16916,1.16919,1.16909,1.16912,94
2026-01-07 00:46:00,1.1689900000000002,1.16905,1.1689900000000002,1.16904,1.16912,1.16919,1.16912,1.16916,129
2026-01-07 00:47:00,1.16904,1.16907,1.169,1.169,1.16916,1.16919,1.16912,1.16912,136
2026-01-07 00:48:00,1.169,1.16907,1.16898,1.16905,1.16912,1.16919,1.1691,1.16919,135
2026-01-07 00:49:00,1.16905,1.16908,1.1689900000000002,1.16903,1.16919,1.16921,1.16913,1.16916,62
2026-01-07 00:50:00,1.16903,1.16914,1.1690200000000002,1.16913,1.16916,1.16927,1.16915,1.16926,56
2026-01-07 00:51:00,1.16913,1.16914,1.16911,1.16911,1.16926,1.16926,1.16923,1.16924,48
2026-01-07 00:52:00,1.16911,1.16914,1.16903,1.16903,1.16924,1.16927,1.16916,1.16916,94
2026-01-07 00:53:00,1.16903,1.16904,1.1688900000000002,1.16901,1.16916,1.16917,1.16903,1.16914,152
2026-01-07 00:54:00,1.16901,1.16908,1.1689900000000002,1.16905,1.16914,1.16921,1.16912,1.16918,101
2026-01-07 00:55:00,1.16905,1.1690600000000002,1.1688900000000002,1.16896,1.16918,1.16918,1.16903,1.16909,120
2026-01-07 00:56:00,1.16896,1.16901,1.16894,1.16897,1.16909,1.16914,1.16906,1.16909,74
2026-01-07 00:57:00,1.16897,1.16905,1.16897,1.16904,1.16909,1.16919,1.16909,1.16917,81
2026-01-07 00:58:00,1.16904,1.1690900000000002,1.1690200000000002,1.1690600000000002,1.16917,1.16922,1.16915,1.16919,80
2026-01-07 00:59:00,1.1690600000000002,1.16913,1.16905,1.16911,1.16919,1.16926,1.16919,1.16925,67
2026-01-07 01:00:00,1.16911,1.1691600000000002,1.1691,1.16914,1.16925,1.1693,1.16922,1.16926,149
2026-01-07 01:01:00,1.16914,1.1691900000000002,1.16903,1.16917,1.16926,1.16932,1.16916,1.1693099999999998,166
2026-01-07 01:02:00,1.16917,1.16924,1.16917,1.16924,1.1693099999999998,1.16938,1.1693099999999998,1.16937,70
2026-01-07 01:03:00,1.16924,1.16924,1.1691200000000002,1.1691900000000002,1.16937,1.16937,1.16925,1.16933,152
2026-01-07 01:04:00,1.1691900000000002,1.16921,1.16915,1.1691900000000002,1.16933,1.16934,1.16927,1.16933,102
2026-01-07 01:05:00,1.1691900000000002,1.16925,1.1691900000000002,1.1692,1.16933,1.16939,1.16932,1.16933,106
2026-01-07 01:06:00,1.1692,1.1692,1.16913,1.1691600000000002,1.16933,1.16934,1.16928,1.1693099999999998,108
2026-01-07 01:07:00,1.1691600000000002,1.1691900000000002,1.16914,1.16918,1.1693099999999998,1.16933,1.16927,1.16932,103
2026-01-07 01:08:00,1.16918,1.16924,1.16918,1.16924,1.16932,1.16938,1.16932,1.16938,66
2026-01-07 01:09:00,1.16924,1.1692900000000002,1.1691900000000002,1.1692900000000002,1.16938,1.16943,1.16932,1.16943,100
2026-01-07 01:10:00,1.1692900000000002,1.1693,1.1692300000000002,1.1692600000000002,1.16943,1.16944,1.16937,1.1694,134
2026-01-07 01:11:00,1.1692600000000002,1.1693,1.16925,1.16928,1.1694,1.16943,1.16938,1.16941,59
2026-01-07 01:12:00,1.16928,1.16937,1.1692600000000002,1.1693600000000002,1.16941,1.1695,1.1694,1.16949,82
2026-01-07 01:13:00,1.1693600000000002,1.16937,1.1692900000000002,1.1693,1.16949,1.1695,1.16942,1.16943,62
2026-01-07 01:14:00,1.1693,1.1693,1.16914,1.16915,1.16943,1.16943,1.16927,1.16927,129
2026-01-07 01:15:00,1.16915,1.1692,1.16908,1.16911,1.16927,1.16933,1.16923,1.16924,138
2026-01-07 01:16:00,1.16911,1.16913,1.16907,1.1691200000000002,1.16924,1.16925,1.1692,1.16925,85
2026-01-07 01:17:00,1.1691200000000002,1.16913,1.1690900000000002,1.1691200000000002,1.16925,1.16926,1.16922,1.16925,96
2026-01-07 01:18:00,1.1691200000000002,1.16913,1.16908,1.1691200000000002,1.16925,1.16926,1.16921,1.16924,78
2026-01-07 01:19:00,1.1691200000000002,1.16913,1.1690200000000002,1.1690200000000002,1.16924,1.16925,1.16914,1.16914,99
2026-01-07 01:20:00,1.1690200000000002,1.16905,1.16901,1.16903,1.16914,1.16917,1.16914,1.16916,94
2026-01-07 01:21:00,1.16903,1.16911,1.16901,1.1690600000000002,1.16916,1.16923,1.16913,1.16918,112
2026-01-07 01:22:00,1.1690600000000002,1.1690900000000002,1.16904,1.16907,1.16918,1.16921,1.16917,1.16919,83
2026-01-07 01:23:00,1.16907,1.16911,1.16905,1.16908,1.16919,1.16924,1.16918,1.16921,71
2026-01-07 01:24:00,1.16908,1.1691200000000002,1.16903,1.16903,1.16921,1.16924,1.16916,1.16916,83
2026-01-07 01:25:00,1.16903,1.16908,1.16897,1.16908,1.16916,1.16921,1.1691,1.16921,114
2026-01-07 01:26:00,1.16908,1.16908,1.1690200000000002,1.16903,1.16921,1.16921,1.16915,1.16916,89
2026-01-07 01:27:00,1.16903,1.16903,1.16893,1.16894,1.16916,1.16916,1.16906,1.16906,104
2026-01-07 01:28:00,1.16894,1.1690200000000002,1.16893,1.1690200000000002,1.16906,1.16916,1.16906,1.16915,115
2026-01-07 01:29:00,1.1690200000000002,1.16908,1.16901,1.1690600000000002,1.16915,1.16921,1.16915,1.16918,93
2026-01-07 01:30:00,1.1690600000000002,1.16914,1.1690200000000002,1.1691200000000002,1.16918,1.16928,1.16916,1.16926,127
2026-01-07 01:31:00,1.1691200000000002,1.16914,1.16908,1.16911,1.16926,1.16927,1.16921,1.16925,141
2026-01-07 01:32:00,1.16911,1.16918,1.16911,1.1691600000000002,1.16925,1.1693099999999998,1.16924,1.16929,78
2026-01-07 01:33:00,1.1691600000000002,1.1691600000000002,1.16908,1.16911,1.16929,1.16929,1.16921,1.16925,93
2026-01-07 01:34:00,1.16911,1.1692600000000002,1.16911,1.1692600000000002,1.16925,1.1694,1.16924,1.1694,65
2026-01-07 01:35:00,1.1692600000000002,1.16931,1.16921,1.1693,1.1694,1.16944,1.16935,1.16943,170
2026-01-07 01:36:00,1.1693,1.16938,1.1693,1.16934,1.16943,1.16951,1.16942,1.16946,100
2026-01-07 01:37:00,1.16934,1.1694300000000002,1.1693300000000002,1.1694300000000002,1.16946,1.16957,1.16946,1.16956,96
2026-01-07 01:38:00,1.1694300000000002,1.16958,1.1694,1.16957,1.16956,1.16972,1.16952,1.1697,143
2026-01-07 01:39:00,1.16957,1.16975,1.1695600000000002,1.16974,1.1697,1.16989,1.16969,1.16987,133
2026-01-07 01:40:00,1.16974,1.16978,1.16972,1.16974,1.16987,1.16991,1.16985,1.16987,81
2026-01-07 01:41:00,1.16974,1.16976,1.16971,1.16975,1.16987,1.16989,1.16984,1.16987,76
2026-01-07 01:42:00,1.16975,1.16975,1.1696700000000002,1.1697000000000002,1.16987,1.16988,1.1698,1.16983,128
2026-01-07 01:43:00,1.1697000000000002,1.16972,1.16968,1.16972,1.16983,1.16985,1.16981,1.16984,37
2026-01-07 01:44:00,1.16972,1.16979,1.16972,1.16975,1.16984,1.16993,1.16984,1.16989,123
2026-01-07 01:45:00,1.16975,1.16975,1.16965,1.16969,1.16989,1.16989,1.16978,1.16981,128
2026-01-07 01:46:00,1.16969,1.1697700000000002,1.16969,1.1697700000000002,1.16981,1.16991,1.16981,1.16991,136
2026-01-07 01:47:00,1.1697700000000002,1.1698000000000002,1.16976,1.1698000000000002,1.16991,1.16993,1.16988,1.16992,54
2026-01-07 01:48:00,1.1698000000000002,1.16983,1.16965,1.16972,1.16992,1.16996,1.16978,1.16985,154
2026-01-07 01:49:00,1.16972,1.1697700000000002,1.1697000000000002,1.1697700000000002,1.16985,1.16991,1.16983,1.1699,66
2026-01-07 01:50:00,1.1697700000000002,1.1699000000000002,1.16976,1.1699000000000002,1.1699,1.17004,1.16989,1.17003,113
2026-01-07 01:51:00,1.1699000000000002,1.16992,1.16982,1.1699000000000002,1.17003,1.17006,1.16995,1.17003,148
2026-01-07 01:52:00,1.1699000000000002,1.1699000000000002,1.16985,1.1699000000000002,1.17003,1.17004,1.16998,1.17004,84
2026-01-07 01:53:00,1.1699000000000002,1.16992,1.1699000000000002,1.16991,1.17004,1.17005,1.17002,1.17004,41
2026-01-07 01:54:00,1.16991,1.1700000000000002,1.16991,1.16991,1.17004,1.17013,1.17003,1.17007,77
2026-01-07 01:55:00,1.16991,1.1699400000000002,1.1699000000000002,1.16992,1.17007,1.17008,1.17005,1.17007,42
2026-01-07 01:56:00,1.16992,1.16992,1.16964,1.16968,1.17007,1.17007,1.16978,1.16981,173
2026-01-07 01:57:00,1.16968,1.16968,1.16947,1.16948,1.16981,1.16981,1.1696,1.16961,178
2026-01-07 01:58:00,1.16948,1.16962,1.1694,1.16947,1.16961,1.16975,1.16953,1.16959,159
2026-01-07 01:59:00,1.16947,1.16954,1.16945,1.16952,1.16959,1.16967,1.16958,1.16965,205
2026-01-07 02:00:00,1.16952,1.16968,1.16947,1.16965,1.16965,1.16981,1.16959,1.16977,171
2026-01-07 02:01:00,1.16965,1.16974,1.1696300000000002,1.16968,1.16977,1.16986,1.16976,1.16981,218
2026-01-07 02:02:00,1.16968,1.16991,1.1696300000000002,1.1699000000000002,1.16981,1.17004,1.16977,1.17003,115
2026-01-07 02:03:00,1.1699000000000002,1.16995,1.1698700000000002,1.16989,1.17003,1.17009,1.17,1.17002,120
2026-01-07 02:04:00,1.16989,1.16999,1.16983,1.16999,1.17002,1.17013,1.16997,1.17012,97
2026-01-07 02:05:00,1.16999,1.17009,1.16998,1.16998,1.17012,1.17022,1.17011,1.17012,168
2026-01-07 02:06:00,1.16998,1.1700700000000002,1.16998,1.17006,1.17012,1.17019,1.17011,1.17019,138
2026-01-07 02:07:00,1.17006,1.1700700000000002,1.16999,1.17002,1.17019,1.17021,1.17012,1.17015,101
2026-01-07 02:08:00,1.17002,1.17006,1.1700100000000002,1.17003,1.17015,1.17019,1.17013,1.17017,48
2026-01-07 02:09:00,1.17003,1.1700400000000002,1.16998,1.1700000000000002,1.17017,1.17018,1.17011,1.17013,44
2026-01-07 02:10:00,1.1700000000000002,1.1701,1.1700000000000002,1.17009,1.17013,1.17023,1.17013,1.17022,77
2026-01-07 02:11:00,1.17009,1.17013,1.17006,1.1700700000000002,1.17022,1.17026,1.17018,1.1702,99
2026-01-07 02:12:00,1.1700700000000002,1.17018,1.1700700000000002,1.17018,1.1702,1.17031,1.1702,1.1703,74
2026-01-07 02:13:00,1.17018,1.1702,1.17012,1.17012,1.1703,1.17034,1.17025,1.17026,67
2026-01-07 02:14:00,1.17012,1.1701400000000002,1.16998,1.16998,1.17026,1.17027,1.17011,1.17012,131
2026-01-07 02:15:00,1.16998,1.1700100000000002,1.1699700000000002,1.1700100000000002,1.17012,1.17015,1.17009,1.17013,83
2026-01-07 02:16:00,1.1700100000000002,1.17009,1.1699700000000002,1.17009,1.17013,1.17021,1.1701,1.17021,49
2026-01-07 02:17:00,1.17009,1.1701,1.1700400000000002,1.17008,1.17021,1.17022,1.17016,1.17021,45
2026-01-07 02:18:00,1.17008,1.17009,1.1700000000000002,1.17005,1.17021,1.17022,1.17012,1.17017,67
2026-01-07 02:19:00,1.17005,1.17009,1.17003,1.1700400000000002,1.17017,1.17022,1.17017,1.17018,54
2026-01-07 02:20:00,1.1700400000000002,1.1700400000000002,1.16992,1.16992,1.17018,1.17018,1.17005,1.17005,42
2026-01-07 02:21:00,1.16992,1.16992,1.16986,1.16986,1.17005,1.17005,1.16999,1.17,56
2026-01-07 02:22:00,1.16986,1.1698700000000002,1.1697700000000002,1.16978,1.17,1.17,1.16991,1.16991,73
2026-01-07 02:23:00,1.16978,1.16979,1.16976,1.1697700000000002,1.16991,1.16992,1.1699,1.16991,17
2026-01-07 02:24:00,1.1697700000000002,1.1697700000000002,1.16975,1.1697700000000002,1.16991,1.16991,1.16989,1.1699,16
2026-01-07 02:25:00,1.1697700000000002,1.1697700000000002,1.16972,1.16972,1.1699,1.1699,1.16985,1.16985,51
2026-01-07 02:26:00,1.16972,1.16972,1.16962,1.16962,1.16985,1.16985,1.16976,1.16976,70
2026-01-07 02:27:00,1.16962,1.1696300000000002,1.16959,1.16961,1.16976,1.16976,1.16972,1.16973,74
2026-01-07 02:28:00,1.16961,1.16969,1.1696000000000002,1.16968,1.16973,1.16981,1.16973,1.16981,66
2026-01-07 02:29:00,1.16968,1.16969,1.1696700000000002,1.16968,1.16981,1.16982,1.1698,1.16982,35
2026-01-07 02:30:00,1.16968,1.16975,1.16965,1.16974,1.16982,1.16988,1.16978,1.16988,84
2026-01-07 02:31:00,1.16974,1.16981,1.16974,1.16981,1.16988,1.16994,1.16988,1.16994,43
2026-01-07 02:32:00,1.16981,1.16982,1.16975,1.16976,1.16994,1.16996,1.16988,1.16989,72
2026-01-07 02:33:00,1.16976,1.16976,1.16957,1.16957,1.16989,1.16989,1.16971,1.16971,47
2026-01-07 02:34:00,1.16957,1.16961,1.16957,1.16958,1.16971,1.16975,1.1697,1.16972,30
2026-01-07 02:35:00,1.16958,1.16958,1.16949,1.1695600000000002,1.16972,1.16972,1.16962,1.16969,62
2026-01-07 02:36:00,1.1695600000000002,1.16958,1.16955,1.16957,1.16969,1.16971,1.16969,1.1697,18
2026-01-07 02:37:00,1.16957,1.16957,1.16952,1.1695300000000002,1.1697,1.1697,1.16965,1.16967,48
2026-01-07 02:38:00,1.1695300000000002,1.1695600000000002,1.1695300000000002,1.1695600000000002,1.16967,1.1697,1.16967,1.16969,52
2026-01-07 02:39:00,1.1695600000000002,1.1695600000000002,1.1695000000000002,1.1695300000000002,1.16969,1.16969,1.16963,1.16966,37
2026-01-07 02:40:00,1.1695300000000002,1.1696300000000002,1.1695300000000002,1.1695600000000002,1.16966,1.16976,1.16966,1.16969,74
2026-01-07 02:41:00,1.1695600000000002,1.16962,1.16955,1.16962,1.16969,1.16975,1.16968,1.16975,66
2026-01-07 02:42:00,1.16962,1.1696300000000002,1.16961,1.16961,1.16975,1.16976,1.16973,1.16973,20
2026-01-07 02:43:00,1.16961,1.16976,1.16961,1.16976,1.16973,1.16989,1.16973,1.16989,70
2026-01-07 02:44:00,1.16976,1.1697700000000002,1.16972,1.1697300000000002,1.16989,1.1699,1.16986,1.16986,44
2026-01-07 02:45:00,1.1697300000000002,1.16975,1.1696700000000002,1.16968,1.16986,1.16988,1.1698,1.16981,64
2026-01-07 02:46:00,1.16968,1.1697000000000002,1.16962,1.16964,1.16981,1.16983,1.16975,1.16978,58
2026-01-07 02:47:00,1.16964,1.16965,1.16951,1.1695600000000002,1.16978,1.16979,1.16964,1.16969,76
2026-01-07 02:48:00,1.1695600000000002,1.16972,1.1695600000000002,1.1696300000000002,1.16969,1.16984,1.16969,1.16977,82
2026-01-07 02:49:00,1.1696300000000002,1.16965,1.1696000000000002,1.16962,1.16977,1.16978,1.16973,1.16976,59
2026-01-07 02:50:00,1.16962,1.16962,1.16957,1.16958,1.16976,1.16976,1.16971,1.16972,43
2026-01-07 02:51:00,1.16958,1.1696000000000002,1.1695300000000002,1.1695300000000002,1.16972,1.16973,1.16967,1.16967,97
2026-01-07 02:52:00,1.1695300000000002,1.16954,1.16952,1.16954,1.16967,1.16967,1.16966,1.16967,43
2026-01-07 02:53:00,1.16954,1.16954,1.16952,1.1695300000000002,1.16967,1.16967,1.16965,1.16966,48
2026-01-07 02:54:00,1.1695300000000002,1.1695300000000002,1.16947,1.16948,1.16966,1.16966,1.1696,1.16961,43
2026-01-07 02:55:00,1.16948,1.16957,1.16947,1.1695600000000002,1.16961,1.1697,1.16961,1.16969,75
2026-01-07 02:56:00,1.1695600000000002,1.16959,1.16948,1.16949,1.16969,1.16972,1.16962,1.16962,81
2026-01-07 02:57:00,1.16949,1.16958,1.16948,1.16958,1.16962,1.16971,1.16961,1.1697,91
2026-01-07 02:58:00,1.16958,1.16958,1.16951,1.16955,1.1697,1.1697,1.16964,1.16967,91
2026-01-07 02:59:00,1.16955,1.16958,1.1695300000000002,1.16957,1.16967,1.1697,1.16966,1.1697,54
2026-01-07 03:00:00,1.16957,1.16981,1.1695600000000002,1.16975,1.1697,1.16994,1.16968,1.16989,163
2026-01-07 03:01:00,1.16975,1.16981,1.16975,1.16981,1.16989,1.16994,1.16988,1.16994,80
2026-01-07 03:02:00,1.16981,1.16982,1.16972,1.16974,1.16994,1.16994,1.16986,1.16987,80
2026-01-07 03:03:00,1.16974,1.16976,1.1697300000000002,1.16976,1.16987,1.16988,1.16986,1.16988,44
2026-01-07 03:04:00,1.16976,1.16976,1.1697000000000002,1.1697300000000002,1.16988,1.16988,1.16982,1.16986,60
2026-01-07 03:05:00,1.1697300000000002,1.16981,1.1697300000000002,1.16979,1.16986,1.16993,1.16986,1.16993,65
2026-01-07 03:06:00,1.16979,1.16983,1.16978,1.16982,1.16993,1.16996,1.16992,1.16996,65
2026-01-07 03:07:00,1.16982,1.16993,1.16982,1.1698700000000002,1.16996,1.17005,1.16996,1.17,101
2026-01-07 03:08:00,1.1698700000000002,1.16988,1.1697700000000002,1.16978,1.17,1.17002,1.1699,1.16992,78
2026-01-07 03:09:00,1.16978,1.1698400000000002,1.1697700000000002,1.16981,1.16992,1.16996,1.1699,1.16994,41
2026-01-07 03:10:00,1.16981,1.1698400000000002,1.1697700000000002,1.16979,1.16994,1.16998,1.1699,1.16993,39
2026-01-07 03:11:00,1.16979,1.1698000000000002,1.16976,1.1697700000000002,1.16993,1.16993,1.16989,1.1699,44
2026-01-07 03:12:00,1.1697700000000002,1.16981,1.16975,1.16978,1.1699,1.16995,1.16989,1.16992,26
2026-01-07 03:13:00,1.16978,1.16978,1.16972,1.16972,1.16992,1.16992,1.16985,1.16986,46
2026-01-07 03:14:00,1.16972,1.1697700000000002,1.16972,1.16974,1.16986,1.16991,1.16986,1.16987,17
2026-01-07 03:15:00,1.16974,1.16974,1.16968,1.16968,1.16987,1.16987,1.16981,1.16981,31
2026-01-07 03:16:00,1.16968,1.16974,1.1696700000000002,1.1697300000000002,1.16981,1.16987,1.16981,1.16987,20
2026-01-07 03:17:00,1.1697300000000002,1.1698400000000002,1.1697300000000002,1.16983,1.16987,1.16997,1.16987,1.16997,57
2026-01-07 03:18:00,1.16983,1.16992,1.16983,1.1699000000000002,1.16997,1.17006,1.16997,1.17003,44
2026-01-07 03:19:00,1.1699000000000002,1.1699700000000002,1.16982,1.16983,1.17003,1.17011,1.16995,1.16996,98
2026-01-07 03:20:00,1.16983,1.1698400000000002,1.1698000000000002,1.16981,1.16996,1.16996,1.16993,1.16993,57
2026-01-07 03:21:00,1.16981,1.16986,1.16978,1.16985,1.16993,1.16998,1.16991,1.16998,35
2026-01-07 03:22:00,1.16985,1.16989,1.16985,1.16988,1.16998,1.17001,1.16998,1.17001,35
2026-01-07 03:23:00,1.16988,1.1699400000000002,1.16986,1.16992,1.17001,1.17006,1.16999,1.17004,61
2026-01-07 03:24:00,1.16992,1.16995,1.16988,1.16992,1.17004,1.17008,1.17001,1.17005,95
2026-01-07 03:25:00,1.16992,1.1699400000000002,1.1698700000000002,1.16989,1.17005,1.17007,1.17001,1.17003,50
2026-01-07 03:26:00,1.16989,1.1699000000000002,1.1697700000000002,1.16978,1.17003,1.17003,1.1699,1.16992,61
2026-01-07 03:27:00,1.16978,1.16982,1.1697700000000002,1.16982,1.16992,1.16995,1.1699,1.16995,51
2026-01-07 03:28:00,1.16982,1.16982,1.16976,1.1698000000000002,1.16995,1.16995,1.16989,1.16993,80
2026-01-07 03:29:00,1.1698000000000002,1.16985,1.16978,1.16979,1.16993,1.16998,1.16991,1.16994,49
2026-01-07 03:30:00,1.16979,1.1698400000000002,1.1697700000000002,1.16978,1.16994,1.16998,1.16991,1.16991,74
2026-01-07 03:31:00,1.16978,1.16983,1.1697700000000002,1.16982,1.16991,1.16996,1.16991,1.16995,38
2026-01-07 03:32:00,1.16982,1.1698700000000002,1.16982,1.16983,1.16995,1.17001,1.16995,1.16996,56
2026-01-07 03:33:00,1.16983,1.1698700000000002,1.16981,1.16986,1.16996,1.17,1.16995,1.17,60
2026-01-07 03:34:00,1.16986,1.16991,1.16985,1.1698700000000002,1.17,1.17004,1.17,1.17001,26
2026-01-07 03:35:00,1.1698700000000002,1.16992,1.16982,1.1698700000000002,1.17001,1.17005,1.16996,1.17001,48
2026-01-07 03:36:00,1.1698700000000002,1.16988,1.16982,1.16982,1.17001,1.17002,1.16996,1.16996,37
2026-01-07 03:37:00,1.16982,1.1698400000000002,1.16982,1.1698400000000002,1.16996,1.16997,1.16995,1.16997,24
2026-01-07 03:38:00,1.1698400000000002,1.16992,1.16983,1.1699000000000002,1.16997,1.17006,1.16996,1.17003,32
2026-01-07 03:39:00,1.1699000000000002,1.16992,1.16989,1.16991,1.17003,1.17006,1.17002,1.17005,22
2026-01-07 03:40:00,1.16991,1.16992,1.1698700000000002,1.16992,1.17005,1.17006,1.17,1.17005,59
2026-01-07 03:41:00,1.16992,1.16992,1.16982,1.16982,1.17005,1.17006,1.16996,1.16996,32
2026-01-07 03:42:00,1.16982,1.1698400000000002,1.1698000000000002,1.16981,1.16996,1.16998,1.16993,1.16994,28
2026-01-07 03:43:00,1.16981,1.16981,1.16975,1.16976,1.16994,1.16995,1.16988,1.16989,36
2026-01-07 03:44:00,1.16976,1.1697700000000002,1.16976,1.1697700000000002,1.16989,1.16991,1.16989,1.1699,12
2026-01-07 03:45:00,1.1697700000000002,1.1697700000000002,1.1697300000000002,1.16974,1.1699,1.16991,1.16986,1.16988,45
2026-01-07 03:46:00,1.16974,1.1697700000000002,1.1697300000000002,1.1697700000000002,1.16988,1.16991,1.16986,1.16991,29
2026-01-07 03:47:00,1.1697700000000002,1.16982,1.1697700000000002,1.16978,1.16991,1.16996,1.16991,1.16992,26
2026-01-07 03:48:00,1.16978,1.16982,1.16978,1.16981,1.16992,1.16995,1.16991,1.16994,42
2026-01-07 03:49:00,1.16981,1.1698700000000002,1.1698000000000002,1.16981,1.16994,1.17001,1.16994,1.16995,66
2026-01-07 03:50:00,1.16981,1.1698400000000002,1.16978,1.1698000000000002,1.16995,1.16998,1.16991,1.16994,44
2026-01-07 03:51:00,1.1698000000000002,1.16981,1.16976,1.1698000000000002,1.16994,1.16994,1.1699,1.16993,40
2026-01-07 03:52:00,1.1698000000000002,1.16983,1.1697700000000002,1.16981,1.16993,1.16996,1.16991,1.16995,45
2026-01-07 03:53:00,1.16981,1.1698700000000002,1.16981,1.16985,1.16995,1.17001,1.16995,1.16999,66
2026-01-07 03:54:00,1.16985,1.1699000000000002,1.1698400000000002,1.1698700000000002,1.16999,1.17004,1.16997,1.17001,131
2026-01-07 03:55:00,1.1698700000000002,1.1699000000000002,1.1698400000000002,1.1698700000000002,1.17001,1.17004,1.16997,1.17001,60
2026-01-07 03:56:00,1.1698700000000002,1.16989,1.16986,1.1698700000000002,1.17001,1.17003,1.17,1.17001,46
2026-01-07 03:57:00,1.1698700000000002,1.16989,1.16982,1.16982,1.17001,1.17003,1.16995,1.16995,65
2026-01-07 03:58:00,1.16982,1.16986,1.16979,1.1698000000000002,1.16995,1.16999,1.16992,1.16993,66
2026-01-07 03:59:00,1.1698000000000002,1.16982,1.16976,1.1698000000000002,1.16993,1.16996,1.1699,1.16994,74
2026-01-07 04:00:00,1.1698000000000002,1.16985,1.16979,1.16985,1.16994,1.16997,1.16993,1.16997,44
2026-01-07 04:01:00,1.16985,1.1699000000000002,1.16983,1.16988,1.16997,1.17004,1.16996,1.17002,76
2026-01-07 04:02:00,1.16988,1.1699700000000002,1.1698700000000002,1.16996,1.17002,1.1701,1.17002,1.1701,49
2026-01-07 04:03:00,1.16996,1.1699700000000002,1.16991,1.16993,1.1701,1.17011,1.17005,1.17007,93
2026-01-07 04:04:00,1.16993,1.17003,1.16993,1.17003,1.17007,1.17016,1.17006,1.17016,86
2026-01-07 04:05:00,1.17003,1.17005,1.16996,1.16999,1.17016,1.17018,1.1701,1.17012,72
2026-01-07 04:06:00,1.16999,1.17005,1.1699700000000002,1.17002,1.17012,1.17019,1.17011,1.17016,71
2026-01-07 04:07:00,1.17002,1.17013,1.17002,1.1701,1.17016,1.17027,1.17015,1.17023,80
2026-01-07 04:08:00,1.1701,1.17012,1.17006,1.1700700000000002,1.17023,1.17026,1.17019,1.1702,77
2026-01-07 04:09:00,1.1700700000000002,1.17015,1.1700700000000002,1.17013,1.1702,1.17029,1.1702,1.17027,126
2026-01-07 04:10:00,1.17013,1.1701400000000002,1.17006,1.1700700000000002,1.17027,1.17027,1.17019,1.17021,68
2026-01-07 04:11:00,1.1700700000000002,1.17015,1.1700400000000002,1.17009,1.17021,1.17029,1.17017,1.17022,84
2026-01-07 04:12:00,1.17009,1.1701100000000002,1.16995,1.1700000000000002,1.17022,1.17024,1.17009,1.17014,96
2026-01-07 04:13:00,1.1700000000000002,1.1700100000000002,1.16991,1.1699400000000002,1.17014,1.17015,1.17005,1.17007,60
2026-01-07 04:14:00,1.1699400000000002,1.16999,1.1699000000000002,1.16992,1.17007,1.17013,1.17004,1.17006,75
2026-01-07 04:15:00,1.16992,1.1699400000000002,1.1698700000000002,1.16989,1.17006,1.17007,1.17,1.17003,77
2026-01-07 04:16:00,1.16989,1.16995,1.1698400000000002,1.16988,1.17003,1.17008,1.16998,1.17001,86
2026-01-07 04:17:00,1.16988,1.1699000000000002,1.1697000000000002,1.16972,1.17001,1.17003,1.16983,1.16986,162
2026-01-07 04:18:00,1.16972,1.16974,1.16971,1.1697300000000002,1.16986,1.16987,1.16984,1.16985,27
2026-01-07 04:19:00,1.1697300000000002,1.1697700000000002,1.16961,1.16966,1.16985,1.1699,1.16975,1.16979,89
2026-01-07 04:20:00,1.16966,1.16972,1.16966,1.16971,1.16979,1.16984,1.16979,1.16984,102
2026-01-07 04:21:00,1.16971,1.1697300000000002,1.1696700000000002,1.1697300000000002,1.16984,1.16986,1.1698,1.16985,45
2026-01-07 04:22:00,1.1697300000000002,1.1697300000000002,1.1696300000000002,1.16964,1.16985,1.16986,1.16975,1.16977,63
2026-01-07 04:23:00,1.16964,1.16969,1.16962,1.16965,1.16977,1.16981,1.16975,1.16977,73
2026-01-07 04:24:00,1.16965,1.16966,1.16951,1.16958,1.16977,1.16979,1.16964,1.16971,129
2026-01-07 04:25:00,1.16958,1.16961,1.1695000000000002,1.1695300000000002,1.16971,1.16973,1.16964,1.16966,104
2026-01-07 04:26:00,1.1695300000000002,1.1695600000000002,1.16949,1.16955,1.16966,1.16969,1.16962,1.16967,108
2026-01-07 04:27:00,1.16955,1.16959,1.16944,1.1694600000000002,1.16967,1.16972,1.16956,1.16958,174
2026-01-07 04:28:00,1.1694600000000002,1.16949,1.16942,1.1694600000000002,1.16958,1.16962,1.16956,1.16958,161
2026-01-07 04:29:00,1.1694600000000002,1.16947,1.16944,1.16944,1.16958,1.1696,1.16956,1.16956,108
2026-01-07 04:30:00,1.16944,1.1695300000000002,1.16944,1.16951,1.16956,1.16966,1.16956,1.16964,84
2026-01-07 04:31:00,1.16951,1.16957,1.16951,1.16952,1.16964,1.1697,1.16964,1.16964,82
2026-01-07 04:32:00,1.16952,1.16952,1.16945,1.1694600000000002,1.16964,1.16964,1.16958,1.16959,68
2026-01-07 04:33:00,1.1694600000000002,1.16947,1.1693,1.1693,1.16959,1.16959,1.16943,1.16943,81
2026-01-07 04:34:00,1.1693,1.16937,1.1693,1.1693600000000002,1.16943,1.16949,1.16943,1.16949,85
2026-01-07 04:35:00,1.1693600000000002,1.16942,1.1693300000000002,1.16942,1.16949,1.16955,1.16946,1.16955,55
2026-01-07 04:36:00,1.16942,1.16952,1.16941,1.16951,1.16955,1.16965,1.16953,1.16964,58
2026-01-07 04:37:00,1.16951,1.1695300000000002,1.16949,1.16952,1.16964,1.16965,1.16962,1.16965,75
2026-01-07 04:38:00,1.16952,1.16954,1.1695000000000002,1.16951,1.16965,1.16966,1.16963,1.16963,58
2026-01-07 04:39:00,1.16951,1.1695300000000002,1.16948,1.16948,1.16963,1.16965,1.16961,1.16961,44
2026-01-07 04:40:00,1.16948,1.16959,1.16948,1.16958,1.16961,1.16971,1.1696,1.1697,49
2026-01-07 04:41:00,1.16958,1.16958,1.16957,1.16958,1.1697,1.16971,1.1697,1.16971,20
2026-01-07 04:42:00,1.16958,1.16958,1.1695600000000002,1.16957,1.16971,1.16971,1.16968,1.16969,11
2026-01-07 04:43:00,1.16957,1.16964,1.16957,1.16961,1.16969,1.16978,1.16969,1.16974,57
2026-01-07 04:44:00,1.16961,1.16964,1.1696000000000002,1.16961,1.16974,1.16977,1.16973,1.16974,32
2026-01-07 04:45:00,1.16961,1.16962,1.1695600000000002,1.1696000000000002,1.16974,1.16976,1.16969,1.16973,42
2026-01-07 04:46:00,1.1696000000000002,1.1696000000000002,1.16955,1.1695600000000002,1.16973,1.16973,1.16969,1.1697,27
2026-01-07 04:47:00,1.1695600000000002,1.16957,1.16954,1.16957,1.1697,1.1697,1.16968,1.1697,24
2026-01-07 04:48:00,1.16957,1.16962,1.16955,1.16962,1.1697,1.16974,1.16969,1.16974,42
2026-01-07 04:49:00,1.16962,1.1696300000000002,1.16955,1.1695600000000002,1.16974,1.16977,1.16969,1.16969,72
2026-01-07 04:50:00,1.1695600000000002,1.1696000000000002,1.16955,1.1695600000000002,1.16969,1.16972,1.16968,1.16969,58
2026-01-07 04:51:00,1.1695600000000002,1.1696000000000002,1.16937,1.16937,1.16969,1.16972,1.1695,1.1695,147
2026-01-07 04:52:00,1.16937,1.16945,1.16935,1.16944,1.1695,1.16957,1.16948,1.16956,86
2026-01-07 04:53:00,1.16944,1.16944,1.1693,1.16931,1.16956,1.16957,1.16943,1.16943,117
2026-01-07 04:54:00,1.16931,1.16931,1.1692600000000002,1.1692900000000002,1.16943,1.16944,1.16938,1.16942,203
2026-01-07 04:55:00,1.1692900000000002,1.1693,1.16922,1.16927,1.16942,1.16942,1.16935,1.16939,86
2026-01-07 04:56:00,1.16927,1.16927,1.16911,1.16911,1.16939,1.1694,1.16925,1.16925,72
2026-01-07 04:57:00,1.16911,1.16913,1.16905,1.1690600000000002,1.16925,1.16927,1.16918,1.16919,49
2026-01-07 04:58:00,1.1690600000000002,1.1691,1.1690600000000002,1.16908,1.16919,1.16924,1.16919,1.16921,25
2026-01-07 04:59:00,1.16908,1.16911,1.16905,1.1690600000000002,1.16921,1.16925,1.16919,1.16919,37
2026-01-07 05:00:00,1.1690600000000002,1.16911,1.16904,1.16905,1.16919,1.16924,1.16917,1.16919,122
2026-01-07 05:01:00,1.16905,1.16921,1.16904,1.1691600000000002,1.16919,1.16934,1.16917,1.16929,75
2026-01-07 05:02:00,1.1691600000000002,1.16917,1.16913,1.16917,1.16929,1.1693099999999998,1.16926,1.1693,66
2026-01-07 05:03:00,1.16917,1.16931,1.1691600000000002,1.16931,1.1693,1.16945,1.1693,1.16945,55
2026-01-07 05:04:00,1.16931,1.16934,1.1693,1.16931,1.16945,1.16948,1.16944,1.16945,23
2026-01-07 05:05:00,1.16931,1.1693300000000002,1.16915,1.1691600000000002,1.16945,1.16947,1.16928,1.16929,105
2026-01-07 05:06:00,1.1691600000000002,1.1691600000000002,1.16907,1.16908,1.16929,1.16929,1.1692,1.16921,50
2026-01-07 05:07:00,1.16908,1.16918,1.16908,1.16911,1.16921,1.1693099999999998,1.16921,1.16924,65
2026-01-07 05:08:00,1.16911,1.1691900000000002,1.1691,1.16918,1.16924,1.16932,1.16923,1.1693099999999998,90
2026-01-07 05:09:00,1.16918,1.16927,1.16915,1.16918,1.1693099999999998,1.1694,1.16929,1.1693,127
2026-01-07 05:10:00,1.16918,1.16918,1.1691,1.16911,1.1693,1.1693099999999998,1.16923,1.16923,66
2026-01-07 05:11:00,1.16911,1.1691200000000002,1.1690600000000002,1.16911,1.16923,1.16924,1.16919,1.16923,74
2026-01-07 05:12:00,1.16911,1.16915,1.16911,1.16913,1.16923,1.16928,1.16923,1.16925,79
2026-01-07 05:13:00,1.16913,1.16914,1.16911,1.16913,1.16925,1.16927,1.16924,1.16926,37
2026-01-07 05:14:00,1.16913,1.16917,1.1691200000000002,1.1691600000000002,1.16926,1.1693,1.16925,1.16929,78
2026-01-07 05:15:00,1.1691600000000002,1.16922,1.16915,1.16921,1.16929,1.16935,1.16929,1.16934,46
2026-01-07 05:16:00,1.16921,1.16927,1.16918,1.16918,1.16934,1.1694,1.1693099999999998,1.16932,48
2026-01-07 05:17:00,1.16918,1.16922,1.16918,1.16921,1.16932,1.16935,1.1693099999999998,1.16934,26
2026-01-07 05:18:00,1.16921,1.16921,1.16918,1.16921,1.16934,1.16934,1.1693099999999998,1.16934,15
2026-01-07 05:19:00,1.16921,1.1692300000000002,1.1691900000000002,1.1691900000000002,1.16934,1.16936,1.16932,1.16932,38
2026-01-07 05:20:00,1.1691900000000002,1.16932,1.16917,1.16932,1.16932,1.16945,1.1693,1.16944,48
2026-01-07 05:21:00,1.16932,1.16932,1.16921,1.16925,1.16944,1.16944,1.16934,1.16937,42
2026-01-07 05:22:00,1.16925,1.1693,1.16924,1.1692900000000002,1.16937,1.16943,1.16937,1.16942,62
2026-01-07 05:23:00,1.1692900000000002,1.1693300000000002,1.1692,1.16921,1.16942,1.16947,1.16932,1.16933,93
2026-01-07 05:24:00,1.16921,1.16921,1.16917,1.16918,1.16933,1.16933,1.1693,1.1693,38
2026-01-07 05:25:00,1.16918,1.1691900000000002,1.1691600000000002,1.16917,1.1693,1.16932,1.16928,1.1693,40
2026-01-07 05:26:00,1.16917,1.16921,1.16917,1.16917,1.1693,1.16933,1.16929,1.16929,40
2026-01-07 05:27:00,1.16917,1.16921,1.16915,1.16917,1.16929,1.16934,1.16927,1.16929,67
2026-01-07 05:28:00,1.16917,1.1691900000000002,1.16915,1.16917,1.16929,1.16932,1.16927,1.16929,51
2026-01-07 05:29:00,1.16917,1.16921,1.1691600000000002,1.1692,1.16929,1.16933,1.16928,1.16932,49
2026-01-07 05:30:00,1.1692,1.16921,1.1690900000000002,1.1690900000000002,1.16932,1.16934,1.16922,1.16922,59
2026-01-07 05:31:00,1.1690900000000002,1.16913,1.1690900000000002,1.1691,1.16922,1.16927,1.16922,1.16923,50
2026-01-07 05:32:00,1.1691,1.16911,1.16908,1.16908,1.16923,1.16924,1.1692,1.1692,35
2026-01-07 05:33:00,1.16908,1.1691200000000002,1.16907,1.16911,1.1692,1.16925,1.1692,1.16924,79
2026-01-07 05:34:00,1.16911,1.16921,1.16911,1.1692,1.16924,1.16933,1.16924,1.16933,76
2026-01-07 05:35:00,1.1692,1.1692300000000002,1.1692,1.1692300000000002,1.16933,1.16937,1.16933,1.16936,79
2026-01-07 05:36:00,1.1692300000000002,1.16924,1.16913,1.16917,1.16936,1.16937,1.16926,1.1693099999999998,51
2026-01-07 05:37:00,1.16917,1.16928,1.16917,1.16925,1.1693099999999998,1.16941,1.1693,1.16938,66
2026-01-07 05:38:00,1.16925,1.16927,1.1692,1.16922,1.16938,1.16939,1.16932,1.16935,70
2026-01-07 05:39:00,1.16922,1.16922,1.16918,1.1691900000000002,1.16935,1.16935,1.1693099999999998,1.1693099999999998,55
2026-01-07 05:40:00,1.1691900000000002,1.16925,1.1691900000000002,1.1692,1.1693099999999998,1.16937,1.1693099999999998,1.16932,82
2026-01-07 05:41:00,1.1692,1.1692300000000002,1.16915,1.16921,1.16932,1.16936,1.16928,1.16933,78
2026-01-07 05:42:00,1.16921,1.16921,1.16913,1.1691900000000002,1.16933,1.16934,1.16926,1.16933,125
2026-01-07 05:43:00,1.1691900000000002,1.1691900000000002,1.16911,1.16911,1.16933,1.16933,1.16924,1.16924,113
2026-01-07 05:44:00,1.16911,1.1691200000000002,1.16907,1.1690900000000002,1.16924,1.16924,1.16919,1.16922,61
2026-01-07 05:45:00,1.1690900000000002,1.1691,1.1690600000000002,1.16907,1.16922,1.16923,1.16918,1.16919,84
2026-01-07 05:46:00,1.16907,1.1691200000000002,1.1690600000000002,1.16908,1.16919,1.16925,1.16919,1.16921,63
2026-01-07 05:47:00,1.16908,1.16913,1.16908,1.1691200000000002,1.16921,1.16927,1.1692,1.16925,80
2026-01-07 05:48:00,1.1691200000000002,1.16913,1.1690900000000002,1.16911,1.16925,1.16926,1.16921,1.16923,94
2026-01-07 05:49:00,1.16911,1.16915,1.1691,1.16913,1.16923,1.16928,1.16922,1.16926,94
2026-01-07 05:50:00,1.16913,1.1691900000000002,1.1691200000000002,1.16915,1.16926,1.1693099999999998,1.16925,1.16929,72
2026-01-07 05:51:00,1.16915,1.16917,1.1691,1.1691200000000002,1.16929,1.1693,1.16923,1.16924,78
2026-01-07 05:52:00,1.1691200000000002,1.1691900000000002,1.16911,1.1691600000000002,1.16924,1.16932,1.16923,1.16928,81
2026-01-07 05:53:00,1.1691600000000002,1.1692600000000002,1.1691600000000002,1.16924,1.16928,1.16939,1.16928,1.16938,64
2026-01-07 05:54:00,1.16924,1.16927,1.16922,1.1692600000000002,1.16938,1.16939,1.16934,1.16939,81
2026-01-07 05:55:00,1.1692600000000002,1.16932,1.16925,1.1693,1.16939,1.16945,1.16938,1.16943,94
2026-01-07 05:56:00,1.1693,1.16937,1.1693,1.16934,1.16943,1.1695,1.16943,1.16947,54
2026-01-07 05:57:00,1.16934,1.16935,1.1693,1.16931,1.16947,1.16948,1.16943,1.16944,62
2026-01-07 05:58:00,1.16931,1.1693300000000002,1.16927,1.16928,1.16944,1.16947,1.1694,1.16941,80
2026-01-07 05:59:00,1.16928,1.1692900000000002,1.1692,1.16925,1.16941,1.16942,1.16934,1.16938,69
2026-01-07 06:00:00,1.16925,1.16932,1.16924,1.1692900000000002,1.16938,1.16945,1.16938,1.16943,56
2026-01-07 06:01:00,1.1692900000000002,1.16931,1.16927,1.16931,1.16943,1.16945,1.1694,1.16944,59
2026-01-07 06:02:00,1.16931,1.1693300000000002,1.1693,1.16931,1.16944,1.16947,1.16942,1.16945,83
2026-01-07 06:03:00,1.16931,1.1693300000000002,1.1692900000000002,1.16931,1.16945,1.16946,1.16943,1.16944,38
2026-01-07 06:04:00,1.16931,1.16932,1.1692,1.1692600000000002,1.16944,1.16945,1.16933,1.16939,65
2026-01-07 06:05:00,1.1692600000000002,1.1692900000000002,1.1692600000000002,1.16928,1.16939,1.16943,1.16938,1.16941,53
2026-01-07 06:06:00,1.16928,1.1693,1.1691900000000002,1.16921,1.16941,1.16944,1.16933,1.16934,38
2026-01-07 06:07:00,1.16921,1.1692600000000002,1.16921,1.1692300000000002,1.16934,1.1694,1.16934,1.16936,32
2026-01-07 06:08:00,1.1692300000000002,1.1693,1.16921,1.16927,1.16936,1.16943,1.16934,1.16941,49
2026-01-07 06:09:00,1.16927,1.16928,1.1692300000000002,1.1692300000000002,1.16941,1.16941,1.16936,1.16936,29
2026-01-07 06:10:00,1.1692300000000002,1.1692300000000002,1.16915,1.1692300000000002,1.16936,1.16937,1.16928,1.16936,82
2026-01-07 06:11:00,1.1692300000000002,1.1692300000000002,1.1691600000000002,1.16918,1.16936,1.16936,1.16929,1.1693099999999998,55
2026-01-07 06:12:00,1.16918,1.1691900000000002,1.16917,1.16918,1.1693099999999998,1.16932,1.16929,1.1693099999999998,50
2026-01-07 06:13:00,1.16918,1.16925,1.16918,1.1692300000000002,1.1693099999999998,1.16939,1.1693099999999998,1.16936,62
2026-01-07 06:14:00,1.1692300000000002,1.16924,1.1692,1.1692300000000002,1.16936,1.16937,1.16933,1.16936,39
2026-01-07 06:15:00,1.1692300000000002,1.16925,1.16922,1.1692300000000002,1.16936,1.16938,1.16935,1.16936,44
2026-01-07 06:16:00,1.1692300000000002,1.1692900000000002,1.16921,1.16928,1.16936,1.16941,1.16934,1.16941,57
2026-01-07 06:17:00,1.16928,1.1692900000000002,1.1692300000000002,1.16924,1.16941,1.16942,1.16936,1.16936,52
2026-01-07 06:18:00,1.16924,1.16928,1.16921,1.16922,1.16936,1.16941,1.16933,1.16936,71
2026-01-07 06:19:00,1.16922,1.16924,1.16921,1.16922,1.16936,1.16937,1.16934,1.16935,37
2026-01-07 06:20:00,1.16922,1.16932,1.16922,1.16932,1.16935,1.16945,1.16935,1.16945,65
2026-01-07 06:21:00,1.16932,1.1693300000000002,1.16928,1.16931,1.16945,1.16945,1.16941,1.16944,81
2026-01-07 06:22:00,1.16931,1.16932,1.1692600000000002,1.16928,1.16944,1.16946,1.16939,1.16941,69
2026-01-07 06:23:00,1.16928,1.16932,1.1692600000000002,1.16928,1.16941,1.16946,1.1694,1.16941,48
2026-01-07 06:24:00,1.16928,1.16934,1.1692600000000002,1.16934,1.16941,1.16948,1.16939,1.16946,49
2026-01-07 06:25:00,1.16934,1.16934,1.1692600000000002,1.16928,1.16946,1.16947,1.16939,1.16941,71
2026-01-07 06:26:00,1.16928,1.16932,1.16927,1.16931,1.16941,1.16945,1.1694,1.16944,48
2026-01-07 06:27:00,1.16931,1.16938,1.1693,1.16937,1.16944,1.16951,1.16943,1.16949,59
2026-01-07 06:28:00,1.16937,1.1693900000000002,1.16935,1.16937,1.16949,1.16951,1.16949,1.1695,38
2026-01-07 06:29:00,1.16937,1.16948,1.16937,1.16947,1.1695,1.16961,1.1695,1.1696,80
2026-01-07 06:30:00,1.16947,1.1695300000000002,1.16947,1.16948,1.1696,1.16966,1.1696,1.16961,56
2026-01-07 06:31:00,1.16948,1.16949,1.16934,1.1693600000000002,1.16961,1.16963,1.16946,1.16948,74
2026-01-07 06:32:00,1.1693600000000002,1.16937,1.1693,1.1693300000000002,1.16948,1.16949,1.16942,1.16946,118
2026-01-07 06:33:00,1.1693300000000002,1.1693300000000002,1.16928,1.16931,1.16946,1.16947,1.16941,1.16944,83
2026-01-07 06:34:00,1.16931,1.1693300000000002,1.1692600000000002,1.16931,1.16944,1.16946,1.16938,1.16944,52
2026-01-07 06:35:00,1.16931,1.16934,1.16927,1.1693300000000002,1.16944,1.16947,1.1694,1.16946,62
2026-01-07 06:36:00,1.1693300000000002,1.16944,1.16928,1.1694300000000002,1.16946,1.16956,1.1694,1.16955,92
2026-01-07 06:37:00,1.1694300000000002,1.16944,1.16937,1.16937,1.16955,1.16957,1.16949,1.1695,72
2026-01-07 06:38:00,1.16937,1.16947,1.1693300000000002,1.1693300000000002,1.1695,1.1696,1.16945,1.16946,98
2026-01-07 06:39:00,1.1693300000000002,1.16944,1.1693,1.16942,1.16946,1.16956,1.16942,1.16955,88
2026-01-07 06:40:00,1.16942,1.16948,1.1694,1.16948,1.16955,1.16961,1.16954,1.16961,62
2026-01-07 06:41:00,1.16948,1.16952,1.16947,1.1695000000000002,1.16961,1.16966,1.16961,1.16964,47
2026-01-07 06:42:00,1.1695000000000002,1.16952,1.16944,1.16944,1.16964,1.16965,1.16957,1.16957,64
2026-01-07 06:43:00,1.16944,1.1694600000000002,1.1693900000000002,1.1694,1.16957,1.16959,1.16953,1.16953,91
2026-01-07 06:44:00,1.1694,1.1694,1.16934,1.16935,1.16953,1.16954,1.16948,1.16948,57
2026-01-07 06:45:00,1.16935,1.1694,1.16932,1.1693900000000002,1.16948,1.16953,1.16944,1.16952,90
2026-01-07 06:46:00,1.1693900000000002,1.16941,1.1693600000000002,1.1694,1.16952,1.16954,1.16949,1.16953,96
2026-01-07 06:47:00,1.1694,1.1694600000000002,1.1694,1.1694300000000002,1.16953,1.1696,1.16952,1.16955,87
2026-01-07 06:48:00,1.1694300000000002,1.16944,1.16938,1.16941,1.16955,1.16957,1.1695,1.16954,77
2026-01-07 06:49:00,1.16941,1.16948,1.1694,1.16948,1.16954,1.16961,1.16954,1.1696,47
2026-01-07 06:50:00,1.16948,1.16959,1.16945,1.16959,1.1696,1.16973,1.16958,1.16972,40
2026-01-07 06:51:00,1.16959,1.16979,1.16958,1.16978,1.16972,1.16991,1.1697,1.1699,80
2026-01-07 06:52:00,1.16978,1.16992,1.16978,1.16986,1.1699,1.17004,1.1699,1.16999,83
2026-01-07 06:53:00,1.16986,1.16986,1.16972,1.1697700000000002,1.16999,1.16999,1.16984,1.1699,112
2026-01-07 06:54:00,1.1697700000000002,1.16986,1.1697300000000002,1.16983,1.1699,1.16999,1.16985,1.16996,139
2026-01-07 06:55:00,1.16983,1.16983,1.1697300000000002,1.16978,1.16996,1.16996,1.16985,1.16992,74
2026-01-07 06:56:00,1.16978,1.16981,1.16974,1.16975,1.16992,1.16994,1.16986,1.16987,61
2026-01-07 06:57:00,1.16975,1.16981,1.16971,1.16972,1.16987,1.16995,1.16985,1.16985,84
2026-01-07 06:58:00,1.16972,1.16972,1.16962,1.16962,1.16985,1.16985,1.16976,1.16976,46
2026-01-07 06:59:00,1.16962,1.16972,1.16959,1.1697000000000002,1.16976,1.16985,1.16972,1.16983,63
2026-01-07 07:00:00,1.1697000000000002,1.16971,1.1695600000000002,1.16957,1.16983,1.16985,1.16969,1.16969,91
2026-01-07 07:01:00,1.16957,1.1696000000000002,1.16951,1.1695600000000002,1.16969,1.16973,1.16964,1.16969,91
2026-01-07 07:02:00,1.1695600000000002,1.16968,1.16949,1.16961,1.16969,1.16981,1.16962,1.16974,167
2026-01-07 07:03:00,1.16961,1.1696700000000002,1.16951,1.16965,1.16974,1.1698,1.16964,1.16977,87
2026-01-07 07:04:00,1.16965,1.16975,1.16965,1.16972,1.16977,1.16988,1.16977,1.16986,107
2026-01-07 07:05:00,1.16972,1.1697300000000002,1.16965,1.16966,1.16986,1.16986,1.16978,1.16979,150
2026-01-07 07:06:00,1.16966,1.16966,1.16952,1.16966,1.16979,1.1698,1.16964,1.16979,148
2026-01-07 07:07:00,1.16966,1.16971,1.16964,1.16969,1.16979,1.16985,1.16977,1.16982,115
2026-01-07 07:08:00,1.16969,1.1697300000000002,1.16965,1.16968,1.16982,1.16986,1.16978,1.16981,89
2026-01-07 07:09:00,1.16968,1.1697300000000002,1.1696700000000002,1.1697300000000002,1.16981,1.16986,1.1698,1.16986,78
2026-01-07 07:10:00,1.1697300000000002,1.16983,1.1697000000000002,1.1697700000000002,1.16986,1.16997,1.16983,1.1699,106
2026-01-07 07:11:00,1.1697700000000002,1.1697700000000002,1.1695000000000002,1.16955,1.1699,1.1699,1.16964,1.16969,131
2026-01-07 07:12:00,1.16955,1.16962,1.16951,1.16961,1.16969,1.16975,1.16964,1.16974,108
2026-01-07 07:13:00,1.16961,1.16962,1.16948,1.16948,1.16974,1.16975,1.16961,1.16961,138
2026-01-07 07:14:00,1.16948,1.1695300000000002,1.16941,1.16941,1.16961,1.16966,1.16954,1.16955,73
2026-01-07 07:15:00,1.16941,1.16942,1.1690600000000002,1.1692,1.16955,1.16955,1.1692,1.16935,141
2026-01-07 07:16:00,1.1692,1.1692900000000002,1.1692,1.16925,1.16935,1.16942,1.16934,1.16939,52
2026-01-07 07:17:00,1.16925,1.16925,1.16911,1.1691600000000002,1.16939,1.16939,1.16924,1.1693,88
2026-01-07 07:18:00,1.1691600000000002,1.16928,1.16914,1.16917,1.1693,1.16942,1.16928,1.1693,103
2026-01-07 07:19:00,1.16917,1.16922,1.16915,1.1691900000000002,1.1693,1.16936,1.16927,1.16933,51
2026-01-07 07:20:00,1.1691900000000002,1.16928,1.1691600000000002,1.16922,1.16933,1.16942,1.1693,1.16935,99
2026-01-07 07:21:00,1.16922,1.1693,1.1691900000000002,1.16927,1.16935,1.16944,1.16932,1.1694,86
2026-01-07 07:22:00,1.16927,1.16932,1.16914,1.16915,1.1694,1.16946,1.16927,1.16928,68
2026-01-07 07:23:00,1.16915,1.16915,1.1690600000000002,1.16907,1.16928,1.16928,1.16918,1.1692,82
2026-01-07 07:24:00,1.16907,1.1690900000000002,1.16903,1.16908,1.1692,1.16922,1.16915,1.16921,74
2026-01-07 07:25:00,1.16908,1.1691200000000002,1.1690600000000002,1.16907,1.16921,1.16925,1.16919,1.1692,77
2026-01-07 07:26:00,1.16907,1.1691,1.16903,1.16904,1.1692,1.16924,1.16918,1.16918,43
2026-01-07 07:27:00,1.16904,1.1691200000000002,1.16901,1.16904,1.16918,1.16924,1.16914,1.16916,98
2026-01-07 07:28:00,1.16904,1.1691200000000002,1.16901,1.16907,1.16916,1.16925,1.16915,1.1692,57
2026-01-07 07:29:00,1.16907,1.16908,1.16901,1.16904,1.1692,1.16922,1.16914,1.16917,76
2026-01-07 07:30:00,1.16904,1.16904,1.16893,1.16893,1.16917,1.16917,1.16906,1.16907,118
2026-01-07 07:31:00,1.16893,1.16894,1.16874,1.1687800000000002,1.16907,1.16907,1.16887,1.16891,148
2026-01-07 07:32:00,1.1687800000000002,1.1689,1.1687800000000002,1.16884,1.16891,1.16903,1.16891,1.16898,201
2026-01-07 07:33:00,1.16884,1.16884,1.16853,1.16856,1.16898,1.16898,1.16869,1.16871,178
2026-01-07 07:34:00,1.16856,1.16861,1.16847,1.16857,1.16871,1.16873,1.16862,1.1687,87
2026-01-07 07:35:00,1.16857,1.16866,1.16846,1.16846,1.1687,1.16879,1.1686,1.1686,125
2026-01-07 07:36:00,1.16846,1.16846,1.1682100000000002,1.16823,1.1686,1.1686,1.16834,1.16836,219
2026-01-07 07:37:00,1.16823,1.16833,1.16822,1.1682800000000002,1.16836,1.16847,1.16835,1.16841,132
2026-01-07 07:38:00,1.1682800000000002,1.1682800000000002,1.16813,1.1681400000000002,1.16841,1.16841,1.16827,1.16829,116
2026-01-07 07:39:00,1.1681400000000002,1.1682800000000002,1.1681100000000002,1.16822,1.16829,1.16841,1.16826,1.16836,119
2026-01-07 07:40:00,1.16822,1.1683,1.1681100000000002,1.16812,1.16836,1.16843,1.16825,1.16826,145
2026-01-07 07:41:00,1.16812,1.16827,1.1681100000000002,1.16819,1.16826,1.16841,1.16824,1.16832,134
2026-01-07 07:42:00,1.16819,1.1682800000000002,1.16819,1.16827,1.16832,1.16841,1.16832,1.16839,141
2026-01-07 07:43:00,1.16827,1.16832,1.16819,1.16826,1.16839,1.16845,1.16831,1.16838,125
2026-01-07 07:44:00,1.16826,1.16866,1.16826,1.16866,1.16838,1.1688,1.16838,1.1688,167
2026-01-07 07:45:00,1.16866,1.16869,1.1684,1.1684100000000002,1.1688,1.16882,1.16855,1.16856,220
2026-01-07 07:46:00,1.1684100000000002,1.16847,1.1683100000000002,1.16835,1.16856,1.16861,1.16844,1.16848,59
2026-01-07 07:47:00,1.16835,1.16835,1.16805,1.1680700000000002,1.16848,1.16848,1.16819,1.16821,107
2026-01-07 07:48:00,1.1680700000000002,1.16808,1.16798,1.16806,1.16821,1.16821,1.16811,1.16819,82
2026-01-07 07:49:00,1.16806,1.16813,1.16798,1.1681100000000002,1.16819,1.16827,1.1681,1.16824,128
2026-01-07 07:50:00,1.1681100000000002,1.16812,1.16786,1.1681,1.16824,1.16824,1.168,1.16823,142
2026-01-07 07:51:00,1.1681,1.1681,1.16786,1.16791,1.16823,1.16824,1.16799,1.16804,169
2026-01-07 07:52:00,1.16791,1.1680700000000002,1.16781,1.1680400000000002,1.16804,1.16821,1.16794,1.16818,127
2026-01-07 07:53:00,1.1680400000000002,1.1680400000000002,1.16796,1.168,1.16818,1.16818,1.16808,1.16813,110
2026-01-07 07:54:00,1.168,1.16822,1.16798,1.16822,1.16813,1.16836,1.16811,1.16836,122
2026-01-07 07:55:00,1.16822,1.1682800000000002,1.1681700000000002,1.16826,1.16836,1.16842,1.1683,1.1684,133
2026-01-07 07:56:00,1.16826,1.1683800000000002,1.1682,1.1683100000000002,1.1684,1.16852,1.16833,1.16844,145
2026-01-07 07:57:00,1.1683100000000002,1.16853,1.1683100000000002,1.16846,1.16844,1.16866,1.16844,1.1686,143
2026-01-07 07:58:00,1.16846,1.1684800000000002,1.16836,1.1684500000000002,1.1686,1.16862,1.16849,1.16859,109
2026-01-07 07:59:00,1.1684500000000002,1.1684500000000002,1.1682,1.1682,1.16859,1.16859,1.16834,1.16836,180
2026-01-07 08:00:00,1.1682,1.16822,1.1680700000000002,1.1681700000000002,1.16836,1.16837,1.1682,1.16831,353
2026-01-07 08:01:00,1.1681700000000002,1.16837,1.1681,1.1682100000000002,1.16831,1.1685,1.16823,1.16834,356
2026-01-07 08:02:00,1.1682100000000002,1.1682100000000002,1.1679700000000002,1.1680100000000002,1.16834,1.16834,1.16811,1.16815,239
2026-01-07 08:03:00,1.1680100000000002,1.16808,1.1677700000000002,1.16781,1.16815,1.16821,1.16792,1.16794,180
2026-01-07 08:04:00,1.16781,1.16793,1.1678000000000002,1.16785,1.16794,1.16807,1.16794,1.16799,219
2026-01-07 08:05:00,1.16785,1.16789,1.1677700000000002,1.1678400000000002,1.16799,1.16801,1.16789,1.16796,163
2026-01-07 08:06:00,1.1678400000000002,1.16786,1.1677000000000002,1.16776,1.16796,1.16799,1.16783,1.16789,124
2026-01-07 08:07:00,1.16776,1.16778,1.16765,1.1677700000000002,1.16789,1.16791,1.16778,1.1679,162
2026-01-07 08:08:00,1.1677700000000002,1.16789,1.16771,1.16775,1.1679,1.16801,1.16784,1.16788,252
2026-01-07 08:09:00,1.16775,1.16778,1.1676300000000002,1.16768,1.16788,1.1679,1.16777,1.1678,221
2026-01-07 08:10:00,1.16768,1.16776,1.16765,1.16771,1.1678,1.16789,1.16778,1.16784,121
2026-01-07 08:11:00,1.16771,1.16772,1.16759,1.1676000000000002,1.16784,1.16785,1.16772,1.16773,98
2026-01-07 08:12:00,1.1676000000000002,1.1677300000000002,1.16759,1.16771,1.16773,1.16786,1.16771,1.16784,163
2026-01-07 08:13:00,1.16771,1.16774,1.1675600000000002,1.1676300000000002,1.16784,1.16787,1.16769,1.16776,125
2026-01-07 08:14:00,1.1676300000000002,1.16771,1.1675600000000002,1.16761,1.16776,1.16784,1.16768,1.16773,157
2026-01-07 08:15:00,1.16761,1.16768,1.1675000000000002,1.16755,1.16773,1.16781,1.16763,1.16769,132
2026-01-07 08:16:00,1.16755,1.16766,1.1675000000000002,1.16766,1.16769,1.16779,1.16764,1.16779,124
2026-01-07 08:17:00,1.16766,1.1678700000000002,1.16764,1.1678700000000002,1.16779,1.168,1.16778,1.168,145
2026-01-07 08:18:00,1.1678700000000002,1.1679700000000002,1.16783,1.16785,1.168,1.1681,1.16795,1.16798,155
2026-01-07 08:19:00,1.16785,1.16796,1.16781,1.16782,1.16798,1.16809,1.16794,1.16794,157
2026-01-07 08:20:00,1.16782,1.16782,1.16765,1.1678000000000002,1.16794,1.16795,1.16779,1.16792,193
2026-01-07 08:21:00,1.1678000000000002,1.16785,1.16772,1.16783,1.16792,1.16797,1.16784,1.16796,136
2026-01-07 08:22:00,1.16783,1.16785,1.16776,1.1678000000000002,1.16796,1.16798,1.16789,1.16794,88
2026-01-07 08:23:00,1.1678000000000002,1.1678000000000002,1.16755,1.1676000000000002,1.16794,1.16794,1.16767,1.16775,145
2026-01-07 08:24:00,1.1676000000000002,1.1676700000000002,1.16755,1.16755,1.16775,1.16781,1.16768,1.16768,135
2026-01-07 08:25:00,1.16755,1.16757,1.1674600000000002,1.16747,1.16768,1.1677,1.1676,1.1676,174
2026-01-07 08:26:00,1.16747,1.16755,1.1674600000000002,1.16755,1.1676,1.16769,1.16759,1.16769,111
2026-01-07 08:27:00,1.16755,1.16755,1.1672300000000002,1.16738,1.16769,1.16769,1.16736,1.1675,291
2026-01-07 08:28:00,1.16738,1.16748,1.1672300000000002,1.16748,1.1675,1.16761,1.16736,1.1676,220
2026-01-07 08:29:00,1.16748,1.1675000000000002,1.16744,1.16747,1.1676,1.16763,1.16757,1.16759,123
2026-01-07 08:30:00,1.16747,1.16782,1.16747,1.1677700000000002,1.16759,1.16795,1.16759,1.16789,309
2026-01-07 08:31:00,1.1677700000000002,1.16782,1.16771,1.1677300000000002,1.16789,1.16796,1.16784,1.16786,140
2026-01-07 08:32:00,1.1677300000000002,1.16778,1.16771,1.16772,1.16786,1.16792,1.16783,1.16786,135
2026-01-07 08:33:00,1.16772,1.16772,1.16766,1.16772,1.16786,1.16786,1.16778,1.16785,121
2026-01-07 08:34:00,1.16772,1.1679000000000002,1.16772,1.16781,1.16785,1.16803,1.16785,1.16794,121
2026-01-07 08:35:00,1.16781,1.16802,1.16781,1.16793,1.16794,1.16815,1.16794,1.16805,157
2026-01-07 08:36:00,1.16793,1.16806,1.1679000000000002,1.1680400000000002,1.16805,1.16819,1.16803,1.16817,148
2026-01-07 08:37:00,1.1680400000000002,1.16812,1.168,1.16812,1.16817,1.16825,1.16813,1.16825,113
2026-01-07 08:38:00,1.16812,1.1682400000000002,1.1681,1.16823,1.16825,1.16838,1.16824,1.16836,161
2026-01-07 08:39:00,1.16823,1.16829,1.16822,1.16823,1.16836,1.16842,1.16834,1.16835,48
2026-01-07 08:40:00,1.16823,1.16836,1.16818,1.16835,1.16835,1.1685,1.1683,1.16848,126
2026-01-07 08:41:00,1.16835,1.16835,1.16812,1.16812,1.16848,1.16848,1.16825,1.16825,215
2026-01-07 08:42:00,1.16812,1.16819,1.1680700000000002,1.1681,1.16825,1.16831,1.1682,1.16824,159
2026-01-07 08:43:00,1.1681,1.16818,1.16805,1.1681100000000002,1.16824,1.16831,1.16818,1.16825,132
2026-01-07 08:44:00,1.1681100000000002,1.16813,1.16806,1.16808,1.16825,1.16826,1.16819,1.16821,96
2026-01-07 08:45:00,1.16808,1.16819,1.16803,1.16818,1.16821,1.16832,1.16816,1.16831,133
2026-01-07 08:46:00,1.16818,1.16819,1.1681100000000002,1.1681700000000002,1.16831,1.16833,1.16825,1.16831,138
2026-01-07 08:47:00,1.1681700000000002,1.16827,1.16816,1.16822,1.16831,1.1684,1.16829,1.16836,135
2026-01-07 08:48:00,1.16822,1.1685100000000002,1.16822,1.1685100000000002,1.16836,1.16866,1.16836,1.16866,170
2026-01-07 08:49:00,1.1685100000000002,1.16853,1.1684500000000002,1.1684800000000002,1.16866,1.16867,1.16859,1.16861,101
2026-01-07 08:50:00,1.1684800000000002,1.16869,1.1684800000000002,1.1685500000000002,1.16861,1.16881,1.16861,1.16868,128
2026-01-07 08:51:00,1.1685500000000002,1.16856,1.1684,1.1684800000000002,1.16868,1.16868,1.16854,1.16861,84
2026-01-07 08:52:00,1.1684800000000002,1.1685500000000002,1.16846,1.1685500000000002,1.16861,1.16868,1.16859,1.16868,47
2026-01-07 08:53:00,1.1685500000000002,1.1686,1.16852,1.16859,1.16868,1.16874,1.16865,1.16872,61
2026-01-07 08:54:00,1.16859,1.16859,1.1683,1.1683400000000002,1.16872,1.16872,1.16844,1.16848,180
2026-01-07 08:55:00,1.1683400000000002,1.16847,1.1683400000000002,1.16836,1.16848,1.16861,1.16848,1.1685,115
2026-01-07 08:56:00,1.16836,1.1683800000000002,1.16826,1.16833,1.1685,1.16851,1.16839,1.16845,114
2026-01-07 08:57:00,1.16833,1.1683800000000002,1.1683100000000002,1.16837,1.16845,1.16851,1.16845,1.1685,103
2026-01-07 08:58:00,1.16837,1.1685100000000002,1.16837,1.16843,1.1685,1.16864,1.1685,1.16857,164
2026-01-07 08:59:00,1.16843,1.16853,1.16835,1.16852,1.16857,1.16868,1.16849,1.16867,157
2026-01-07 09:00:00,1.16852,1.16859,1.16836,1.1683800000000002,1.16867,1.16872,1.1685,1.16852,181
2026-01-07 09:01:00,1.1683800000000002,1.16863,1.1683800000000002,1.16853,1.16852,1.16877,1.16851,1.16866,212
2026-01-07 09:02:00,1.16853,1.16861,1.1684800000000002,1.16854,1.16866,1.16875,1.16861,1.16866,139
2026-01-07 09:03:00,1.16854,1.16863,1.16854,1.16863,1.16866,1.16877,1.16866,1.16876,67
2026-01-07 09:04:00,1.16863,1.16864,1.16859,1.16859,1.16876,1.16877,1.16872,1.16873,73
2026-01-07 09:05:00,1.16859,1.16859,1.16839,1.16843,1.16873,1.16873,1.16853,1.16856,84
2026-01-07 09:06:00,1.16843,1.1684800000000002,1.16816,1.1681700000000002,1.16856,1.16861,1.1683,1.1683,103
2026-01-07 09:07:00,1.1681700000000002,1.16832,1.16816,1.1682800000000002,1.1683,1.16845,1.1683,1.1684,145
2026-01-07 09:08:00,1.1682800000000002,1.1683400000000002,1.16823,1.16833,1.1684,1.16847,1.16837,1.16846,99
2026-01-07 09:09:00,1.16833,1.16856,1.1683,1.16854,1.16846,1.16868,1.16842,1.16867,177
2026-01-07 09:10:00,1.16854,1.16859,1.1684800000000002,1.1685,1.16867,1.16872,1.16862,1.16863,188
2026-01-07 09:11:00,1.1685,1.1685,1.16829,1.1684100000000002,1.16863,1.16863,1.16842,1.16853,180
2026-01-07 09:12:00,1.1684100000000002,1.1684100000000002,1.16827,1.1682800000000002,1.16853,1.16854,1.1684,1.16842,134
2026-01-07 09:13:00,1.1682800000000002,1.1683100000000002,1.1682,1.16823,1.16842,1.16845,1.16833,1.16836,106
2026-01-07 09:14:00,1.16823,1.16833,1.1681700000000002,1.16833,1.16836,1.16846,1.16831,1.16845,170
2026-01-07 09:15:00,1.16833,1.16833,1.16822,1.16823,1.16845,1.16845,1.16834,1.16835,143
2026-01-07 09:16:00,1.16823,1.16837,1.16815,1.16826,1.16835,1.16849,1.16828,1.16839,173
2026-01-07 09:17:00,1.16826,1.1683100000000002,1.16823,1.16823,1.16839,1.16843,1.16835,1.16836,81
2026-01-07 09:18:00,1.16823,1.16829,1.16812,1.16818,1.16836,1.16841,1.16826,1.1683,108
2026-01-07 09:19:00,1.16818,1.16818,1.1681,1.16816,1.1683,1.16831,1.16824,1.16829,115
2026-01-07 09:20:00,1.16816,1.16819,1.1681100000000002,1.16818,1.16829,1.16831,1.16823,1.1683,124
2026-01-07 09:21:00,1.16818,1.16819,1.16809,1.16813,1.1683,1.16831,1.16822,1.16826,155
2026-01-07 09:22:00,1.16813,1.1682400000000002,1.16813,1.1682400000000002,1.16826,1.16836,1.16825,1.16836,102
2026-01-07 09:23:00,1.1682400000000002,1.16827,1.16819,1.16827,1.16836,1.1684,1.16831,1.16839,96
2026-01-07 09:24:00,1.16827,1.16833,1.16826,1.16829,1.16839,1.16846,1.16838,1.16841,115
2026-01-07 09:25:00,1.16829,1.16833,1.16812,1.16813,1.16841,1.16846,1.16825,1.16826,112
2026-01-07 09:26:00,1.16813,1.1681400000000002,1.16809,1.1681100000000002,1.16826,1.16827,1.16822,1.16823,83
2026-01-07 09:27:00,1.1681100000000002,1.16822,1.1681100000000002,1.16822,1.16823,1.16834,1.16823,1.16834,44
2026-01-07 09:28:00,1.16822,1.16823,1.16816,1.16822,1.16834,1.16835,1.16829,1.16834,50
2026-01-07 09:29:00,1.16822,1.1683800000000002,1.16819,1.16837,1.16834,1.16851,1.16831,1.1685,75
2026-01-07 09:30:00,1.16837,1.1684800000000002,1.16827,1.16827,1.1685,1.16861,1.1684,1.1684,94
2026-01-07 09:31:00,1.16827,1.16827,1.1681,1.16812,1.1684,1.16841,1.16823,1.16825,65
2026-01-07 09:32:00,1.16812,1.1682,1.16806,1.1681700000000002,1.16825,1.16833,1.1682,1.1683,101
2026-01-07 09:33:00,1.1681700000000002,1.1682100000000002,1.16813,1.16818,1.1683,1.16834,1.16826,1.16831,115
2026-01-07 09:34:00,1.16818,1.16823,1.1681700000000002,1.16822,1.16831,1.16836,1.1683,1.16834,82
2026-01-07 09:35:00,1.16822,1.16826,1.16815,1.16825,1.16834,1.16839,1.16828,1.16838,88
2026-01-07 09:36:00,1.16825,1.1683800000000002,1.16818,1.16837,1.16838,1.16851,1.1683,1.1685,112
2026-01-07 09:37:00,1.16837,1.1683800000000002,1.1682400000000002,1.16827,1.1685,1.16851,1.16837,1.1684,118
2026-01-07 09:38:00,1.16827,1.1682800000000002,1.1682,1.16827,1.1684,1.16841,1.16833,1.16841,92
2026-01-07 09:39:00,1.16827,1.1683800000000002,1.16825,1.16837,1.16841,1.16851,1.16838,1.16851,107
2026-01-07 09:40:00,1.16837,1.1684,1.16833,1.16839,1.16851,1.16853,1.16846,1.16853,68
2026-01-07 09:41:00,1.16839,1.16846,1.16836,1.1684500000000002,1.16853,1.1686,1.16849,1.16858,94
2026-01-07 09:42:00,1.1684500000000002,1.16853,1.1684500000000002,1.1684800000000002,1.16858,1.16867,1.16858,1.16861,100
2026-01-07 09:43:00,1.1684800000000002,1.1686,1.16847,1.16859,1.16861,1.16874,1.16861,1.16872,92
2026-01-07 09:44:00,1.16859,1.16863,1.1685,1.1685,1.16872,1.16876,1.16863,1.16863,136
2026-01-07 09:45:00,1.1685,1.16852,1.16844,1.1684800000000002,1.16863,1.16865,1.16856,1.1686,90
2026-01-07 09:46:00,1.1684800000000002,1.1684800000000002,1.1682800000000002,1.1683100000000002,1.1686,1.1686,1.1684,1.16844,168
2026-01-07 09:47:00,1.1683100000000002,1.16849,1.1683100000000002,1.16849,1.16844,1.16864,1.16844,1.16864,98
2026-01-07 09:48:00,1.16849,1.16861,1.1684800000000002,1.1685800000000002,1.16864,1.16875,1.1686,1.16871,138
2026-01-07 09:49:00,1.1685800000000002,1.1686200000000002,1.16852,1.16856,1.16871,1.16875,1.16865,1.1687,74
2026-01-07 09:50:00,1.16856,1.16856,1.16839,1.1684100000000002,1.1687,1.1687,1.16852,1.16854,113
2026-01-07 09:51:00,1.1684100000000002,1.16846,1.16827,1.16836,1.16854,1.16859,1.16839,1.16849,147
2026-01-07 09:52:00,1.16836,1.16836,1.16825,1.16832,1.16849,1.16849,1.16838,1.16845,152
2026-01-07 09:53:00,1.16832,1.16857,1.16829,1.16853,1.16845,1.1687,1.16842,1.16865,147
2026-01-07 09:54:00,1.16853,1.16854,1.1684100000000002,1.1684100000000002,1.16865,1.16866,1.16854,1.16855,85
2026-01-07 09:55:00,1.1684100000000002,1.16846,1.1683,1.1683800000000002,1.16855,1.16859,1.16843,1.16852,160
2026-01-07 09:56:00,1.1683800000000002,1.1683800000000002,1.16825,1.16827,1.16852,1.16852,1.16838,1.16841,62
2026-01-07 09:57:00,1.16827,1.1683,1.16822,1.16827,1.16841,1.16843,1.16836,1.1684,97
2026-01-07 09:58:00,1.16827,1.1684,1.16827,1.1683800000000002,1.1684,1.16853,1.1684,1.16851,157
2026-01-07 09:59:00,1.1683800000000002,1.16842,1.1683,1.16839,1.16851,1.16855,1.16844,1.16851,135
2026-01-07 10:00:00,1.16839,1.16857,1.1682800000000002,1.16853,1.16851,1.16872,1.16843,1.16867,179
2026-01-07 10:01:00,1.16853,1.16867,1.1684500000000002,1.16852,1.16867,1.1688,1.16858,1.16866,161
2026-01-07 10:02:00,1.16852,1.16886,1.1685,1.1688200000000002,1.16866,1.16901,1.16864,1.16896,238
2026-01-07 10:03:00,1.1688200000000002,1.16884,1.1684100000000002,1.1685800000000002,1.16896,1.16898,1.16855,1.16871,219
2026-01-07 10:04:00,1.1685800000000002,1.1686,1.16843,1.16853,1.16871,1.16873,1.16857,1.16865,120
2026-01-07 10:05:00,1.16853,1.1685800000000002,1.16846,1.16852,1.16865,1.16872,1.16858,1.16864,103
2026-01-07 10:06:00,1.16852,1.16867,1.1685,1.16863,1.16864,1.1688,1.16864,1.16876,93
2026-01-07 10:07:00,1.16863,1.16876,1.1685500000000002,1.1687500000000002,1.16876,1.16889,1.16868,1.16889,129
2026-01-07 10:08:00,1.1687500000000002,1.16886,1.16873,1.1688200000000002,1.16889,1.169,1.16886,1.16896,130
2026-01-07 10:09:00,1.1688200000000002,1.16887,1.16874,1.16876,1.16896,1.169,1.16888,1.16889,83
2026-01-07 10:10:00,1.16876,1.16881,1.16866,1.16869,1.16889,1.16894,1.1688,1.16882,97
2026-01-07 10:11:00,1.16869,1.16874,1.16863,1.16863,1.16882,1.16887,1.16875,1.16876,115
2026-01-07 10:12:00,1.16863,1.16874,1.16861,1.16873,1.16876,1.16887,1.16874,1.16886,72
2026-01-07 10:13:00,1.16873,1.16886,1.16867,1.1687800000000002,1.16886,1.16899,1.1688,1.16891,126
2026-01-07 10:14:00,1.1687800000000002,1.16886,1.1687200000000002,1.1687800000000002,1.16891,1.16898,1.16886,1.1689,91
2026-01-07 10:15:00,1.1687800000000002,1.16884,1.16871,1.16871,1.1689,1.16898,1.16884,1.16884,90
2026-01-07 10:16:00,1.16871,1.1687800000000002,1.1686500000000002,1.16877,1.16884,1.16891,1.16878,1.16891,130
2026-01-07 10:17:00,1.16877,1.16883,1.1686800000000002,1.1688200000000002,1.16891,1.16895,1.1688,1.16895,104
2026-01-07 10:18:00,1.1688200000000002,1.16891,1.1687800000000002,1.16888,1.16895,1.16904,1.16891,1.16901,98
2026-01-07 10:19:00,1.16888,1.1689500000000002,1.16888,1.1689200000000002,1.16901,1.16908,1.169,1.16906,127
2026-01-07 10:20:00,1.1689200000000002,1.1690600000000002,1.16891,1.16904,1.16906,1.1692,1.16904,1.16916,174
2026-01-07 10:21:00,1.16904,1.16915,1.16904,1.16907,1.16916,1.16929,1.16916,1.16921,125
2026-01-07 10:22:00,1.16907,1.16914,1.1689900000000002,1.16913,1.16921,1.16927,1.16912,1.16926,102
2026-01-07 10:23:00,1.16913,1.16917,1.1690900000000002,1.1691600000000002,1.16926,1.1693,1.16922,1.16929,98
2026-01-07 10:24:00,1.1691600000000002,1.1691600000000002,1.16898,1.16898,1.16929,1.16929,1.1691,1.16911,101
2026-01-07 10:25:00,1.16898,1.16905,1.16898,1.16903,1.16911,1.16919,1.16911,1.16916,82
2026-01-07 10:26:00,1.16903,1.1691900000000002,1.1690200000000002,1.1691900000000002,1.16916,1.16933,1.16915,1.16932,114
2026-01-07 10:27:00,1.1691900000000002,1.16921,1.1690600000000002,1.16911,1.16932,1.16935,1.16919,1.16924,101
2026-01-07 10:28:00,1.16911,1.16921,1.16908,1.16921,1.16924,1.16935,1.16921,1.16934,82
2026-01-07 10:29:00,1.16921,1.1692300000000002,1.1691200000000002,1.16913,1.16934,1.16935,1.16926,1.16926,106
2026-01-07 10:30:00,1.16913,1.16913,1.1690200000000002,1.16903,1.16926,1.16926,1.16916,1.16916,93
2026-01-07 10:31:00,1.16903,1.16914,1.16901,1.16913,1.16916,1.16927,1.16914,1.16926,102
2026-01-07 10:32:00,1.16913,1.1691900000000002,1.16911,1.16918,1.16926,1.16932,1.16923,1.1693099999999998,86
2026-01-07 10:33:00,1.16918,1.1691900000000002,1.1691200000000002,1.16917,1.1693099999999998,1.16932,1.16926,1.1693,65
2026-01-07 10:34:00,1.16917,1.16922,1.16913,1.16914,1.1693,1.16936,1.16926,1.16928,75
2026-01-07 10:35:00,1.16914,1.1692300000000002,1.1690900000000002,1.16914,1.16928,1.16935,1.16922,1.16927,82
2026-01-07 10:36:00,1.16914,1.1693300000000002,1.16914,1.1692300000000002,1.16927,1.16946,1.16926,1.16936,91
2026-01-07 10:37:00,1.1692300000000002,1.1692300000000002,1.16911,1.16922,1.16936,1.16936,1.16924,1.16935,119
2026-01-07 10:38:00,1.16922,1.16925,1.1691,1.1691200000000002,1.16935,1.16938,1.16923,1.16925,111
2026-01-07 10:39:00,1.1691200000000002,1.1692300000000002,1.16911,1.16922,1.16925,1.16937,1.16924,1.16935,124
2026-01-07 10:40:00,1.16922,1.1692600000000002,1.1691600000000002,1.1692600000000002,1.16935,1.16939,1.16929,1.16939,122
2026-01-07 10:41:00,1.1692600000000002,1.1693300000000002,1.1692600000000002,1.1693,1.16939,1.16946,1.16938,1.16943,112
2026-01-07 10:42:00,1.1693,1.16932,1.1691600000000002,1.1692,1.16943,1.16944,1.16929,1.16933,118
2026-01-07 10:43:00,1.1692,1.1692,1.1690200000000002,1.1690200000000002,1.16933,1.16933,1.16916,1.16916,70
2026-01-07 10:44:00,1.1690200000000002,1.1690900000000002,1.1690200000000002,1.1690900000000002,1.16916,1.16921,1.16916,1.16921,65
2026-01-07 10:45:00,1.1690900000000002,1.1691200000000002,1.1690200000000002,1.16911,1.16921,1.16924,1.16915,1.16924,97
2026-01-07 10:46:00,1.16911,1.16928,1.1690600000000002,1.16927,1.16924,1.16941,1.16918,1.16939,134
2026-01-07 10:47:00,1.16927,1.16927,1.16911,1.16917,1.16939,1.16939,1.16923,1.16929,101
2026-01-07 10:48:00,1.16917,1.16918,1.1690200000000002,1.16903,1.16929,1.1693,1.16915,1.16915,111
2026-01-07 10:49:00,1.16903,1.1690900000000002,1.16901,1.16903,1.16915,1.16921,1.16914,1.16916,82
2026-01-07 10:50:00,1.16903,1.16913,1.1690200000000002,1.16904,1.16916,1.16925,1.16915,1.16917,78
2026-01-07 10:51:00,1.16904,1.16918,1.16904,1.16917,1.16917,1.1693,1.16917,1.16929,79
2026-01-07 10:52:00,1.16917,1.16917,1.16907,1.16908,1.16929,1.1693,1.16919,1.16921,138
2026-01-07 10:53:00,1.16908,1.16917,1.169,1.16903,1.16921,1.1693,1.16913,1.16915,145
2026-01-07 10:54:00,1.16903,1.16903,1.16881,1.16883,1.16915,1.16916,1.16893,1.16895,166
2026-01-07 10:55:00,1.16883,1.16884,1.1687200000000002,1.16877,1.16895,1.16897,1.16885,1.16889,202
2026-01-07 10:56:00,1.16877,1.16887,1.16873,1.16883,1.16889,1.16899,1.16886,1.16896,137
2026-01-07 10:57:00,1.16883,1.16884,1.16873,1.16873,1.16896,1.16897,1.16885,1.16886,126
2026-01-07 10:58:00,1.16873,1.16874,1.1686800000000002,1.16871,1.16886,1.16887,1.1688,1.16884,142
2026-01-07 10:59:00,1.16871,1.1688,1.1686800000000002,1.1688,1.16884,1.16892,1.16881,1.16892,121
2026-01-07 11:00:00,1.1688,1.16884,1.16874,1.16874,1.16892,1.16897,1.16886,1.16886,140
2026-01-07 11:01:00,1.16874,1.1687800000000002,1.16871,1.16877,1.16886,1.16892,1.16884,1.16889,108
2026-01-07 11:02:00,1.16877,1.1687800000000002,1.16867,1.16867,1.16889,1.1689,1.1688,1.1688,60
2026-01-07 11:03:00,1.16867,1.1691200000000002,1.16867,1.1691,1.1688,1.16925,1.1688,1.16924,279
2026-01-07 11:04:00,1.1691,1.16911,1.1688200000000002,1.1688200000000002,1.16924,1.16924,1.16895,1.16896,118
2026-01-07 11:05:00,1.1688200000000002,1.1688500000000002,1.1686500000000002,1.1686500000000002,1.16896,1.16898,1.16878,1.16879,87
2026-01-07 11:06:00,1.1686500000000002,1.1686500000000002,1.16857,1.1685800000000002,1.16879,1.16879,1.1687,1.1687,100
2026-01-07 11:07:00,1.1685800000000002,1.1685800000000002,1.16846,1.1684800000000002,1.1687,1.16871,1.16859,1.16861,173
2026-01-07 11:08:00,1.1684800000000002,1.16852,1.16846,1.16847,1.16861,1.16865,1.16858,1.1686,44
2026-01-07 11:09:00,1.16847,1.16852,1.16846,1.16849,1.1686,1.16865,1.16858,1.16862,57
2026-01-07 11:10:00,1.16849,1.1685800000000002,1.16847,1.16853,1.16862,1.16871,1.1686,1.16866,86
2026-01-07 11:11:00,1.16853,1.16856,1.1685,1.16853,1.16866,1.16869,1.16863,1.16865,94
2026-01-07 11:12:00,1.16853,1.16866,1.16852,1.1686500000000002,1.16865,1.16879,1.16865,1.16879,94
2026-01-07 11:13:00,1.1686500000000002,1.16876,1.16864,1.16876,1.16879,1.16889,1.16878,1.16888,71
2026-01-07 11:14:00,1.16876,1.16881,1.1687500000000002,1.16877,1.16888,1.16894,1.16888,1.16891,68
2026-01-07 11:15:00,1.16877,1.16881,1.16874,1.16881,1.16891,1.16895,1.16888,1.16895,53
2026-01-07 11:16:00,1.16881,1.16888,1.16879,1.16887,1.16895,1.16901,1.16892,1.16901,51
2026-01-07 11:17:00,1.16887,1.16891,1.1688500000000002,1.1689,1.16901,1.16904,1.16899,1.16903,929
2026-01-07 11:18:00,1.1689,1.16896,1.1688900000000002,1.1689200000000002,1.16903,1.1691,1.16903,1.16906,511
2026-01-07 11:19:00,1.1689200000000002,1.16918,1.1689200000000002,1.16918,1.16906,1.16932,1.16906,1.16932,121
2026-01-07 11:20:00,1.16918,1.1691900000000002,1.16903,1.16913,1.16932,1.16932,1.16915,1.16926,217
2026-01-07 11:21:00,1.16913,1.16917,1.1690600000000002,1.1690600000000002,1.16926,1.16929,1.16919,1.16919,77
2026-01-07 11:22:00,1.1690600000000002,1.1691900000000002,1.16905,1.1691900000000002,1.16919,1.16932,1.16918,1.1693099999999998,241
2026-01-07 11:23:00,1.1691900000000002,1.1691900000000002,1.1691,1.1691200000000002,1.1693099999999998,1.16932,1.16923,1.16925,104
2026-01-07 11:24:00,1.1691200000000002,1.1691200000000002,1.16905,1.1691200000000002,1.16925,1.16925,1.16918,1.16924,187
2026-01-07 11:25:00,1.1691200000000002,1.16913,1.16888,1.16888,1.16924,1.16926,1.169,1.16901,109
2026-01-07 11:26:00,1.16888,1.16888,1.1687800000000002,1.16881,1.16901,1.16902,1.16891,1.16893,99
2026-01-07 11:27:00,1.16881,1.16884,1.1687800000000002,1.1688200000000002,1.16893,1.16897,1.16891,1.16894,58
2026-01-07 11:28:00,1.1688200000000002,1.16893,1.1688200000000002,1.1689200000000002,1.16894,1.16906,1.16894,1.16906,120
2026-01-07 11:29:00,1.1689200000000002,1.1690200000000002,1.16891,1.1689200000000002,1.16906,1.16914,1.16904,1.16905,125
2026-01-07 11:30:00,1.1689200000000002,1.1690900000000002,1.1689200000000002,1.16903,1.16905,1.16921,1.16905,1.16916,136
2026-01-07 11:31:00,1.16903,1.16904,1.16893,1.16894,1.16916,1.16916,1.16906,1.16906,107
2026-01-07 11:32:00,1.16894,1.16894,1.16884,1.1688500000000002,1.16906,1.16907,1.16898,1.16898,108
2026-01-07 11:33:00,1.1688500000000002,1.16893,1.16883,1.16891,1.16898,1.16906,1.16896,1.16904,151
2026-01-07 11:34:00,1.16891,1.16894,1.16883,1.16883,1.16904,1.16906,1.16895,1.16896,65
2026-01-07 11:35:00,1.16883,1.16888,1.1687200000000002,1.1687200000000002,1.16896,1.16901,1.16885,1.16885,104
2026-01-07 11:36:00,1.1687200000000002,1.16873,1.16866,1.16871,1.16885,1.16886,1.1688,1.16884,41
2026-01-07 11:37:00,1.16871,1.16873,1.16856,1.16857,1.16884,1.16886,1.16869,1.1687,65
2026-01-07 11:38:00,1.16857,1.16861,1.16857,1.1685800000000002,1.1687,1.16873,1.1687,1.1687,69
2026-01-07 11:39:00,1.1685800000000002,1.16859,1.16852,1.16853,1.1687,1.16872,1.16865,1.16866,157
2026-01-07 11:40:00,1.16853,1.1685500000000002,1.1685100000000002,1.16854,1.16866,1.16868,1.16863,1.16866,109
2026-01-07 11:41:00,1.16854,1.1685500000000002,1.1684500000000002,1.1685500000000002,1.16866,1.16868,1.16859,1.16868,100
2026-01-07 11:42:00,1.1685500000000002,1.16859,1.1685100000000002,1.16854,1.16868,1.16872,1.16863,1.16866,148
2026-01-07 11:43:00,1.16854,1.16854,1.1684500000000002,1.1684800000000002,1.16866,1.16866,1.16858,1.16861,124
2026-01-07 11:44:00,1.1684800000000002,1.16861,1.1684800000000002,1.16856,1.16861,1.16874,1.16861,1.16869,195
2026-01-07 11:45:00,1.16856,1.1686,1.1685,1.16859,1.16869,1.16872,1.16862,1.16871,124
2026-01-07 11:46:00,1.16859,1.1688,1.1685800000000002,1.1687800000000002,1.16871,1.16892,1.16871,1.16891,167
2026-01-07 11:47:00,1.1687800000000002,1.16883,1.1687200000000002,1.16877,1.16891,1.16896,1.16886,1.16889,84
2026-01-07 11:48:00,1.16877,1.16881,1.1687200000000002,1.1687800000000002,1.16889,1.16894,1.16885,1.16891,134
2026-01-07 11:49:00,1.1687800000000002,1.16881,1.16877,1.16881,1.16891,1.16895,1.1689,1.16895,61
2026-01-07 11:50:00,1.16881,1.1689200000000002,1.1687200000000002,1.1688500000000002,1.16895,1.16904,1.16885,1.16898,198
2026-01-07 11:51:00,1.1688500000000002,1.16887,1.1687800000000002,1.1687800000000002,1.16898,1.169,1.1689,1.1689,69
2026-01-07 11:52:00,1.1687800000000002,1.1688200000000002,1.16876,1.16877,1.1689,1.16896,1.16889,1.1689,83
2026-01-07 11:53:00,1.16877,1.1687800000000002,1.1687,1.16871,1.1689,1.16891,1.16883,1.16885,100
2026-01-07 11:54:00,1.16871,1.16873,1.16864,1.16867,1.16885,1.16886,1.16876,1.1688,123
2026-01-07 11:55:00,1.16867,1.16879,1.16866,1.1687200000000002,1.1688,1.16891,1.16879,1.16886,146
2026-01-07 11:56:00,1.1687200000000002,1.16877,1.16867,1.16877,1.16886,1.1689,1.1688,1.1689,196
2026-01-07 11:57:00,1.16877,1.1688900000000002,1.16876,1.1688200000000002,1.1689,1.16902,1.16889,1.16894,107
2026-01-07 11:58:00,1.1688200000000002,1.1688200000000002,1.16876,1.16877,1.16894,1.16895,1.16888,1.1689,52
2026-01-07 11:59:00,1.16877,1.16887,1.16877,1.16886,1.1689,1.16899,1.1689,1.16899,83
2026-01-07 12:00:00,1.16886,1.169,1.16886,1.16894,1.16899,1.16912,1.16899,1.16906,67
2026-01-07 12:01:00,1.16894,1.16907,1.16893,1.16897,1.16906,1.1692,1.16906,1.16911,89
2026-01-07 12:02:00,1.16897,1.1690200000000002,1.1688500000000002,1.16886,1.16911,1.16916,1.16899,1.16899,142
2026-01-07 12:03:00,1.16886,1.16888,1.16869,1.16871,1.16899,1.16901,1.16882,1.16884,68
2026-01-07 12:04:00,1.16871,1.16874,1.1687,1.1687,1.16884,1.16888,1.16883,1.16883,67
2026-01-07 12:05:00,1.1687,1.16871,1.16861,1.1686200000000002,1.16883,1.16886,1.16875,1.16875,72
2026-01-07 12:06:00,1.1686200000000002,1.1686500000000002,1.1686,1.1686200000000002,1.16875,1.16878,1.16873,1.16875,95
2026-01-07 12:07:00,1.1686200000000002,1.16863,1.1685,1.16853,1.16875,1.16875,1.16863,1.16866,138
2026-01-07 12:08:00,1.16853,1.16854,1.16842,1.16847,1.16866,1.16867,1.16855,1.16859,134
2026-01-07 12:09:00,1.16847,1.16847,1.1681700000000002,1.1682100000000002,1.16859,1.1686,1.1683,1.16834,198
2026-01-07 12:10:00,1.1682100000000002,1.16823,1.16809,1.16815,1.16834,1.16837,1.16822,1.16829,156
2026-01-07 12:11:00,1.16815,1.16819,1.16805,1.1681100000000002,1.16829,1.16833,1.16818,1.16824,135
2026-01-07 12:12:00,1.1681100000000002,1.1683800000000002,1.1681100000000002,1.1683800000000002,1.16824,1.16851,1.16824,1.16851,224
2026-01-07 12:13:00,1.1683800000000002,1.1683800000000002,1.16827,1.16827,1.16851,1.16851,1.16839,1.16839,139
2026-01-07 12:14:00,1.16827,1.16832,1.1682,1.16826,1.16839,1.16845,1.16833,1.16839,104
2026-01-07 12:15:00,1.16826,1.16836,1.16826,1.1682800000000002,1.16839,1.16849,1.16838,1.16841,121
2026-01-07 12:16:00,1.1682800000000002,1.1683400000000002,1.16825,1.16825,1.16841,1.16848,1.16838,1.16838,127
2026-01-07 12:17:00,1.16825,1.16826,1.16816,1.1681700000000002,1.16838,1.16838,1.16828,1.1683,45
2026-01-07 12:18:00,1.1681700000000002,1.1682100000000002,1.16812,1.1681700000000002,1.1683,1.16833,1.16825,1.1683,121
2026-01-07 12:19:00,1.1681700000000002,1.16833,1.1681700000000002,1.16826,1.1683,1.16845,1.1683,1.16838,114
2026-01-07 12:20:00,1.16826,1.16832,1.16823,1.16826,1.16838,1.16845,1.16837,1.1684,84
2026-01-07 12:21:00,1.16826,1.1684100000000002,1.16825,1.16836,1.1684,1.16854,1.16838,1.16849,124
2026-01-07 12:22:00,1.16836,1.16836,1.16827,1.1683100000000002,1.16849,1.1685,1.1684,1.16843,140
2026-01-07 12:23:00,1.1683100000000002,1.16857,1.1683100000000002,1.16843,1.16843,1.16871,1.16843,1.16856,96
2026-01-07 12:24:00,1.16843,1.16846,1.16835,1.1683800000000002,1.16856,1.16858,1.16847,1.1685,149
2026-01-07 12:25:00,1.1683800000000002,1.16844,1.16836,1.1683800000000002,1.1685,1.16856,1.16848,1.1685,141
2026-01-07 12:26:00,1.1683800000000002,1.1683800000000002,1.16825,1.16826,1.1685,1.16851,1.16838,1.16839,130
2026-01-07 12:27:00,1.16826,1.16856,1.16826,1.16854,1.16839,1.16869,1.16838,1.16869,153
2026-01-07 12:28:00,1.16854,1.16856,1.16839,1.1685500000000002,1.16869,1.16869,1.16852,1.16868,135
2026-01-07 12:29:00,1.1685500000000002,1.1685500000000002,1.16846,1.16846,1.16868,1.16868,1.16858,1.16858,165
2026-01-07 12:30:00,1.16846,1.1685800000000002,1.16844,1.16857,1.16858,1.16871,1.16857,1.1687,143
2026-01-07 12:31:00,1.16857,1.1686,1.1685100000000002,1.1685500000000002,1.1687,1.16872,1.16863,1.16868,89
2026-01-07 12:32:00,1.1685500000000002,1.1685800000000002,1.16852,1.16856,1.16868,1.16871,1.16865,1.16869,84
2026-01-07 12:33:00,1.16856,1.16863,1.16854,1.1686,1.16869,1.16875,1.16866,1.16873,101
2026-01-07 12:34:00,1.1686,1.1686,1.16847,1.1685,1.16873,1.16873,1.1686,1.16863,121
2026-01-07 12:35:00,1.1685,1.1686800000000002,1.16843,1.16866,1.16863,1.16881,1.16855,1.16881,133
2026-01-07 12:36:00,1.16866,1.16867,1.16857,1.1685800000000002,1.16881,1.16881,1.16871,1.16871,53
2026-01-07 12:37:00,1.1685800000000002,1.16871,1.1685800000000002,1.16867,1.16871,1.16885,1.16871,1.16881,109
2026-01-07 12:38:00,1.16867,1.1686800000000002,1.16859,1.1686200000000002,1.16881,1.16881,1.16872,1.16875,141
2026-01-07 12:39:00,1.1686200000000002,1.16866,1.1685,1.1685,1.16875,1.16879,1.16863,1.16863,135
2026-01-07 12:40:00,1.1685,1.1685,1.1682400000000002,1.1682400000000002,1.16863,1.16863,1.16837,1.16838,162
2026-01-07 12:41:00,1.1682400000000002,1.16843,1.1682400000000002,1.16842,1.16838,1.16856,1.16837,1.16855,106
2026-01-07 12:42:00,1.16842,1.16847,1.16837,1.16837,1.16855,1.1686,1.16851,1.16851,68
2026-01-07 12:43:00,1.16837,1.1684100000000002,1.16833,1.1683800000000002,1.16851,1.16855,1.16846,1.16851,94
2026-01-07 12:44:00,1.1683800000000002,1.1684100000000002,1.16832,1.16833,1.16851,1.16854,1.16845,1.16846,84
2026-01-07 12:45:00,1.16833,1.16846,1.16833,1.1684500000000002,1.16846,1.16859,1.16846,1.16858,106
2026-01-07 12:46:00,1.1684500000000002,1.1684800000000002,1.16842,1.16843,1.16858,1.16861,1.16855,1.16856,53
2026-01-07 12:47:00,1.16843,1.16846,1.16836,1.16837,1.16856,1.16859,1.16849,1.1685,149
2026-01-07 12:48:00,1.16837,1.16854,1.16837,1.16852,1.1685,1.16867,1.1685,1.16865,111
2026-01-07 12:49:00,1.16852,1.16852,1.16842,1.16847,1.16865,1.16866,1.16855,1.16859,110
2026-01-07 12:50:00,1.16847,1.16852,1.1684100000000002,1.16842,1.16859,1.16865,1.16854,1.16854,123
2026-01-07 12:51:00,1.16842,1.16861,1.16842,1.16861,1.16854,1.16873,1.16854,1.16873,114
2026-01-07 12:52:00,1.16861,1.16861,1.16852,1.16856,1.16873,1.16873,1.16865,1.16869,127
2026-01-07 12:53:00,1.16856,1.16866,1.1685500000000002,1.16857,1.16869,1.16879,1.16867,1.1687,160
2026-01-07 12:54:00,1.16857,1.1686200000000002,1.16852,1.16852,1.1687,1.16875,1.16864,1.16865,98
2026-01-07 12:55:00,1.16852,1.16852,1.1684,1.1685100000000002,1.16865,1.16866,1.16852,1.16864,131
2026-01-07 12:56:00,1.1685100000000002,1.1686200000000002,1.16844,1.1686200000000002,1.16864,1.16875,1.16857,1.16875,104
2026-01-07 12:57:00,1.1686200000000002,1.1687500000000002,1.1686,1.1687200000000002,1.16875,1.16888,1.16873,1.16885,112
2026-01-07 12:58:00,1.1687200000000002,1.16874,1.16866,1.16866,1.16885,1.16888,1.16879,1.16879,99
2026-01-07 12:59:00,1.16866,1.16874,1.1686500000000002,1.1687200000000002,1.16879,1.16886,1.16878,1.16885,96
2026-01-07 13:00:00,1.1687200000000002,1.1687200000000002,1.1684800000000002,1.1685100000000002,1.16885,1.16885,1.1686,1.16864,201
2026-01-07 13:01:00,1.1685100000000002,1.16861,1.1685,1.16859,1.16864,1.16874,1.16863,1.16872,121
2026-01-07 13:02:00,1.16859,1.16874,1.16853,1.1687200000000002,1.16872,1.16887,1.16867,1.16885,143
2026-01-07 13:03:00,1.1687200000000002,1.16877,1.16861,1.16861,1.16885,1.16889,1.16874,1.16874,142
2026-01-07 13:04:00,1.16861,1.1687200000000002,1.16861,1.16871,1.16874,1.16885,1.16874,1.16884,98
2026-01-07 13:05:00,1.16871,1.16873,1.16857,1.1686,1.16884,1.16886,1.1687,1.16874,138
2026-01-07 13:06:00,1.1686,1.16861,1.16839,1.1684100000000002,1.16874,1.16875,1.16853,1.16854,138
2026-01-07 13:07:00,1.1684100000000002,1.16843,1.1683100000000002,1.16842,1.16854,1.16856,1.16845,1.16856,149
2026-01-07 13:08:00,1.16842,1.16847,1.16835,1.16835,1.16856,1.1686,1.16848,1.16848,137
2026-01-07 13:09:00,1.16835,1.16842,1.16835,1.1684,1.16848,1.16855,1.16848,1.16853,99
2026-01-07 13:10:00,1.1684,1.1684100000000002,1.16835,1.1684,1.16853,1.16854,1.16849,1.16853,127
2026-01-07 13:11:00,1.1684,1.16844,1.16837,1.1683800000000002,1.16853,1.16856,1.1685,1.16851,158
2026-01-07 13:12:00,1.1683800000000002,1.1684100000000002,1.16837,1.1683800000000002,1.16851,1.16855,1.16851,1.16851,83
2026-01-07 13:13:00,1.1683800000000002,1.16844,1.1683100000000002,1.1683800000000002,1.16851,1.16857,1.16844,1.1685,128
2026-01-07 13:14:00,1.1683800000000002,1.1683800000000002,1.16818,1.1682800000000002,1.1685,1.1685,1.16833,1.16844,242
2026-01-07 13:15:00,1.1682800000000002,1.1685100000000002,1.16825,1.16825,1.16844,1.16868,1.16838,1.16838,343
2026-01-07 13:16:00,1.16825,1.1684,1.16819,1.16832,1.16838,1.16854,1.16833,1.16844,186
2026-01-07 13:17:00,1.16832,1.16852,1.1683100000000002,1.1684800000000002,1.16844,1.16865,1.16844,1.16861,101
2026-01-07 13:18:00,1.1684800000000002,1.1688,1.16847,1.1687200000000002,1.16861,1.16894,1.1686,1.16886,252
2026-01-07 13:19:00,1.1687200000000002,1.16876,1.16857,1.16859,1.16886,1.16889,1.16871,1.16871,225
2026-01-07 13:20:00,1.16859,1.1687200000000002,1.1685100000000002,1.16852,1.16871,1.16884,1.16864,1.16865,251
2026-01-07 13:21:00,1.16852,1.16852,1.16836,1.1684800000000002,1.16865,1.16866,1.1685,1.16861,252
2026-01-07 13:22:00,1.1684800000000002,1.16863,1.1684100000000002,1.1686,1.16861,1.16875,1.16855,1.16872,169
2026-01-07 13:23:00,1.1686,1.1686,1.16847,1.1684800000000002,1.16872,1.16873,1.1686,1.1686,140
2026-01-07 13:24:00,1.1684800000000002,1.1687200000000002,1.16843,1.16866,1.1686,1.16885,1.16856,1.16879,203
2026-01-07 13:25:00,1.16866,1.1686800000000002,1.16846,1.16852,1.16879,1.1688,1.16859,1.16864,180
2026-01-07 13:26:00,1.16852,1.16861,1.1685,1.16852,1.16864,1.16873,1.16863,1.16865,170
2026-01-07 13:27:00,1.16852,1.1687200000000002,1.16852,1.16866,1.16865,1.16885,1.16864,1.16878,160
2026-01-07 13:28:00,1.16866,1.1687200000000002,1.1686200000000002,1.16869,1.16878,1.16884,1.16875,1.16882,191
2026-01-07 13:29:00,1.16869,1.16873,1.16866,1.16867,1.16882,1.16886,1.16878,1.1688,145
2026-01-07 13:30:00,1.16867,1.16874,1.1685500000000002,1.16859,1.1688,1.16887,1.16868,1.16872,120
2026-01-07 13:31:00,1.16859,1.16894,1.16859,1.16871,1.16872,1.16908,1.16872,1.16884,284
2026-01-07 13:32:00,1.16871,1.16881,1.1686500000000002,1.16871,1.16884,1.16893,1.16879,1.16883,180
2026-01-07 13:33:00,1.16871,1.16874,1.16856,1.1687200000000002,1.16883,1.16886,1.16869,1.16885,222
2026-01-07 13:34:00,1.1687200000000002,1.1688500000000002,1.16866,1.16866,1.16885,1.16898,1.16878,1.16879,152
2026-01-07 13:35:00,1.16866,1.16866,1.1684500000000002,1.16846,1.16879,1.16879,1.16859,1.16859,155
2026-01-07 13:36:00,1.16846,1.16853,1.1683100000000002,1.1685,1.16859,1.16865,1.16843,1.16863,156
2026-01-07 13:37:00,1.1685,1.16859,1.16847,1.16857,1.16863,1.16872,1.16859,1.1687,140
2026-01-07 13:38:00,1.16857,1.1686800000000002,1.16846,1.16857,1.1687,1.16882,1.1686,1.1687,266
2026-01-07 13:39:00,1.16857,1.1686,1.16854,1.16856,1.1687,1.16873,1.16868,1.1687,97
2026-01-07 13:40:00,1.16856,1.16887,1.16852,1.16887,1.1687,1.16901,1.16865,1.169,220
2026-01-07 13:41:00,1.16887,1.1691,1.16886,1.1690600000000002,1.169,1.16923,1.16899,1.16918,117
2026-01-07 13:42:00,1.1690600000000002,1.1692900000000002,1.1690600000000002,1.16918,1.16918,1.16943,1.16918,1.16932,176
2026-01-07 13:43:00,1.16918,1.16927,1.16917,1.16922,1.16932,1.1694,1.1693099999999998,1.16936,112
2026-01-07 13:44:00,1.16922,1.1692300000000002,1.1690900000000002,1.1691200000000002,1.16936,1.16936,1.16922,1.16925,92
2026-01-07 13:45:00,1.1691200000000002,1.16913,1.16901,1.1690600000000002,1.16925,1.16925,1.16914,1.16919,162
2026-01-07 13:46:00,1.1690600000000002,1.16925,1.1690600000000002,1.16925,1.16919,1.16938,1.16918,1.16938,128
2026-01-07 13:47:00,1.16925,1.1693300000000002,1.16913,1.16922,1.16938,1.16945,1.16925,1.16935,114
2026-01-07 13:48:00,1.16922,1.16925,1.1691,1.16911,1.16935,1.16938,1.16923,1.16924,98
2026-01-07 13:49:00,1.16911,1.1693300000000002,1.16911,1.16927,1.16924,1.16945,1.16924,1.1694,113
2026-01-07 13:50:00,1.16927,1.1693300000000002,1.1691900000000002,1.16928,1.1694,1.16946,1.1693099999999998,1.1694,145
2026-01-07 13:51:00,1.16928,1.16942,1.1692600000000002,1.16935,1.1694,1.16955,1.16939,1.16948,101
2026-01-07 13:52:00,1.16935,1.16935,1.16917,1.1692300000000002,1.16948,1.16948,1.16929,1.16935,87
2026-01-07 13:53:00,1.1692300000000002,1.1692600000000002,1.16921,1.16924,1.16935,1.16939,1.16933,1.16936,66
2026-01-07 13:54:00,1.16924,1.1692600000000002,1.16908,1.1691,1.16936,1.16939,1.16921,1.16923,117
2026-01-07 13:55:00,1.1691,1.16914,1.1690200000000002,1.1691,1.16923,1.16926,1.16914,1.16922,155
2026-01-07 13:56:00,1.1691,1.1692600000000002,1.16908,1.1692300000000002,1.16922,1.16938,1.16922,1.16936,161
2026-01-07 13:57:00,1.1692300000000002,1.1692300000000002,1.16911,1.16913,1.16936,1.16936,1.16925,1.16926,164
2026-01-07 13:58:00,1.16913,1.16913,1.16898,1.16898,1.16926,1.16926,1.16911,1.16911,144
2026-01-07 13:59:00,1.16898,1.1691200000000002,1.16898,1.16911,1.16911,1.16925,1.16911,1.16923,155
2026-01-07 14:00:00,1.16911,1.16934,1.1690900000000002,1.1693300000000002,1.16923,1.16947,1.16922,1.16946,215
2026-01-07 14:01:00,1.1693300000000002,1.1693600000000002,1.1691200000000002,1.16918,1.16946,1.16948,1.16925,1.1693099999999998,238
2026-01-07 14:02:00,1.16918,1.16932,1.16914,1.1692300000000002,1.1693099999999998,1.16944,1.16927,1.16936,127
2026-01-07 14:03:00,1.1692300000000002,1.1692900000000002,1.16887,1.16915,1.16936,1.16942,1.16901,1.1693,311
2026-01-07 14:04:00,1.16915,1.1692900000000002,1.16913,1.16928,1.1693,1.16941,1.16927,1.16941,152
2026-01-07 14:05:00,1.16928,1.16932,1.16921,1.16924,1.16941,1.16945,1.16934,1.16938,153
2026-01-07 14:06:00,1.16924,1.16934,1.16922,1.16932,1.16938,1.16947,1.16936,1.16946,194
2026-01-07 14:07:00,1.16932,1.16932,1.16918,1.16921,1.16946,1.16946,1.1693,1.16933,131
2026-01-07 14:08:00,1.16921,1.1693,1.16903,1.16905,1.16933,1.16942,1.16915,1.16917,188
2026-01-07 14:09:00,1.16905,1.16905,1.16891,1.1689200000000002,1.16917,1.16918,1.16904,1.16905,167
2026-01-07 14:10:00,1.1689200000000002,1.16898,1.1688900000000002,1.16894,1.16905,1.16911,1.16903,1.16906,94
2026-01-07 14:11:00,1.16894,1.1691,1.16894,1.169,1.16906,1.16922,1.16906,1.16913,104
2026-01-07 14:12:00,1.169,1.16915,1.1689200000000002,1.1691200000000002,1.16913,1.16927,1.16905,1.16925,131
2026-01-07 14:13:00,1.1691200000000002,1.16918,1.16903,1.1691600000000002,1.16925,1.1693099999999998,1.16917,1.16929,161
2026-01-07 14:14:00,1.1691600000000002,1.1692600000000002,1.16907,1.16908,1.16929,1.16939,1.16921,1.16921,138
2026-01-07 14:15:00,1.16908,1.16915,1.16896,1.16896,1.16921,1.16928,1.16909,1.16909,152
2026-01-07 14:16:00,1.16896,1.1691200000000002,1.16896,1.16908,1.16909,1.16925,1.16909,1.1692,72
2026-01-07 14:17:00,1.16908,1.16914,1.1690600000000002,1.16907,1.1692,1.16926,1.16919,1.1692,71
2026-01-07 14:18:00,1.16907,1.16907,1.1689,1.16897,1.1692,1.1692,1.16903,1.1691,119
2026-01-07 14:19:00,1.16897,1.16904,1.1688,1.16886,1.1691,1.16917,1.16894,1.169,188
2026-01-07 14:20:00,1.16886,1.16896,1.1688500000000002,1.1689500000000002,1.169,1.16909,1.16899,1.16908,142
2026-01-07 14:21:00,1.1689500000000002,1.16903,1.16891,1.16903,1.16908,1.16916,1.16904,1.16916,166
2026-01-07 14:22:00,1.16903,1.16907,1.16891,1.1690200000000002,1.16916,1.16919,1.16903,1.16916,169
2026-01-07 14:23:00,1.1690200000000002,1.16904,1.1688,1.16887,1.16916,1.16917,1.16893,1.16901,182
2026-01-07 14:24:00,1.16887,1.16887,1.1686800000000002,1.1686800000000002,1.16901,1.16901,1.1688,1.16881,101
2026-01-07 14:25:00,1.1686800000000002,1.1687800000000002,1.1686500000000002,1.16866,1.16881,1.16891,1.16877,1.16879,173
2026-01-07 14:26:00,1.16866,1.1687500000000002,1.1686500000000002,1.16871,1.16879,1.16888,1.16879,1.16885,94
2026-01-07 14:27:00,1.16871,1.1688900000000002,1.16871,1.16888,1.16885,1.16902,1.16885,1.16901,158
2026-01-07 14:28:00,1.16888,1.16893,1.16883,1.1689200000000002,1.16901,1.16907,1.16896,1.16906,115
2026-01-07 14:29:00,1.1689200000000002,1.1689200000000002,1.1687800000000002,1.1689,1.16906,1.16906,1.16891,1.16903,204
2026-01-07 14:30:00,1.1689,1.1690200000000002,1.16887,1.16901,1.16903,1.16915,1.169,1.16914,257
2026-01-07 14:31:00,1.16901,1.1692,1.1688900000000002,1.1691600000000002,1.16914,1.16933,1.16902,1.16929,208
2026-01-07 14:32:00,1.1691600000000002,1.16918,1.1690200000000002,1.16908,1.16929,1.1693099999999998,1.16915,1.16921,212
2026-01-07 14:33:00,1.16908,1.16908,1.1689,1.1689200000000002,1.16921,1.16921,1.16902,1.16906,279
2026-01-07 14:34:00,1.1689200000000002,1.16905,1.16891,1.16904,1.16906,1.16918,1.16905,1.16916,209
2026-01-07 14:35:00,1.16904,1.16908,1.16888,1.1690200000000002,1.16916,1.16921,1.16902,1.16914,227
2026-01-07 14:36:00,1.1690200000000002,1.16905,1.1688900000000002,1.1689200000000002,1.16914,1.16918,1.16903,1.16905,265
2026-01-07 14:37:00,1.1689200000000002,1.16898,1.1689,1.1689500000000002,1.16905,1.16911,1.16902,1.16908,212
2026-01-07 14:38:00,1.1689500000000002,1.16904,1.1688500000000002,1.1690200000000002,1.16908,1.16916,1.16898,1.16914,176
2026-01-07 14:39:00,1.1690200000000002,1.16907,1.16891,1.1690200000000002,1.16914,1.1692,1.16904,1.16916,162
2026-01-07 14:40:00,1.1690200000000002,1.1691200000000002,1.16896,1.1691,1.16916,1.16925,1.1691,1.16924,265
2026-01-07 14:41:00,1.1691,1.16932,1.1691,1.16922,1.16924,1.16945,1.16924,1.16935,164
2026-01-07 14:42:00,1.16922,1.1692300000000002,1.16915,1.16922,1.16935,1.16936,1.16929,1.16934,169
2026-01-07 14:43:00,1.16922,1.1693300000000002,1.16921,1.16928,1.16934,1.16945,1.16933,1.16941,199
2026-01-07 14:44:00,1.16928,1.16928,1.16911,1.16915,1.16941,1.16941,1.16923,1.16927,134
2026-01-07 14:45:00,1.16915,1.16924,1.169,1.1690600000000002,1.16927,1.16937,1.16913,1.1692,228
2026-01-07 14:46:00,1.1690600000000002,1.1693900000000002,1.16904,1.1693300000000002,1.1692,1.16951,1.16917,1.16947,284
2026-01-07 14:47:00,1.1693300000000002,1.16941,1.16921,1.1692300000000002,1.16947,1.16955,1.16934,1.16936,175
2026-01-07 14:48:00,1.1692300000000002,1.1693600000000002,1.1692300000000002,1.1692300000000002,1.16936,1.16949,1.16936,1.16936,186
2026-01-07 14:49:00,1.1692300000000002,1.1695000000000002,1.16922,1.16941,1.16936,1.16962,1.16935,1.16953,245
2026-01-07 14:50:00,1.16941,1.1695300000000002,1.16937,1.16947,1.16953,1.16966,1.16949,1.1696,248
2026-01-07 14:51:00,1.16947,1.16947,1.16925,1.1692600000000002,1.1696,1.1696,1.16938,1.16939,172
2026-01-07 14:52:00,1.1692600000000002,1.16934,1.1692,1.16931,1.16939,1.16947,1.16933,1.16944,147
2026-01-07 14:53:00,1.16931,1.16949,1.1692900000000002,1.16947,1.16944,1.16963,1.16942,1.16961,166
2026-01-07 14:54:00,1.16947,1.16968,1.16947,1.16958,1.16961,1.16982,1.1696,1.1697,268
2026-01-07 14:55:00,1.16958,1.16976,1.16951,1.16962,1.1697,1.16989,1.16963,1.16974,309
2026-01-07 14:56:00,1.16962,1.16965,1.1694300000000002,1.16962,1.16974,1.16978,1.16956,1.16975,321
2026-01-07 14:57:00,1.16962,1.16978,1.16962,1.16975,1.16975,1.16991,1.16975,1.16988,256
2026-01-07 14:58:00,1.16975,1.16976,1.16958,1.16965,1.16988,1.16988,1.1697,1.16977,217
2026-01-07 14:59:00,1.16965,1.16972,1.1695600000000002,1.16968,1.16977,1.16986,1.16969,1.16982,295
2026-01-07 15:00:00,1.16968,1.16968,1.1684800000000002,1.16852,1.16982,1.16982,1.16868,1.16869,1565
2026-01-07 15:01:00,1.16852,1.16932,1.16843,1.16925,1.16869,1.16946,1.16856,1.16939,834
2026-01-07 15:02:00,1.16925,1.16927,1.1687800000000002,1.16894,1.16939,1.16941,1.16892,1.16907,455
2026-01-07 15:03:00,1.16894,1.1692,1.16881,1.16913,1.16907,1.16935,1.16894,1.16925,749
2026-01-07 15:04:00,1.16913,1.16934,1.1689900000000002,1.16925,1.16925,1.16948,1.16912,1.16938,582
2026-01-07 15:05:00,1.16925,1.1693,1.1690200000000002,1.1690200000000002,1.16938,1.16944,1.16915,1.16915,638
2026-01-07 15:06:00,1.1690200000000002,1.1692900000000002,1.1689500000000002,1.16925,1.16915,1.16942,1.16908,1.16939,582
2026-01-07 15:07:00,1.16925,1.16971,1.1692300000000002,1.1696300000000002,1.16939,1.16983,1.16935,1.16975,611
2026-01-07 15:08:00,1.1696300000000002,1.1698000000000002,1.16959,1.1697300000000002,1.16975,1.16994,1.16972,1.16986,393
2026-01-07 15:09:00,1.1697300000000002,1.1697300000000002,1.1693600000000002,1.16941,1.16986,1.16986,1.16949,1.16955,356
2026-01-07 15:10:00,1.16941,1.16941,1.1692,1.16924,1.16955,1.16955,1.16934,1.16937,284
2026-01-07 15:11:00,1.16924,1.16924,1.16903,1.16908,1.16937,1.16937,1.16916,1.16922,357
2026-01-07 15:12:00,1.16908,1.16913,1.16896,1.16911,1.16922,1.16927,1.16909,1.16923,298
2026-01-07 15:13:00,1.16911,1.16911,1.1689500000000002,1.16898,1.16923,1.16923,1.16908,1.16911,266
2026-01-07 15:14:00,1.16898,1.16898,1.16877,1.1688500000000002,1.16911,1.16912,1.16891,1.16898,266
2026-01-07 15:15:00,1.1688500000000002,1.1688900000000002,1.1684100000000002,1.1684800000000002,1.16898,1.16902,1.16854,1.16862,482
2026-01-07 15:16:00,1.1684800000000002,1.1684800000000002,1.16825,1.16832,1.16862,1.16863,1.16838,1.16845,443
2026-01-07 15:17:00,1.16832,1.1684500000000002,1.1681,1.1681100000000002,1.16845,1.16858,1.16823,1.16824,394
2026-01-07 15:18:00,1.1681100000000002,1.16849,1.1681100000000002,1.16842,1.16824,1.16863,1.16824,1.16855,421
2026-01-07 15:19:00,1.16842,1.16842,1.16826,1.16836,1.16855,1.16856,1.16839,1.16849,239
2026-01-07 15:20:00,1.16836,1.16843,1.1682100000000002,1.1683100000000002,1.16849,1.16856,1.16833,1.16844,298
2026-01-07 15:21:00,1.1683100000000002,1.16836,1.1681700000000002,1.1682,1.16844,1.16849,1.1683,1.16833,348
2026-01-07 15:22:00,1.1682,1.1682,1.1679400000000002,1.16796,1.16833,1.16833,1.16807,1.1681,287
2026-01-07 15:23:00,1.16796,1.1682,1.16796,1.1682,1.1681,1.16835,1.16809,1.16834,317
2026-01-07 15:24:00,1.1682,1.16823,1.16798,1.16809,1.16834,1.16837,1.16812,1.16823,267
2026-01-07 15:25:00,1.16809,1.1682800000000002,1.16799,1.16823,1.16823,1.16842,1.16812,1.16837,234
2026-01-07 15:26:00,1.16823,1.1682800000000002,1.16808,1.16812,1.16837,1.16841,1.16822,1.16826,274
2026-01-07 15:27:00,1.16812,1.16829,1.16812,1.1682800000000002,1.16826,1.16841,1.16825,1.16841,176
2026-01-07 15:28:00,1.1682800000000002,1.16839,1.1682100000000002,1.16837,1.16841,1.16852,1.16834,1.1685,210
2026-01-07 15:29:00,1.16837,1.1687,1.16837,1.16863,1.1685,1.16883,1.1685,1.16877,322
2026-01-07 15:30:00,1.16863,1.16888,1.16863,1.16886,1.16877,1.16902,1.16876,1.16901,369
2026-01-07 15:31:00,1.16886,1.16894,1.16869,1.1688200000000002,1.16901,1.16908,1.16882,1.16895,246
2026-01-07 15:32:00,1.1688200000000002,1.16894,1.16869,1.16893,1.16895,1.16906,1.16882,1.16906,191
2026-01-07 15:33:00,1.16893,1.16898,1.16887,1.16896,1.16906,1.16912,1.16899,1.16908,155
2026-01-07 15:34:00,1.16896,1.16927,1.1689500000000002,1.16925,1.16908,1.1694,1.16908,1.16937,367
2026-01-07 15:35:00,1.16925,1.1695600000000002,1.16924,1.16927,1.16937,1.16968,1.16937,1.16941,482
2026-01-07 15:36:00,1.16927,1.16928,1.16911,1.16911,1.16941,1.16942,1.16924,1.16925,369
2026-01-07 15:37:00,1.16911,1.16937,1.1690900000000002,1.1693300000000002,1.16925,1.16949,1.16922,1.16947,212
2026-01-07 15:38:00,1.1693300000000002,1.16944,1.16922,1.16922,1.16947,1.16957,1.16935,1.16936,197
2026-01-07 15:39:00,1.16922,1.1693600000000002,1.16917,1.16934,1.16936,1.1695,1.1693099999999998,1.16946,285
2026-01-07 15:40:00,1.16934,1.16957,1.16934,1.1695300000000002,1.16946,1.16969,1.16946,1.16965,232
2026-01-07 15:41:00,1.1695300000000002,1.16958,1.16941,1.1695600000000002,1.16965,1.16971,1.16953,1.16968,155
2026-01-07 15:42:00,1.1695600000000002,1.16959,1.16947,1.16947,1.16968,1.16972,1.1696,1.1696,168
2026-01-07 15:43:00,1.16947,1.16958,1.1694600000000002,1.16957,1.1696,1.16972,1.16959,1.1697,228
2026-01-07 15:44:00,1.16957,1.16957,1.1690600000000002,1.16947,1.1697,1.1697,1.1692,1.1696,348
2026-01-07 15:45:00,1.16947,1.16951,1.16932,1.16935,1.1696,1.16964,1.16946,1.16947,189
2026-01-07 15:46:00,1.16935,1.1694,1.16905,1.1691200000000002,1.16947,1.16952,1.16918,1.16925,244
2026-01-07 15:47:00,1.1691200000000002,1.1691200000000002,1.169,1.16908,1.16925,1.16925,1.16915,1.16921,185
2026-01-07 15:48:00,1.16908,1.1691200000000002,1.1689900000000002,1.16911,1.16921,1.16925,1.16912,1.16924,208
2026-01-07 15:49:00,1.16911,1.1692900000000002,1.169,1.1692900000000002,1.16924,1.16943,1.16913,1.16943,209
2026-01-07 15:50:00,1.1692900000000002,1.1693300000000002,1.1689900000000002,1.1690200000000002,1.16943,1.16946,1.16913,1.16915,197
2026-01-07 15:51:00,1.1690200000000002,1.1690200000000002,1.16873,1.16877,1.16915,1.16915,1.16885,1.1689,232
2026-01-07 15:52:00,1.16877,1.16886,1.1686200000000002,1.1686200000000002,1.1689,1.16898,1.16875,1.16876,166
2026-01-07 15:53:00,1.1686200000000002,1.1686200000000002,1.16847,1.1684800000000002,1.16876,1.16876,1.1686,1.16861,210
2026-01-07 15:54:00,1.1684800000000002,1.1685800000000002,1.1684100000000002,1.1685800000000002,1.16861,1.16871,1.16854,1.16871,192
2026-01-07 15:55:00,1.1685800000000002,1.1685800000000002,1.16826,1.16837,1.16871,1.16871,1.16839,1.16851,366
2026-01-07 15:56:00,1.16837,1.1684500000000002,1.1683100000000002,1.16843,1.16851,1.16858,1.16844,1.16856,268
2026-01-07 15:57:00,1.16843,1.16884,1.1684,1.16871,1.16856,1.16898,1.16853,1.16884,433
2026-01-07 15:58:00,1.16871,1.16888,1.16866,1.16887,1.16884,1.16901,1.16878,1.169,281
2026-01-07 15:59:00,1.16887,1.16898,1.16887,1.16896,1.169,1.1691,1.16899,1.16909,145
2026-01-07 16:00:00,1.16896,1.1691200000000002,1.1689500000000002,1.1691200000000002,1.16909,1.16925,1.16908,1.16924,154
2026-01-07 16:01:00,1.1691200000000002,1.1692,1.16905,1.16918,1.16924,1.16932,1.16917,1.1693099999999998,199
2026-01-07 16:02:00,1.16918,1.1692600000000002,1.1690900000000002,1.1690900000000002,1.1693099999999998,1.16939,1.16922,1.16922,177
2026-01-07 16:03:00,1.1690900000000002,1.16917,1.16905,1.16907,1.16922,1.16929,1.16917,1.1692,232
2026-01-07 16:04:00,1.16907,1.16921,1.16907,1.16917,1.1692,1.16934,1.1692,1.1693,198
2026-01-07 16:05:00,1.16917,1.1691900000000002,1.1690200000000002,1.1690900000000002,1.1693,1.16932,1.16915,1.16922,153
2026-01-07 16:06:00,1.1690900000000002,1.1691600000000002,1.16897,1.16901,1.16922,1.16928,1.1691,1.16914,193
2026-01-07 16:07:00,1.16901,1.1690200000000002,1.16886,1.1688900000000002,1.16914,1.16915,1.16899,1.16902,135
2026-01-07 16:08:00,1.1688900000000002,1.16914,1.1688500000000002,1.16888,1.16902,1.16926,1.16898,1.16902,287
2026-01-07 16:09:00,1.16888,1.16896,1.16887,1.16893,1.16902,1.1691,1.169,1.16907,215
2026-01-07 16:10:00,1.16893,1.1689500000000002,1.1687,1.1688200000000002,1.16907,1.16908,1.16883,1.16894,208
2026-01-07 16:11:00,1.1688200000000002,1.16883,1.16857,1.1686,1.16894,1.16895,1.1687,1.16874,210
2026-01-07 16:12:00,1.1686,1.16863,1.16852,1.1685500000000002,1.16874,1.16877,1.16865,1.16869,142
2026-01-07 16:13:00,1.1685500000000002,1.1686,1.1683100000000002,1.16832,1.16869,1.16873,1.16845,1.16847,212
2026-01-07 16:14:00,1.16832,1.16835,1.16819,1.16823,1.16847,1.16849,1.16832,1.16835,126
2026-01-07 16:15:00,1.16823,1.16847,1.16816,1.16847,1.16835,1.1686,1.16829,1.1686,194
2026-01-07 16:16:00,1.16847,1.16859,1.1684500000000002,1.1684500000000002,1.1686,1.16873,1.16858,1.16858,151
2026-01-07 16:17:00,1.1684500000000002,1.1684800000000002,1.1683100000000002,1.16836,1.16858,1.16861,1.16845,1.1685,105
2026-01-07 16:18:00,1.16836,1.16853,1.1683100000000002,1.1684800000000002,1.1685,1.16866,1.16844,1.16861,154
2026-01-07 16:19:00,1.1684800000000002,1.1685800000000002,1.16844,1.1685500000000002,1.16861,1.16871,1.16857,1.16868,94
2026-01-07 16:20:00,1.1685500000000002,1.16856,1.1684800000000002,1.16849,1.16868,1.16869,1.1686,1.16862,134
2026-01-07 16:21:00,1.16849,1.1686200000000002,1.16846,1.16857,1.16862,1.16875,1.16859,1.16869,124
2026-01-07 16:22:00,1.16857,1.16873,1.16854,1.16854,1.16869,1.16886,1.16867,1.16867,140
2026-01-07 16:23:00,1.16854,1.16854,1.1684800000000002,1.16852,1.16867,1.16867,1.1686,1.16865,90
2026-01-07 16:24:00,1.16852,1.1685800000000002,1.1684800000000002,1.1685500000000002,1.16865,1.16871,1.16861,1.16868,106
2026-01-07 16:25:00,1.1685500000000002,1.1686,1.1685100000000002,1.1685800000000002,1.16868,1.16873,1.16864,1.16871,121
2026-01-07 16:26:00,1.1685800000000002,1.1685800000000002,1.16846,1.16846,1.16871,1.16871,1.16859,1.1686,131
2026-01-07 16:27:00,1.16846,1.16847,1.16836,1.16842,1.1686,1.1686,1.16849,1.16855,107
2026-01-07 16:28:00,1.16842,1.1684800000000002,1.16837,1.1684100000000002,1.16855,1.16861,1.1685,1.16853,79
2026-01-07 16:29:00,1.1684100000000002,1.1685100000000002,1.16835,1.1685,1.16853,1.16863,1.16848,1.16863,95
2026-01-07 16:30:00,1.1685,1.1686,1.1685,1.1685,1.16863,1.16873,1.16863,1.16863,190
2026-01-07 16:31:00,1.1685,1.1685100000000002,1.1683800000000002,1.16843,1.16863,1.16864,1.16851,1.16856,116
2026-01-07 16:32:00,1.16843,1.16856,1.1684100000000002,1.16853,1.16856,1.16869,1.16855,1.16866,153
2026-01-07 16:33:00,1.16853,1.16873,1.1685100000000002,1.1687200000000002,1.16866,1.16886,1.16864,1.16885,180
2026-01-07 16:34:00,1.1687200000000002,1.16873,1.16853,1.16863,1.16885,1.16885,1.16866,1.16875,166
2026-01-07 16:35:00,1.16863,1.16863,1.16847,1.16847,1.16875,1.16876,1.16859,1.1686,165
2026-01-07 16:36:00,1.16847,1.16859,1.1684500000000002,1.16853,1.1686,1.16872,1.16859,1.16866,124
2026-01-07 16:37:00,1.16853,1.1685800000000002,1.1684800000000002,1.16854,1.16866,1.16871,1.16862,1.16867,117
2026-01-07 16:38:00,1.16854,1.16863,1.1685100000000002,1.16854,1.16867,1.16876,1.16864,1.16866,95
2026-01-07 16:39:00,1.16854,1.1686,1.1685100000000002,1.1686,1.16866,1.16873,1.16865,1.16872,113
2026-01-07 16:40:00,1.1686,1.1686,1.16847,1.1686,1.16872,1.16872,1.1686,1.16872,137
2026-01-07 16:41:00,1.1686,1.16873,1.16857,1.16873,1.16872,1.16886,1.16869,1.16885,146
2026-01-07 16:42:00,1.16873,1.16897,1.1687200000000002,1.16897,1.16885,1.1691,1.16885,1.1691,185
2026-01-07 16:43:00,1.16897,1.169,1.1688900000000002,1.1689,1.1691,1.16913,1.16902,1.16904,102
2026-01-07 16:44:00,1.1689,1.1689,1.1688500000000002,1.16888,1.16904,1.16904,1.16898,1.16901,48
2026-01-07 16:45:00,1.16888,1.1688900000000002,1.1688200000000002,1.16883,1.16901,1.16901,1.16895,1.16896,64
2026-01-07 16:46:00,1.16883,1.1688500000000002,1.16861,1.1686200000000002,1.16896,1.16898,1.16874,1.16876,125
2026-01-07 16:47:00,1.1686200000000002,1.16863,1.16856,1.1685800000000002,1.16876,1.16877,1.16868,1.16871,92
2026-01-07 16:48:00,1.1685800000000002,1.16859,1.1683800000000002,1.1683800000000002,1.16871,1.16872,1.16851,1.16851,125
2026-01-07 16:49:00,1.1683800000000002,1.16864,1.16837,1.16861,1.16851,1.16877,1.1685,1.16875,184
2026-01-07 16:50:00,1.16861,1.16871,1.16861,1.16867,1.16875,1.16884,1.16875,1.1688,79
2026-01-07 16:51:00,1.16867,1.1687,1.16854,1.16867,1.1688,1.16883,1.16866,1.1688,102
2026-01-07 16:52:00,1.16867,1.1686800000000002,1.16861,1.1686200000000002,1.1688,1.16881,1.16874,1.16875,31
2026-01-07 16:53:00,1.1686200000000002,1.16871,1.1686200000000002,1.16867,1.16875,1.16884,1.16875,1.16879,121
2026-01-07 16:54:00,1.16867,1.16871,1.16854,1.16871,1.16879,1.16883,1.16866,1.16883,126
2026-01-07 16:55:00,1.16871,1.1688200000000002,1.1686800000000002,1.16881,1.16883,1.16895,1.16881,1.16893,95
2026-01-07 16:56:00,1.16881,1.16883,1.16873,1.1687500000000002,1.16893,1.16895,1.16886,1.16888,87
2026-01-07 16:57:00,1.1687500000000002,1.16883,1.1687500000000002,1.1688200000000002,1.16888,1.16896,1.16887,1.16894,68
2026-01-07 16:58:00,1.1688200000000002,1.16887,1.16877,1.1687800000000002,1.16894,1.169,1.1689,1.16891,96
2026-01-07 16:59:00,1.1687800000000002,1.16888,1.1687800000000002,1.16887,1.16891,1.169,1.16891,1.169,114
2026-01-07 17:00:00,1.16887,1.16905,1.16886,1.16903,1.169,1.16918,1.16899,1.16915,126
2026-01-07 17:01:00,1.16903,1.1690600000000002,1.16901,1.16901,1.16915,1.16919,1.16914,1.16915,100
2026-01-07 17:02:00,1.16901,1.16914,1.16901,1.1691200000000002,1.16915,1.16927,1.16915,1.16924,84
2026-01-07 17:03:00,1.1691200000000002,1.16932,1.16908,1.16927,1.16924,1.16946,1.16921,1.1694,147
2026-01-07 17:04:00,1.16927,1.16934,1.16922,1.16932,1.1694,1.16946,1.16935,1.16944,109
2026-01-07 17:05:00,1.16932,1.1693300000000002,1.16922,1.16924,1.16944,1.16946,1.16934,1.16936,181
2026-01-07 17:06:00,1.16924,1.16932,1.16921,1.16922,1.16936,1.16945,1.16934,1.16934,159
2026-01-07 17:07:00,1.16922,1.1694300000000002,1.1692,1.16934,1.16934,1.16955,1.16933,1.16948,147
2026-01-07 17:08:00,1.16934,1.1693900000000002,1.16924,1.16931,1.16948,1.16951,1.16937,1.16944,126
2026-01-07 17:09:00,1.16931,1.1693300000000002,1.16911,1.16911,1.16944,1.16946,1.16924,1.16924,117
2026-01-07 17:10:00,1.16911,1.1691200000000002,1.1689500000000002,1.16896,1.16924,1.16925,1.16909,1.16909,131
2026-01-07 17:11:00,1.16896,1.169,1.16887,1.16887,1.16909,1.16913,1.169,1.16901,88
2026-01-07 17:12:00,1.16887,1.16888,1.1687800000000002,1.16886,1.16901,1.16901,1.1689,1.16899,142
2026-01-07 17:13:00,1.16886,1.16887,1.16867,1.16867,1.16899,1.16899,1.1688,1.1688,148
2026-01-07 17:14:00,1.16867,1.16881,1.16867,1.16876,1.1688,1.16893,1.16879,1.1689,115
2026-01-07 17:15:00,1.16876,1.16876,1.16863,1.16864,1.1689,1.1689,1.16877,1.16878,86
2026-01-07 17:16:00,1.16864,1.1687,1.1686,1.1686500000000002,1.16878,1.16883,1.16873,1.16878,197
2026-01-07 17:17:00,1.1686500000000002,1.1688200000000002,1.16861,1.1687200000000002,1.16878,1.16895,1.16873,1.16885,129
2026-01-07 17:18:00,1.1687200000000002,1.1687200000000002,1.16859,1.16861,1.16885,1.16886,1.16872,1.16874,89
2026-01-07 17:19:00,1.16861,1.16869,1.16856,1.16869,1.16874,1.16881,1.16869,1.16881,145
2026-01-07 17:20:00,1.16869,1.16871,1.16863,1.1687,1.16881,1.16884,1.16877,1.16883,124
2026-01-07 17:21:00,1.1687,1.1687200000000002,1.16864,1.1686800000000002,1.16883,1.16884,1.16877,1.16881,103
2026-01-07 17:22:00,1.1686800000000002,1.1687800000000002,1.16867,1.1686800000000002,1.16881,1.16891,1.16881,1.16881,117
2026-01-07 17:23:00,1.1686800000000002,1.16877,1.16867,1.16877,1.16881,1.16889,1.16881,1.16889,92
2026-01-07 17:24:00,1.16877,1.1688200000000002,1.16866,1.16867,1.16889,1.16894,1.16879,1.1688,94
2026-01-07 17:25:00,1.16867,1.16881,1.16866,1.16881,1.1688,1.16893,1.1688,1.16893,123
2026-01-07 17:26:00,1.16881,1.16891,1.16881,1.1688900000000002,1.16893,1.16903,1.16893,1.16902,82
2026-01-07 17:27:00,1.1688900000000002,1.16893,1.16886,1.16888,1.16902,1.16906,1.169,1.169,147
2026-01-07 17:28:00,1.16888,1.16896,1.16884,1.16894,1.169,1.1691,1.16897,1.16907,131
2026-01-07 17:29:00,1.16894,1.1689500000000002,1.1688200000000002,1.1689200000000002,1.16907,1.16908,1.16896,1.16905,130
2026-01-07 17:30:00,1.1689200000000002,1.16893,1.16883,1.16887,1.16905,1.16905,1.16896,1.169,135
2026-01-07 17:31:00,1.16887,1.1689200000000002,1.1687,1.1689200000000002,1.169,1.16904,1.16883,1.16904,147
2026-01-07 17:32:00,1.1689200000000002,1.1689900000000002,1.1689,1.16898,1.16904,1.16912,1.16904,1.16912,177
2026-01-07 17:33:00,1.16898,1.1690600000000002,1.16898,1.16904,1.16912,1.16918,1.16912,1.16917,76
2026-01-07 17:34:00,1.16904,1.16904,1.1688500000000002,1.16903,1.16917,1.16917,1.16899,1.16916,143
2026-01-07 17:35:00,1.16903,1.16907,1.1689200000000002,1.16894,1.16916,1.1692,1.16905,1.16907,74
2026-01-07 17:36:00,1.16894,1.16894,1.1688200000000002,1.16884,1.16907,1.16907,1.16896,1.16896,80
2026-01-07 17:37:00,1.16884,1.16887,1.1687500000000002,1.1687800000000002,1.16896,1.169,1.16888,1.16891,87
2026-01-07 17:38:00,1.1687800000000002,1.16881,1.16873,1.16874,1.16891,1.16894,1.16886,1.16886,69
2026-01-07 17:39:00,1.16874,1.16883,1.16873,1.16883,1.16886,1.16896,1.16885,1.16896,101
2026-01-07 17:40:00,1.16883,1.16893,1.1688200000000002,1.16887,1.16896,1.16907,1.16895,1.169,80
2026-01-07 17:41:00,1.16887,1.16897,1.16886,1.16896,1.169,1.16911,1.169,1.16909,79
2026-01-07 17:42:00,1.16896,1.16896,1.16884,1.16884,1.16909,1.16909,1.16897,1.16897,78
2026-01-07 17:43:00,1.16884,1.1689200000000002,1.16884,1.16891,1.16897,1.16905,1.16897,1.16903,69
2026-01-07 17:44:00,1.16891,1.1689900000000002,1.16888,1.16898,1.16903,1.16912,1.16901,1.16912,64
2026-01-07 17:45:00,1.16898,1.16907,1.1689200000000002,1.1689900000000002,1.16912,1.16919,1.16905,1.16913,174
2026-01-07 17:46:00,1.1689900000000002,1.16903,1.1689500000000002,1.16903,1.16913,1.16917,1.16909,1.16916,105
2026-01-07 17:47:00,1.16903,1.16911,1.16901,1.16904,1.16916,1.16925,1.16914,1.16917,74
2026-01-07 17:48:00,1.16904,1.16907,1.16898,1.16898,1.16917,1.1692,1.16911,1.16911,112
2026-01-07 17:49:00,1.16898,1.16898,1.16888,1.16894,1.16911,1.16911,1.16901,1.16906,137
2026-01-07 17:50:00,1.16894,1.16896,1.16886,1.16888,1.16906,1.16909,1.16899,1.169,113
2026-01-07 17:51:00,1.16888,1.16888,1.1687,1.16871,1.169,1.169,1.16883,1.16884,115
2026-01-07 17:52:00,1.16871,1.16881,1.16871,1.1688,1.16884,1.16893,1.16884,1.16893,112
2026-01-07 17:53:00,1.1688,1.16887,1.1687800000000002,1.1688500000000002,1.16893,1.169,1.16892,1.16898,64
2026-01-07 17:54:00,1.1688500000000002,1.16898,1.16884,1.1689200000000002,1.16898,1.16911,1.16897,1.16905,148
2026-01-07 17:55:00,1.1689200000000002,1.16893,1.1687200000000002,1.1687200000000002,1.16905,1.16906,1.16885,1.16885,150
2026-01-07 17:56:00,1.1687200000000002,1.16876,1.16857,1.1685800000000002,1.16885,1.16889,1.1687,1.16871,178
2026-01-07 17:57:00,1.1685800000000002,1.16884,1.16857,1.16884,1.16871,1.16896,1.1687,1.16896,157
2026-01-07 17:58:00,1.16884,1.16888,1.16874,1.16876,1.16896,1.16901,1.16887,1.16889,124
2026-01-07 17:59:00,1.16876,1.1687800000000002,1.16871,1.16874,1.16889,1.16891,1.16883,1.16888,149
2026-01-07 18:00:00,1.16874,1.16874,1.1685800000000002,1.1686,1.16888,1.16888,1.16872,1.16874,81
2026-01-07 18:01:00,1.1686,1.1686200000000002,1.1685100000000002,1.16861,1.16874,1.16875,1.16864,1.16874,92
2026-01-07 18:02:00,1.16861,1.16873,1.1685800000000002,1.16873,1.16874,1.16886,1.16871,1.16886,94
2026-01-07 18:03:00,1.16873,1.16881,1.1687200000000002,1.16877,1.16886,1.16894,1.16884,1.1689,59
2026-01-07 18:04:00,1.16877,1.16888,1.16877,1.16887,1.1689,1.16901,1.1689,1.169,86
2026-01-07 18:05:00,1.16887,1.16891,1.16881,1.16884,1.169,1.16903,1.16894,1.16897,76
2026-01-07 18:06:00,1.16884,1.16893,1.16881,1.16893,1.16897,1.16906,1.16894,1.16906,104
2026-01-07 18:07:00,1.16893,1.16898,1.16888,1.16898,1.16906,1.16911,1.169,1.16911,95
2026-01-07 18:08:00,1.16898,1.16898,1.1688,1.1688,1.16911,1.16911,1.16893,1.16893,96
2026-01-07 18:09:00,1.1688,1.16883,1.16877,1.1688,1.16893,1.16896,1.1689,1.16893,100
2026-01-07 18:10:00,1.1688,1.1688200000000002,1.16873,1.1687800000000002,1.16893,1.16895,1.16886,1.16891,118
2026-01-07 18:11:00,1.1687800000000002,1.1687800000000002,1.16866,1.1686800000000002,1.16891,1.16892,1.16879,1.16881,135
2026-01-07 18:12:00,1.1686800000000002,1.1688200000000002,1.1686800000000002,1.1687800000000002,1.16881,1.16895,1.1688,1.16891,80
2026-01-07 18:13:00,1.1687800000000002,1.16887,1.16876,1.16883,1.16891,1.169,1.16889,1.16896,76
2026-01-07 18:14:00,1.16883,1.16893,1.1688200000000002,1.1688200000000002,1.16896,1.16905,1.16895,1.16896,102
2026-01-07 18:15:00,1.1688200000000002,1.16888,1.16881,1.1688200000000002,1.16896,1.16901,1.16894,1.16894,71
2026-01-07 18:16:00,1.1688200000000002,1.16884,1.1687200000000002,1.1687200000000002,1.16894,1.16897,1.16885,1.16885,63
2026-01-07 18:17:00,1.1687200000000002,1.16873,1.1686500000000002,1.1686800000000002,1.16885,1.16886,1.16878,1.16881,86
2026-01-07 18:18:00,1.1686800000000002,1.16884,1.16864,1.16881,1.16881,1.16897,1.16877,1.16894,126
2026-01-07 18:19:00,1.16881,1.16883,1.16871,1.1687200000000002,1.16894,1.16896,1.16885,1.16885,58
2026-01-07 18:20:00,1.1687200000000002,1.16877,1.16871,1.1687200000000002,1.16885,1.16891,1.16884,1.16884,65
2026-01-07 18:21:00,1.1687200000000002,1.1687200000000002,1.16863,1.1687200000000002,1.16884,1.16885,1.16877,1.16884,111
2026-01-07 18:22:00,1.1687200000000002,1.16876,1.16866,1.16873,1.16884,1.16889,1.1688,1.16886,66
2026-01-07 18:23:00,1.16873,1.16879,1.16871,1.16873,1.16886,1.16891,1.16883,1.16886,79
2026-01-07 18:24:00,1.16873,1.16879,1.1687,1.16879,1.16886,1.16893,1.16884,1.16892,85
2026-01-07 18:25:00,1.16879,1.16879,1.16874,1.16879,1.16892,1.16892,1.16888,1.16891,48
2026-01-07 18:26:00,1.16879,1.16883,1.1687800000000002,1.1688200000000002,1.16891,1.16896,1.1689,1.16895,53
2026-01-07 18:27:00,1.1688200000000002,1.16883,1.1687500000000002,1.1687500000000002,1.16895,1.16896,1.16887,1.16888,79
2026-01-07 18:28:00,1.1687500000000002,1.16876,1.1687,1.16874,1.16888,1.16888,1.16884,1.16888,64
2026-01-07 18:29:00,1.16874,1.16877,1.16867,1.1686800000000002,1.16888,1.16889,1.1688,1.1688,86
2026-01-07 18:30:00,1.1686800000000002,1.16873,1.16867,1.1687200000000002,1.1688,1.16886,1.16879,1.16886,62
2026-01-07 18:31:00,1.1687200000000002,1.1688200000000002,1.1687200000000002,1.1688200000000002,1.16886,1.16895,1.16885,1.16895,76
2026-01-07 18:32:00,1.1688200000000002,1.16883,1.1688,1.1688,1.16895,1.16896,1.16892,1.16892,48
2026-01-07 18:33:00,1.1688,1.16888,1.1688,1.16884,1.16892,1.16901,1.16892,1.16896,104
2026-01-07 18:34:00,1.16884,1.16888,1.16881,1.1688200000000002,1.16896,1.16902,1.16894,1.16895,85
2026-01-07 18:35:00,1.1688200000000002,1.1688200000000002,1.16873,1.16876,1.16895,1.16895,1.16887,1.16889,107
2026-01-07 18:36:00,1.16876,1.1688500000000002,1.1687500000000002,1.16881,1.16889,1.16897,1.16888,1.16894,118
2026-01-07 18:37:00,1.16881,1.16887,1.16881,1.1688200000000002,1.16894,1.16899,1.16894,1.16895,125
2026-01-07 18:38:00,1.1688200000000002,1.16891,1.16881,1.16887,1.16895,1.16903,1.16894,1.169,86
2026-01-07 18:39:00,1.16887,1.16887,1.1688,1.1688,1.169,1.169,1.16893,1.16894,51
2026-01-07 18:40:00,1.1688,1.16883,1.1687500000000002,1.16876,1.16894,1.16896,1.16889,1.16889,49
2026-01-07 18:41:00,1.16876,1.16883,1.16873,1.1688200000000002,1.16889,1.16897,1.16887,1.16896,109
2026-01-07 18:42:00,1.1688200000000002,1.16886,1.1687800000000002,1.16883,1.16896,1.16898,1.16891,1.16896,72
2026-01-07 18:43:00,1.16883,1.16887,1.16881,1.16886,1.16896,1.169,1.16894,1.16899,52
2026-01-07 18:44:00,1.16886,1.16886,1.1688,1.16881,1.16899,1.16899,1.16893,1.16894,24
2026-01-07 18:45:00,1.16881,1.16881,1.16864,1.16866,1.16894,1.16894,1.16877,1.16879,106
2026-01-07 18:46:00,1.16866,1.16869,1.1686500000000002,1.16869,1.16879,1.16882,1.16878,1.16882,74
2026-01-07 18:47:00,1.16869,1.16874,1.16864,1.16867,1.16882,1.16886,1.16878,1.1688,94
2026-01-07 18:48:00,1.16867,1.16874,1.16867,1.16874,1.1688,1.16887,1.1688,1.16887,44
2026-01-07 18:49:00,1.16874,1.16879,1.1686200000000002,1.16863,1.16887,1.16892,1.16876,1.16876,106
2026-01-07 18:50:00,1.16863,1.16867,1.16857,1.16859,1.16876,1.16879,1.16871,1.16872,102
2026-01-07 18:51:00,1.16859,1.16861,1.16857,1.1685800000000002,1.16872,1.16874,1.1687,1.16871,63
2026-01-07 18:52:00,1.1685800000000002,1.16863,1.16857,1.1686200000000002,1.16871,1.16876,1.1687,1.16875,70
2026-01-07 18:53:00,1.1686200000000002,1.16873,1.16861,1.16873,1.16875,1.16887,1.16874,1.16886,52
2026-01-07 18:54:00,1.16873,1.1687800000000002,1.16871,1.16874,1.16886,1.16891,1.16884,1.16886,72
2026-01-07 18:55:00,1.16874,1.16876,1.16849,1.16853,1.16886,1.1689,1.16863,1.16867,212
2026-01-07 18:56:00,1.16853,1.16854,1.1683400000000002,1.16836,1.16867,1.16868,1.16848,1.16849,196
2026-01-07 18:57:00,1.16836,1.16844,1.16833,1.1683400000000002,1.16849,1.16857,1.16846,1.16848,173
2026-01-07 18:58:00,1.1683400000000002,1.16836,1.16822,1.16823,1.16848,1.16849,1.16835,1.16835,172
2026-01-07 18:59:00,1.16823,1.1682800000000002,1.16818,1.1682400000000002,1.16835,1.16841,1.16832,1.16838,218
2026-01-07 19:00:00,1.1682400000000002,1.1683800000000002,1.1682100000000002,1.16827,1.16838,1.1685,1.16833,1.1684,242
2026-01-07 19:01:00,1.16827,1.16832,1.16825,1.1683100000000002,1.1684,1.16844,1.16838,1.16844,178
2026-01-07 19:02:00,1.1683100000000002,1.1684100000000002,1.16823,1.1684,1.16844,1.16854,1.16837,1.16853,251
2026-01-07 19:03:00,1.1684,1.1684100000000002,1.16835,1.16836,1.16853,1.16853,1.16847,1.16848,100
2026-01-07 19:04:00,1.16836,1.16846,1.16835,1.16846,1.16848,1.16859,1.16848,1.16859,98
2026-01-07 19:05:00,1.16846,1.16846,1.16833,1.16842,1.16859,1.16859,1.16846,1.16855,90
2026-01-07 19:06:00,1.16842,1.1684800000000002,1.16842,1.16844,1.16855,1.1686,1.16854,1.16858,82
2026-01-07 19:07:00,1.16844,1.16847,1.16826,1.16826,1.16858,1.16859,1.16838,1.16839,134
2026-01-07 19:08:00,1.16826,1.1682800000000002,1.16825,1.16826,1.16839,1.16841,1.16838,1.16839,55
2026-01-07 19:09:00,1.16826,1.16827,1.16806,1.1681100000000002,1.16839,1.1684,1.1682,1.16823,113
2026-01-07 19:10:00,1.1681100000000002,1.1681100000000002,1.1679400000000002,1.1680100000000002,1.16823,1.16824,1.16809,1.16813,142
2026-01-07 19:11:00,1.1680100000000002,1.16805,1.16796,1.16802,1.16813,1.16818,1.16809,1.16815,123
2026-01-07 19:12:00,1.16802,1.16812,1.1680100000000002,1.16805,1.16815,1.16826,1.16814,1.16819,102
2026-01-07 19:13:00,1.16805,1.1680700000000002,1.168,1.16803,1.16819,1.16819,1.16814,1.16816,130
2026-01-07 19:14:00,1.16803,1.1681100000000002,1.16792,1.1681100000000002,1.16816,1.16823,1.16805,1.16823,114
2026-01-07 19:15:00,1.1681100000000002,1.16812,1.16806,1.16806,1.16823,1.16825,1.16819,1.16819,59
2026-01-07 19:16:00,1.16806,1.16806,1.16791,1.16793,1.16819,1.16819,1.16804,1.16806,95
2026-01-07 19:17:00,1.16793,1.16802,1.16792,1.1679700000000002,1.16806,1.16815,1.16806,1.1681,86
2026-01-07 19:18:00,1.1679700000000002,1.1679700000000002,1.1678700000000002,1.1678700000000002,1.1681,1.16811,1.168,1.16801,40
2026-01-07 19:19:00,1.1678700000000002,1.16791,1.16781,1.16788,1.16801,1.16805,1.16795,1.16802,106
2026-01-07 19:20:00,1.16788,1.16793,1.16788,1.16792,1.16802,1.16807,1.16802,1.16805,40
2026-01-07 19:21:00,1.16792,1.16798,1.16791,1.1679700000000002,1.16805,1.16811,1.16805,1.1681,93
2026-01-07 19:22:00,1.1679700000000002,1.1680400000000002,1.16796,1.16803,1.1681,1.16817,1.16809,1.16816,81
2026-01-07 19:23:00,1.16803,1.1680700000000002,1.1679700000000002,1.16799,1.16816,1.1682,1.16811,1.16812,91
2026-01-07 19:24:00,1.16799,1.1680100000000002,1.16795,1.1679700000000002,1.16812,1.16814,1.16809,1.16809,66
2026-01-07 19:25:00,1.1679700000000002,1.16803,1.16796,1.1680100000000002,1.16809,1.16816,1.16809,1.16814,61
2026-01-07 19:26:00,1.1680100000000002,1.1680100000000002,1.16791,1.16792,1.16814,1.16814,1.16804,1.16805,123
2026-01-07 19:27:00,1.16792,1.16793,1.16782,1.16792,1.16805,1.16805,1.16795,1.16805,66
2026-01-07 19:28:00,1.16792,1.1679700000000002,1.16786,1.16786,1.16805,1.16809,1.16799,1.168,60
2026-01-07 19:29:00,1.16786,1.16796,1.16786,1.16793,1.168,1.16808,1.16799,1.16805,68
2026-01-07 19:30:00,1.16793,1.1679700000000002,1.16791,1.16796,1.16805,1.16809,1.16804,1.16809,68
2026-01-07 19:31:00,1.16796,1.1679700000000002,1.16786,1.16788,1.16809,1.16809,1.16799,1.16801,66
2026-01-07 19:32:00,1.16788,1.16792,1.16786,1.16791,1.16801,1.16804,1.168,1.16804,79
2026-01-07 19:33:00,1.16791,1.16798,1.16791,1.1679700000000002,1.16804,1.16811,1.16804,1.1681,92
2026-01-07 19:34:00,1.1679700000000002,1.168,1.16796,1.168,1.1681,1.16814,1.16809,1.16813,39
2026-01-07 19:35:00,1.168,1.1680400000000002,1.16798,1.16802,1.16813,1.16817,1.1681,1.16816,55
2026-01-07 19:36:00,1.16802,1.1680700000000002,1.16802,1.16805,1.16816,1.16819,1.16815,1.16819,45
2026-01-07 19:37:00,1.16805,1.1681700000000002,1.16805,1.16813,1.16819,1.1683,1.16818,1.16827,61
2026-01-07 19:38:00,1.16813,1.16816,1.16806,1.1680700000000002,1.16827,1.16829,1.16819,1.16821,93
2026-01-07 19:39:00,1.1680700000000002,1.16822,1.1680700000000002,1.1682100000000002,1.16821,1.16835,1.16821,1.16834,89
2026-01-07 19:40:00,1.1682100000000002,1.1682100000000002,1.1681100000000002,1.16813,1.16834,1.16834,1.16824,1.16825,60
2026-01-07 19:41:00,1.16813,1.1681700000000002,1.1681,1.16812,1.16825,1.1683,1.16823,1.16826,50
2026-01-07 19:42:00,1.16812,1.1682100000000002,1.16812,1.1682,1.16826,1.16834,1.16825,1.16833,81
2026-01-07 19:43:00,1.1682,1.1682100000000002,1.1681100000000002,1.1681700000000002,1.16833,1.16835,1.16824,1.1683,61
2026-01-07 19:44:00,1.1681700000000002,1.1682100000000002,1.1680700000000002,1.16808,1.1683,1.16835,1.1682,1.16821,56
2026-01-07 19:45:00,1.16808,1.1681100000000002,1.16806,1.1681100000000002,1.16821,1.16824,1.16819,1.16823,84
2026-01-07 19:46:00,1.1681100000000002,1.16812,1.1680100000000002,1.16812,1.16823,1.16826,1.16815,1.16825,82
2026-01-07 19:47:00,1.16812,1.1681400000000002,1.1681100000000002,1.16812,1.16825,1.16827,1.16824,1.16826,40
2026-01-07 19:48:00,1.16812,1.16827,1.16812,1.16827,1.16826,1.1684,1.16825,1.16839,103
2026-01-07 19:49:00,1.16827,1.16833,1.16822,1.16825,1.16839,1.16846,1.16835,1.16837,67
2026-01-07 19:50:00,1.16825,1.1682800000000002,1.16818,1.16819,1.16837,1.16841,1.16831,1.16832,109
2026-01-07 19:51:00,1.16819,1.16827,1.16819,1.16822,1.16832,1.16841,1.16831,1.16835,88
2026-01-07 19:52:00,1.16822,1.16823,1.16819,1.16823,1.16835,1.16836,1.16832,1.16835,94
2026-01-07 19:53:00,1.16823,1.1682800000000002,1.16812,1.1681700000000002,1.16835,1.16841,1.16825,1.1683,156
2026-01-07 19:54:00,1.1681700000000002,1.1682800000000002,1.16816,1.16822,1.1683,1.16841,1.16828,1.16834,81
2026-01-07 19:55:00,1.16822,1.16826,1.1681700000000002,1.16822,1.16834,1.16839,1.16829,1.16835,155
2026-01-07 19:56:00,1.16822,1.1682800000000002,1.16822,1.16827,1.16835,1.16841,1.16834,1.16839,103
2026-01-07 19:57:00,1.16827,1.1682800000000002,1.1682100000000002,1.16822,1.16839,1.16841,1.16833,1.16836,123
2026-01-07 19:58:00,1.16822,1.16827,1.1681700000000002,1.16827,1.16836,1.16841,1.16831,1.1684,51
2026-01-07 19:59:00,1.16827,1.16827,1.16815,1.1681700000000002,1.1684,1.16841,1.16829,1.1683,104
2026-01-07 20:00:00,1.1681700000000002,1.1682,1.16799,1.16813,1.1683,1.16833,1.16811,1.16826,220
2026-01-07 20:01:00,1.16813,1.1682800000000002,1.16813,1.16827,1.16826,1.16841,1.16825,1.16841,141
2026-01-07 20:02:00,1.16827,1.1683,1.16827,1.16827,1.16841,1.16844,1.1684,1.16841,47
2026-01-07 20:03:00,1.16827,1.16827,1.1682100000000002,1.16823,1.16841,1.16841,1.16834,1.16837,66
2026-01-07 20:04:00,1.16823,1.16833,1.16823,1.1683,1.16837,1.16846,1.16836,1.16843,104
2026-01-07 20:05:00,1.1683,1.16833,1.16827,1.1682800000000002,1.16843,1.16846,1.1684,1.16841,58
2026-01-07 20:06:00,1.1682800000000002,1.1682800000000002,1.1681700000000002,1.16822,1.16841,1.16841,1.1683,1.16836,89
2026-01-07 20:07:00,1.16822,1.16823,1.1681,1.1681100000000002,1.16836,1.16836,1.16823,1.16825,76
2026-01-07 20:08:00,1.1681100000000002,1.1681100000000002,1.16806,1.1680700000000002,1.16825,1.16825,1.1682,1.16821,52
2026-01-07 20:09:00,1.1680700000000002,1.1681400000000002,1.1680700000000002,1.1681400000000002,1.16821,1.16828,1.16821,1.16827,26
2026-01-07 20:10:00,1.1681400000000002,1.1682,1.1681400000000002,1.1681700000000002,1.16827,1.16833,1.16827,1.16831,47
2026-01-07 20:11:00,1.1681700000000002,1.1682,1.16812,1.16818,1.16831,1.16835,1.16826,1.16831,178
2026-01-07 20:12:00,1.16818,1.16819,1.1681400000000002,1.16816,1.16831,1.16832,1.16827,1.16829,40
2026-01-07 20:13:00,1.16816,1.16816,1.1681100000000002,1.16812,1.16829,1.16829,1.16824,1.16825,366
2026-01-07 20:14:00,1.16812,1.1681400000000002,1.1680700000000002,1.1680700000000002,1.16825,1.16827,1.16821,1.16821,126
2026-01-07 20:15:00,1.1680700000000002,1.16808,1.16791,1.16803,1.16821,1.16821,1.16804,1.16817,101
2026-01-07 20:16:00,1.16803,1.16809,1.16802,1.16805,1.16817,1.16822,1.16816,1.16819,71
2026-01-07 20:17:00,1.16805,1.16815,1.16803,1.16815,1.16819,1.16828,1.16817,1.16827,87
2026-01-07 20:18:00,1.16815,1.16819,1.16813,1.16819,1.16827,1.16833,1.16826,1.16832,40
2026-01-07 20:19:00,1.16819,1.16827,1.16819,1.1682400000000002,1.16832,1.1684,1.16832,1.16837,89
2026-01-07 20:20:00,1.1682400000000002,1.1682400000000002,1.1682,1.16823,1.16837,1.16837,1.16833,1.16836,55
2026-01-07 20:21:00,1.16823,1.1682400000000002,1.16823,1.16823,1.16836,1.16837,1.16835,1.16836,86
2026-01-07 20:22:00,1.16823,1.1682400000000002,1.16819,1.1682400000000002,1.16836,1.16837,1.16831,1.16836,68
2026-01-07 20:23:00,1.1682400000000002,1.1682400000000002,1.1682,1.1682400000000002,1.16836,1.16836,1.16833,1.16836,28
2026-01-07 20:24:00,1.1682400000000002,1.1682400000000002,1.16823,1.16823,1.16836,1.16836,1.16836,1.16836,5
2026-01-07 20:25:00,1.16823,1.1682400000000002,1.16808,1.16808,1.16836,1.16837,1.1682,1.1682,86
2026-01-07 20:26:00,1.16808,1.1681,1.16805,1.16806,1.1682,1.16824,1.16817,1.16819,72
2026-01-07 20:27:00,1.16806,1.1680700000000002,1.16802,1.16803,1.16819,1.1682,1.16815,1.16816,94
2026-01-07 20:28:00,1.16803,1.16808,1.168,1.16803,1.16816,1.16821,1.16813,1.16816,48
2026-01-07 20:29:00,1.16803,1.1680400000000002,1.16799,1.1680100000000002,1.16816,1.16817,1.16812,1.16814,82
2026-01-07 20:30:00,1.1680100000000002,1.16806,1.16796,1.16803,1.16814,1.1682,1.16809,1.16816,70
2026-01-07 20:31:00,1.16803,1.1680700000000002,1.16802,1.1680700000000002,1.16816,1.1682,1.16816,1.1682,53
2026-01-07 20:32:00,1.1680700000000002,1.16818,1.1680700000000002,1.1681400000000002,1.1682,1.16831,1.1682,1.16827,58
2026-01-07 20:33:00,1.1681400000000002,1.16823,1.1681400000000002,1.16818,1.16827,1.16836,1.16827,1.16832,191
2026-01-07 20:34:00,1.16818,1.1682,1.16812,1.16812,1.16832,1.16832,1.16825,1.16825,32
2026-01-07 20:35:00,1.16812,1.16813,1.1680700000000002,1.1681100000000002,1.16825,1.16826,1.1682,1.16824,73
2026-01-07 20:36:00,1.1681100000000002,1.16819,1.1681100000000002,1.1681400000000002,1.16824,1.16831,1.16823,1.16826,33
2026-01-07 20:37:00,1.1681400000000002,1.1681700000000002,1.1680700000000002,1.1680700000000002,1.16826,1.16829,1.1682,1.1682,45
2026-01-07 20:38:00,1.1680700000000002,1.16816,1.1680700000000002,1.1681100000000002,1.1682,1.16829,1.1682,1.16824,41
2026-01-07 20:39:00,1.1681100000000002,1.16816,1.1681100000000002,1.1681100000000002,1.16824,1.16829,1.16823,1.16825,64
2026-01-07 20:40:00,1.1681100000000002,1.1681400000000002,1.16809,1.16813,1.16825,1.16827,1.16823,1.16826,99
2026-01-07 20:41:00,1.16813,1.1681400000000002,1.1681100000000002,1.16813,1.16826,1.16827,1.16824,1.16825,43
2026-01-07 20:42:00,1.16813,1.1681400000000002,1.1680700000000002,1.16808,1.16825,1.16827,1.16821,1.16821,41
2026-01-07 20:43:00,1.16808,1.1681100000000002,1.16806,1.16806,1.16821,1.16824,1.1682,1.1682,77
2026-01-07 20:44:00,1.16806,1.16809,1.16805,1.16806,1.1682,1.16822,1.16818,1.16818,46
2026-01-07 20:45:00,1.16806,1.16806,1.16796,1.168,1.16818,1.16818,1.1681,1.16813,118
2026-01-07 20:46:00,1.168,1.1680400000000002,1.1679400000000002,1.1680400000000002,1.16813,1.16816,1.16808,1.16816,108
2026-01-07 20:47:00,1.1680400000000002,1.16808,1.16798,1.16798,1.16816,1.16821,1.1681,1.16811,95
2026-01-07 20:48:00,1.16798,1.1680100000000002,1.16796,1.16798,1.16811,1.16813,1.16809,1.16811,125
2026-01-07 20:49:00,1.16798,1.1680100000000002,1.16796,1.16799,1.16811,1.16815,1.16809,1.16813,64
2026-01-07 20:50:00,1.16799,1.1681100000000002,1.16799,1.1681,1.16813,1.16824,1.16813,1.16823,41
2026-01-07 20:51:00,1.1681,1.1681,1.168,1.16806,1.16823,1.16823,1.16812,1.16818,70
2026-01-07 20:52:00,1.16806,1.16806,1.16799,1.16799,1.16818,1.16818,1.16811,1.16812,36
2026-01-07 20:53:00,1.16799,1.1680100000000002,1.1679700000000002,1.16799,1.16812,1.16813,1.16811,1.16812,59
2026-01-07 20:54:00,1.16799,1.16803,1.1679700000000002,1.16799,1.16812,1.16815,1.16811,1.16811,43
2026-01-07 20:55:00,1.16799,1.16799,1.16789,1.16792,1.16811,1.16811,1.16803,1.16805,83
2026-01-07 20:56:00,1.16792,1.16793,1.1678700000000002,1.1678700000000002,1.16805,1.16806,1.168,1.168,44
2026-01-07 20:57:00,1.1678700000000002,1.1678700000000002,1.1678400000000002,1.16786,1.168,1.168,1.16797,1.168,28
2026-01-07 20:58:00,1.16786,1.16793,1.16785,1.16793,1.168,1.16805,1.16797,1.16805,76
2026-01-07 20:59:00,1.16793,1.1679700000000002,1.16783,1.16783,1.16805,1.16809,1.16796,1.16796,181
2026-01-07 21:00:00,1.16783,1.1678700000000002,1.16774,1.16774,1.16796,1.16801,1.16786,1.16787,166
2026-01-07 21:01:00,1.16774,1.16776,1.1677300000000002,1.16774,1.16787,1.16789,1.16786,1.16787,36
2026-01-07 21:02:00,1.16774,1.1677700000000002,1.1677300000000002,1.16774,1.16787,1.1679,1.16786,1.16787,83
2026-01-07 21:03:00,1.16774,1.16775,1.1677300000000002,1.1677300000000002,1.16787,1.16787,1.16785,1.16787,33
2026-01-07 21:04:00,1.1677300000000002,1.16776,1.1677300000000002,1.16774,1.16787,1.16789,1.16787,1.16787,31
2026-01-07 21:05:00,1.16774,1.16774,1.16772,1.1677300000000002,1.16787,1.16788,1.16785,1.16785,17
2026-01-07 21:06:00,1.1677300000000002,1.1677300000000002,1.16761,1.1676300000000002,1.16785,1.16785,1.16773,1.16775,35
2026-01-07 21:07:00,1.1676300000000002,1.16769,1.16759,1.1676700000000002,1.16775,1.16782,1.16772,1.1678,26
2026-01-07 21:08:00,1.1676700000000002,1.16769,1.1676700000000002,1.16768,1.1678,1.16782,1.1678,1.16781,8
2026-01-07 21:09:00,1.16768,1.1677300000000002,1.16768,1.16772,1.16781,1.16786,1.16781,1.16785,38
2026-01-07 21:10:00,1.16772,1.16774,1.16772,1.1677300000000002,1.16785,1.16787,1.16785,1.16785,35
2026-01-07 21:11:00,1.1677300000000002,1.16775,1.16772,1.16772,1.16785,1.16787,1.16785,1.16785,37
2026-01-07 21:12:00,1.16772,1.16774,1.16772,1.1677300000000002,1.16785,1.16788,1.16785,1.16785,4
2026-01-07 21:13:00,1.1677300000000002,1.1677300000000002,1.16772,1.16772,1.16785,1.16787,1.16784,1.16785,20
2026-01-07 21:14:00,1.16772,1.1677300000000002,1.16772,1.16772,1.16785,1.16785,1.16784,1.16785,17
2026-01-07 21:15:00,1.16772,1.1677300000000002,1.1676700000000002,1.16768,1.16785,1.16786,1.1678,1.16782,26
2026-01-07 21:16:00,1.16768,1.1677300000000002,1.16768,1.16772,1.16782,1.16786,1.16782,1.16785,22
2026-01-07 21:17:00,1.16772,1.1677300000000002,1.16771,1.16772,1.16785,1.16786,1.16783,1.16785,20
2026-01-07 21:18:00,1.16772,1.1677300000000002,1.1677000000000002,1.16771,1.16785,1.16786,1.16783,1.16783,28
2026-01-07 21:19:00,1.16771,1.16772,1.16766,1.16768,1.16783,1.16785,1.16781,1.16782,21
2026-01-07 21:20:00,1.16768,1.16769,1.1676700000000002,1.16768,1.16782,1.16783,1.16781,1.16781,45
2026-01-07 21:21:00,1.16768,1.16768,1.1676700000000002,1.16768,1.16781,1.16781,1.16781,1.16781,6
2026-01-07 21:22:00,1.16768,1.16768,1.1676700000000002,1.16768,1.16781,1.16781,1.16781,1.16781,2
2026-01-07 21:23:00,1.16768,1.16768,1.16765,1.16766,1.16781,1.16781,1.16779,1.1678,17
2026-01-07 21:24:00,1.16766,1.1676700000000002,1.16766,1.1676700000000002,1.1678,1.16781,1.1678,1.16781,6
2026-01-07 21:25:00,1.1676700000000002,1.1676700000000002,1.16757,1.16757,1.16781,1.16781,1.1677,1.16771,34
2026-01-07 21:26:00,1.16757,1.16758,1.1675000000000002,1.16752,1.16771,1.16771,1.16763,1.16764,33
2026-01-07 21:27:00,1.16752,1.16757,1.16749,1.16752,1.16764,1.1677,1.16761,1.16764,57
2026-01-07 21:28:00,1.16752,1.16752,1.16747,1.16748,1.16764,1.16764,1.1676,1.16761,45
2026-01-07 21:29:00,1.16748,1.16754,1.1674600000000002,1.16752,1.16761,1.16766,1.16758,1.16764,68
2026-01-07 21:30:00,1.16752,1.16754,1.16749,1.1675300000000002,1.16764,1.16767,1.16761,1.16767,37
2026-01-07 21:31:00,1.1675300000000002,1.16757,1.16752,1.1675600000000002,1.16767,1.16771,1.16766,1.16768,59
2026-01-07 21:32:00,1.1675600000000002,1.1675600000000002,1.16745,1.1674600000000002,1.16768,1.16768,1.16757,1.16758,24
2026-01-07 21:33:00,1.1674600000000002,1.16748,1.16745,1.16747,1.16758,1.16762,1.16758,1.1676,30
2026-01-07 21:34:00,1.16747,1.16748,1.16745,1.1674600000000002,1.1676,1.16762,1.16757,1.16758,38
2026-01-07 21:35:00,1.1674600000000002,1.16747,1.16739,1.16745,1.16758,1.16759,1.16752,1.16758,79
2026-01-07 21:36:00,1.16745,1.16751,1.1674300000000002,1.1674300000000002,1.16758,1.16763,1.16755,1.16755,41
2026-01-07 21:37:00,1.1674300000000002,1.16744,1.1673300000000002,1.16735,1.16755,1.16756,1.16746,1.16748,111
2026-01-07 21:38:00,1.16735,1.16739,1.1673,1.16732,1.16748,1.16752,1.16744,1.16746,102
2026-01-07 21:39:00,1.16732,1.1675300000000002,1.16732,1.1675300000000002,1.16746,1.16767,1.16746,1.16767,116
2026-01-07 21:40:00,1.1675300000000002,1.16755,1.16752,1.1675300000000002,1.16767,1.16768,1.16765,1.16767,41
2026-01-07 21:41:00,1.1675300000000002,1.16754,1.16752,1.16752,1.16767,1.16767,1.16765,1.16766,25
2026-01-07 21:42:00,1.16752,1.16755,1.16752,1.16754,1.16766,1.16768,1.16766,1.16768,84
2026-01-07 21:43:00,1.16754,1.1675600000000002,1.1675300000000002,1.1675600000000002,1.16768,1.1677,1.16767,1.1677,40
2026-01-07 21:44:00,1.1675600000000002,1.16757,1.1675600000000002,1.16757,1.1677,1.16771,1.16769,1.1677,31
2026-01-07 21:45:00,1.16757,1.16758,1.16755,1.1675600000000002,1.1677,1.16772,1.16769,1.1677,15
2026-01-07 21:46:00,1.1675600000000002,1.1676000000000002,1.16754,1.16758,1.1677,1.16773,1.16768,1.16771,36
2026-01-07 21:47:00,1.16758,1.16759,1.16755,1.16758,1.16771,1.16773,1.16769,1.16773,56
2026-01-07 21:48:00,1.16758,1.1676300000000002,1.16758,1.1676300000000002,1.16773,1.16777,1.16771,1.16777,23
2026-01-07 21:49:00,1.1676300000000002,1.1676300000000002,1.16762,1.16762,1.16777,1.16777,1.16775,1.16777,7
2026-01-07 21:50:00,1.16762,1.1676300000000002,1.1675600000000002,1.16759,1.16777,1.16777,1.16769,1.16772,42
2026-01-07 21:51:00,1.16759,1.16761,1.1675600000000002,1.16759,1.16772,1.16773,1.1677,1.16772,15
2026-01-07 21:52:00,1.16759,1.16759,1.16758,1.16759,1.16772,1.16773,1.16771,1.16771,13
2026-01-07 21:53:00,1.16759,1.16759,1.16758,1.16759,1.16771,1.16773,1.16771,1.16772,7
2026-01-07 21:54:00,1.16759,1.16759,1.16758,1.16758,1.16772,1.16773,1.16772,1.16773,18
2026-01-07 21:55:00,1.16758,1.1676000000000002,1.1675600000000002,1.1675600000000002,1.16773,1.16774,1.16771,1.16771,19
2026-01-07 21:56:00,1.1675600000000002,1.16757,1.16754,1.16757,1.16771,1.16771,1.16768,1.16771,26
2026-01-07 21:57:00,1.16757,1.16757,1.16754,1.16754,1.16771,1.16772,1.16768,1.16769,38
2026-01-07 21:58:00,1.16754,1.16754,1.16745,1.1675000000000002,1.16769,1.16769,1.16761,1.16766,47
2026-01-07 21:59:00,1.1675000000000002,1.1675000000000002,1.16737,1.16737,1.16766,1.16768,1.16752,1.16752,83
2026-01-07 22:00:00,1.16737,1.16737,1.16722,1.1672300000000002,1.16752,1.16762,1.16752,1.16757,10
2026-01-07 22:02:00,1.1672300000000002,1.1672600000000002,1.1672300000000002,1.1672600000000002,1.16757,1.16757,1.16755,1.16756,3
2026-01-07 22:03:00,1.1672600000000002,1.16732,1.16725,1.16727,1.16756,1.16773,1.16756,1.16773,20
2026-01-07 22:04:00,1.16727,1.16737,1.16727,1.16732,1.16773,1.16773,1.16773,1.16773,28
2026-01-07 22:05:00,1.16732,1.1675600000000002,1.16732,1.16739,1.16773,1.16793,1.16773,1.16778,21
2026-01-07 22:06:00,1.16739,1.1674300000000002,1.16739,1.1674000000000002,1.16778,1.16778,1.16778,1.16778,15
2026-01-07 22:07:00,1.1674000000000002,1.1674300000000002,1.1673600000000002,1.1673600000000002,1.16778,1.16778,1.16776,1.16777,12
2026-01-07 22:08:00,1.1673600000000002,1.1674000000000002,1.1673600000000002,1.16738,1.16777,1.16777,1.16775,1.16776,12
2026-01-07 22:09:00,1.16738,1.16752,1.16737,1.1675000000000002,1.16776,1.1678,1.16775,1.1678,18
2026-01-07 22:10:00,1.1675000000000002,1.16751,1.16745,1.16745,1.1678,1.1678,1.16776,1.16776,14
2026-01-07 22:11:00,1.16745,1.16747,1.1674300000000002,1.16745,1.16776,1.16781,1.16776,1.16778,29
2026-01-07 22:12:00,1.16745,1.16747,1.16745,1.1674600000000002,1.16778,1.16781,1.16777,1.16777,27
2026-01-07 22:13:00,1.1674600000000002,1.16748,1.16744,1.1674600000000002,1.16777,1.16779,1.16777,1.16777,12
2026-01-07 22:14:00,1.1674600000000002,1.16747,1.16745,1.1674600000000002,1.16777,1.16777,1.16777,1.16777,8
2026-01-07 22:15:00,1.1674600000000002,1.16747,1.16745,1.1674600000000002,1.16777,1.1678,1.16777,1.16777,10
2026-01-07 22:16:00,1.1674600000000002,1.16749,1.16744,1.1674600000000002,1.16777,1.16778,1.16777,1.16778,10
2026-01-07 22:17:00,1.1674600000000002,1.16749,1.16745,1.16747,1.16778,1.16781,1.16778,1.16778,12
2026-01-07 22:18:00,1.16747,1.16748,1.1674600000000002,1.1674600000000002,1.16778,1.16778,1.16778,1.16778,12
2026-01-07 22:19:00,1.1674600000000002,1.16747,1.1674600000000002,1.16747,1.16778,1.16778,1.16778,1.16778,7
2026-01-07 22:20:00,1.16747,1.16748,1.16747,1.16748,1.16778,1.16779,1.16778,1.16779,16
2026-01-07 22:21:00,1.16748,1.16748,1.1674600000000002,1.16747,1.16779,1.16779,1.16779,1.16779,6
2026-01-07 22:22:00,1.16747,1.16747,1.1674600000000002,1.16747,1.16779,1.16779,1.16779,1.16779,4
2026-01-07 22:23:00,1.16747,1.16751,1.16744,1.1674600000000002,1.16779,1.16783,1.16779,1.16782,25
2026-01-07 22:24:00,1.1674600000000002,1.16749,1.1674600000000002,1.1674600000000002,1.16782,1.16783,1.16782,1.16783,12
2026-01-07 22:25:00,1.1674600000000002,1.1675000000000002,1.1674600000000002,1.16748,1.16783,1.16786,1.16783,1.16785,22
2026-01-07 22:26:00,1.16748,1.16751,1.1674600000000002,1.16751,1.16785,1.16792,1.16785,1.16792,12
2026-01-07 22:27:00,1.16751,1.16758,1.16751,1.16758,1.16792,1.16794,1.16789,1.1679,10
2026-01-07 22:28:00,1.16758,1.16762,1.16758,1.16761,1.1679,1.16793,1.1679,1.1679,16
2026-01-07 22:29:00,1.16761,1.1676300000000002,1.16761,1.16762,1.1679,1.16791,1.1679,1.16791,9
2026-01-07 22:30:00,1.16762,1.16766,1.16761,1.16765,1.16791,1.16796,1.16791,1.16796,6
2026-01-07 22:31:00,1.16765,1.16765,1.16762,1.16765,1.16796,1.16796,1.16792,1.16792,5
2026-01-07 22:32:00,1.16765,1.16765,1.16764,1.16764,1.16792,1.16792,1.16792,1.16792,1
2026-01-07 22:34:00,1.16764,1.16765,1.16762,1.16765,1.16792,1.16796,1.16789,1.16791,12
2026-01-07 22:35:00,1.16765,1.16766,1.16764,1.16764,1.16791,1.16791,1.1679,1.1679,4
2026-01-07 22:36:00,1.16764,1.16765,1.16764,1.16765,1.1679,1.1679,1.1679,1.1679,5
2026-01-07 22:37:00,1.16765,1.16765,1.16764,1.16764,1.1679,1.1679,1.16789,1.16789,6
2026-01-07 22:38:00,1.16764,1.16765,1.1676300000000002,1.16764,1.16789,1.1679,1.16789,1.1679,5
2026-01-07 22:39:00,1.16764,1.1676700000000002,1.16764,1.16765,1.1679,1.16793,1.1679,1.16793,5
2026-01-07 22:40:00,1.16765,1.1676700000000002,1.16765,1.16765,1.16793,1.16794,1.16791,1.16792,5
2026-01-07 22:41:00,1.16765,1.16768,1.16765,1.16768,1.16792,1.16794,1.16792,1.16793,3
2026-01-07 22:42:00,1.16768,1.16768,1.16766,1.1676700000000002,1.16793,1.16793,1.16789,1.1679,4
2026-01-07 22:43:00,1.1676700000000002,1.16769,1.1676700000000002,1.16769,1.1679,1.1679,1.16789,1.16789,3
2026-01-07 22:44:00,1.16769,1.16769,1.16768,1.16769,1.16789,1.1679,1.16789,1.1679,4
2026-01-07 22:45:00,1.16769,1.16769,1.16769,1.16769,1.1679,1.1679,1.16789,1.16789,1
2026-01-07 22:46:00,1.16769,1.1677000000000002,1.16766,1.16766,1.16789,1.1679,1.16787,1.16787,4
2026-01-07 22:47:00,1.16766,1.1676700000000002,1.16766,1.1676700000000002,1.16787,1.16787,1.16787,1.16787,1
2026-01-07 22:48:00,1.1676700000000002,1.16769,1.1676700000000002,1.16768,1.16787,1.16789,1.16787,1.16788,3
2026-01-07 22:49:00,1.16768,1.16768,1.16762,1.16765,1.16788,1.16788,1.16782,1.16786,11
2026-01-07 22:50:00,1.16765,1.16766,1.16765,1.16765,1.16786,1.16787,1.16786,1.16787,3
2026-01-07 22:51:00,1.16765,1.16765,1.16764,1.16764,1.16787,1.16787,1.16787,1.16787,1
2026-01-07 22:52:00,1.16764,1.16764,1.16764,1.16764,1.16787,1.16788,1.16787,1.16788,1
2026-01-07 22:55:00,1.16764,1.16764,1.1676000000000002,1.1676300000000002,1.16788,1.16792,1.16788,1.16788,3
2026-01-07 22:58:00,1.1676300000000002,1.16765,1.1676300000000002,1.16764,1.16788,1.16788,1.16785,1.16788,5
2026-01-07 22:59:00,1.16764,1.16765,1.16764,1.16764,1.16788,1.16789,1.16788,1.16789,3
2026-01-07 23:00:00,1.16764,1.16772,1.16759,1.16759,1.16789,1.16789,1.16772,1.16772,68
2026-01-07 23:01:00,1.16759,1.16762,1.1675600000000002,1.16761,1.16772,1.16776,1.1677,1.16775,37
2026-01-07 23:02:00,1.16761,1.1676300000000002,1.16759,1.1676000000000002,1.16775,1.16777,1.16772,1.16772,25
2026-01-07 23:03:00,1.1676000000000002,1.1676000000000002,1.16754,1.16755,1.16772,1.16773,1.16766,1.16767,21
2026-01-07 23:04:00,1.16755,1.16755,1.16754,1.16755,1.16767,1.16767,1.16767,1.16767,2
2026-01-07 23:05:00,1.16755,1.1676000000000002,1.16751,1.16754,1.16767,1.16773,1.16765,1.16768,30
2026-01-07 23:06:00,1.16754,1.16757,1.16754,1.1675600000000002,1.16768,1.16772,1.16768,1.16771,10
2026-01-07 23:07:00,1.1675600000000002,1.16764,1.1675600000000002,1.16764,1.16771,1.16777,1.16771,1.16777,23
2026-01-07 23:08:00,1.16764,1.16764,1.1676300000000002,1.16764,1.16777,1.16778,1.16777,1.16777,8
2026-01-07 23:09:00,1.16764,1.16765,1.16764,1.16764,1.16777,1.16779,1.16777,1.16779,5
2026-01-07 23:10:00,1.16764,1.16765,1.1676300000000002,1.16764,1.16779,1.16779,1.16777,1.16778,5
2026-01-07 23:11:00,1.16764,1.1676700000000002,1.16762,1.16766,1.16778,1.16781,1.16776,1.16779,16
2026-01-07 23:12:00,1.16766,1.16766,1.1676300000000002,1.16764,1.16779,1.16779,1.16776,1.16777,14
2026-01-07 23:13:00,1.16764,1.16764,1.16759,1.16759,1.16777,1.16779,1.16773,1.16773,30
2026-01-07 23:14:00,1.16759,1.16762,1.16759,1.16762,1.16773,1.16776,1.16773,1.16776,12
2026-01-07 23:15:00,1.16762,1.16764,1.16762,1.16764,1.16776,1.16778,1.16776,1.16778,12
2026-01-07 23:16:00,1.16764,1.16766,1.16764,1.16764,1.16778,1.1678,1.16777,1.16778,10
2026-01-07 23:17:00,1.16764,1.16764,1.16764,1.16764,1.16778,1.16778,1.16777,1.16778,2
2026-01-07 23:18:00,1.16764,1.16765,1.16764,1.16764,1.16778,1.16778,1.16777,1.16778,10
2026-01-07 23:19:00,1.16764,1.16764,1.16764,1.16764,1.16778,1.16778,1.16777,1.16778,4
2026-01-07 23:20:00,1.16764,1.16766,1.1676300000000002,1.16765,1.16778,1.1678,1.16777,1.16778,14
2026-01-07 23:21:00,1.16765,1.16766,1.16764,1.16764,1.16778,1.1678,1.16777,1.16778,16
2026-01-07 23:22:00,1.16764,1.16765,1.16764,1.16765,1.16778,1.16779,1.16777,1.16778,9
2026-01-07 23:23:00,1.16765,1.16766,1.16764,1.16764,1.16778,1.1678,1.16777,1.16778,17
2026-01-07 23:24:00,1.16764,1.16764,1.16764,1.16764,1.16778,1.16778,1.16777,1.16778,10
2026-01-07 23:25:00,1.16764,1.16764,1.16764,1.16764,1.16778,1.16778,1.16777,1.16777,3
2026-01-07 23:26:00,1.16764,1.16764,1.16759,1.16759,1.16777,1.16778,1.16773,1.16773,10
2026-01-07 23:27:00,1.16759,1.16762,1.16759,1.16759,1.16773,1.16775,1.16772,1.16773,9
2026-01-07 23:28:00,1.16759,1.16759,1.16759,1.16759,1.16773,1.16773,1.16772,1.16773,6
2026-01-07 23:29:00,1.16759,1.16761,1.16758,1.16759,1.16773,1.16774,1.16772,1.16772,17
2026-01-07 23:30:00,1.16759,1.16759,1.16754,1.1675600000000002,1.16772,1.16773,1.16768,1.16769,29
2026-01-07 23:31:00,1.1675600000000002,1.1675600000000002,1.16752,1.16754,1.16769,1.16769,1.16767,1.16768,11
2026-01-07 23:32:00,1.16754,1.16757,1.16754,1.16755,1.16768,1.16772,1.16768,1.16769,17
2026-01-07 23:33:00,1.16755,1.16758,1.16754,1.16755,1.16769,1.16772,1.16768,1.16769,21
2026-01-07 23:34:00,1.16755,1.16755,1.16754,1.16755,1.16769,1.1677,1.16769,1.16769,14
2026-01-07 23:35:00,1.16755,1.16755,1.1675300000000002,1.1675300000000002,1.16769,1.16769,1.16767,1.16767,13
2026-01-07 23:36:00,1.1675300000000002,1.1675300000000002,1.16749,1.16749,1.16767,1.16768,1.16762,1.16762,23
2026-01-07 23:37:00,1.16749,1.1675000000000002,1.1674600000000002,1.1674600000000002,1.16762,1.16763,1.16759,1.16759,28
2026-01-07 23:38:00,1.1674600000000002,1.16748,1.16745,1.16748,1.16759,1.16762,1.16759,1.16761,19
2026-01-07 23:39:00,1.16748,1.1675300000000002,1.16747,1.1675300000000002,1.16761,1.16767,1.16761,1.16767,19
2026-01-07 23:40:00,1.1675300000000002,1.16754,1.16749,1.16751,1.16767,1.16768,1.16765,1.16765,11
2026-01-07 23:41:00,1.16751,1.16755,1.16751,1.16755,1.16765,1.16768,1.16765,1.16768,13
2026-01-07 23:42:00,1.16755,1.16757,1.16754,1.16755,1.16768,1.1677,1.16768,1.16768,15
2026-01-07 23:43:00,1.16755,1.16758,1.16754,1.16758,1.16768,1.16771,1.16768,1.16771,11
2026-01-07 23:44:00,1.16758,1.16758,1.16755,1.16755,1.16771,1.16771,1.16768,1.16768,3
2026-01-07 23:45:00,1.16755,1.16755,1.16754,1.16755,1.16768,1.16768,1.16768,1.16768,2
2026-01-07 23:46:00,1.16755,1.16758,1.16754,1.16755,1.16768,1.16771,1.16767,1.16767,28
2026-01-07 23:47:00,1.16755,1.1675600000000002,1.1675300000000002,1.16755,1.16767,1.16769,1.16767,1.16768,17
2026-01-07 23:48:00,1.16755,1.16755,1.16754,1.16754,1.16768,1.1677,1.16768,1.16768,12
2026-01-07 23:49:00,1.16754,1.1675600000000002,1.16752,1.1675300000000002,1.16768,1.16769,1.16765,1.16766,22
2026-01-07 23:50:00,1.1675300000000002,1.1676000000000002,1.16752,1.16759,1.16766,1.16773,1.16766,1.16773,34
2026-01-07 23:51:00,1.16759,1.1676000000000002,1.16759,1.1676000000000002,1.16773,1.16774,1.16772,1.16773,22
2026-01-07 23:52:00,1.1676000000000002,1.1676000000000002,1.16759,1.1676000000000002,1.16773,1.16773,1.16773,1.16773,2
2026-01-07 23:53:00,1.1676000000000002,1.16764,1.1676000000000002,1.1676300000000002,1.16773,1.16776,1.16772,1.16776,10
2026-01-07 23:54:00,1.1676300000000002,1.16764,1.16762,1.1676300000000002,1.16776,1.16776,1.16776,1.16776,8
2026-01-07 23:55:00,1.1676300000000002,1.1676300000000002,1.1676000000000002,1.1676000000000002,1.16776,1.16776,1.16774,1.16774,10
2026-01-07 23:56:00,1.1676000000000002,1.16761,1.16759,1.16761,1.16774,1.16774,1.16773,1.16774,8
2026-01-07 23:57:00,1.16761,1.16761,1.1676000000000002,1.1676000000000002,1.16774,1.16774,1.16773,1.16774,17
2026-01-07 23:58:00,1.1676000000000002,1.16762,1.1676000000000002,1.16761,1.16774,1.16774,1.16773,1.16774,5
2026-01-07 23:59:00,1.16761,1.16765,1.16761,1.1676300000000002,1.16774,1.16777,1.16774,1.16776,17
2026-01-08 00:00:00,1.1676300000000002,1.16769,1.1676000000000002,1.1676300000000002,1.16776,1.16782,1.16773,1.16776,82
2026-01-08 00:01:00,1.1676300000000002,1.16769,1.1676300000000002,1.16765,1.16776,1.16781,1.16775,1.16778,76
2026-01-08 00:02:00,1.16765,1.16768,1.16762,1.16768,1.16778,1.16782,1.16776,1.16781,38
2026-01-08 00:03:00,1.16768,1.1677300000000002,1.16768,1.16772,1.16781,1.16786,1.16781,1.16786,33
2026-01-08 00:04:00,1.16772,1.16772,1.1676700000000002,1.16768,1.16786,1.16786,1.16781,1.16781,28
2026-01-08 00:05:00,1.16768,1.1677000000000002,1.1676700000000002,1.16769,1.16781,1.16783,1.16781,1.16782,29
2026-01-08 00:06:00,1.16769,1.16771,1.16768,1.16769,1.16782,1.16784,1.16782,1.16783,29
2026-01-08 00:07:00,1.16769,1.16771,1.16768,1.16769,1.16783,1.16784,1.16781,1.16781,32
2026-01-08 00:08:00,1.16769,1.16769,1.16764,1.16765,1.16781,1.16782,1.16777,1.16778,29
2026-01-08 00:09:00,1.16765,1.16765,1.16762,1.1676300000000002,1.16778,1.16779,1.16775,1.16777,32
2026-01-08 00:10:00,1.1676300000000002,1.16764,1.16759,1.16759,1.16777,1.16778,1.16773,1.16773,24
2026-01-08 00:11:00,1.16759,1.16768,1.16759,1.16768,1.16773,1.16781,1.16772,1.16781,46
2026-01-08 00:12:00,1.16768,1.16768,1.16764,1.16765,1.16781,1.16782,1.16777,1.16779,26
2026-01-08 00:13:00,1.16765,1.16768,1.16764,1.16764,1.16779,1.16781,1.16777,1.16778,37
2026-01-08 00:14:00,1.16764,1.1676700000000002,1.1676300000000002,1.16765,1.16778,1.16781,1.16776,1.16779,28
2026-01-08 00:15:00,1.16765,1.16768,1.1676000000000002,1.16768,1.16779,1.16781,1.16773,1.16781,50
2026-01-08 00:16:00,1.16768,1.16769,1.16766,1.16768,1.16781,1.16783,1.16779,1.16782,33
2026-01-08 00:17:00,1.16768,1.16772,1.16768,1.16769,1.16782,1.16786,1.16782,1.16782,45
2026-01-08 00:18:00,1.16769,1.1677000000000002,1.16765,1.16765,1.16782,1.16784,1.16778,1.16778,39
2026-01-08 00:19:00,1.16765,1.16765,1.16761,1.16761,1.16778,1.16779,1.16774,1.16774,34
2026-01-08 00:20:00,1.16761,1.16764,1.16759,1.16762,1.16774,1.16777,1.16773,1.16776,51
2026-01-08 00:21:00,1.16762,1.1676300000000002,1.16761,1.1676300000000002,1.16776,1.16777,1.16774,1.16776,20
2026-01-08 00:22:00,1.1676300000000002,1.1676300000000002,1.1676000000000002,1.16762,1.16776,1.16777,1.16774,1.16776,16
2026-01-08 00:23:00,1.16762,1.16771,1.16759,1.1676700000000002,1.16776,1.16785,1.16773,1.16781,54
2026-01-08 00:24:00,1.1676700000000002,1.16769,1.1676700000000002,1.16769,1.16781,1.16782,1.16781,1.16782,27
2026-01-08 00:25:00,1.16769,1.16769,1.1676300000000002,1.1676300000000002,1.16782,1.16782,1.16777,1.16777,57
2026-01-08 00:26:00,1.1676300000000002,1.16765,1.1675600000000002,1.16757,1.16777,1.16778,1.1677,1.16771,38
2026-01-08 00:27:00,1.16757,1.16758,1.16754,1.16758,1.16771,1.16772,1.16768,1.16772,44
2026-01-08 00:28:00,1.16758,1.16758,1.1675600000000002,1.16758,1.16772,1.16772,1.1677,1.16771,35
2026-01-08 00:29:00,1.16758,1.16764,1.16757,1.16764,1.16771,1.16778,1.16771,1.16778,40
2026-01-08 00:30:00,1.16764,1.16765,1.16762,1.16765,1.16778,1.16778,1.16775,1.16778,51
2026-01-08 00:31:00,1.16765,1.16771,1.16764,1.16771,1.16778,1.16784,1.16777,1.16784,54
2026-01-08 00:32:00,1.16771,1.1677300000000002,1.1677000000000002,1.1677300000000002,1.16784,1.16786,1.16783,1.16785,30
2026-01-08 00:33:00,1.1677300000000002,1.1677300000000002,1.16772,1.1677300000000002,1.16785,1.16788,1.16785,1.16786,29
2026-01-08 00:34:00,1.1677300000000002,1.16774,1.16771,1.1677300000000002,1.16786,1.16787,1.16785,1.16787,36
2026-01-08 00:35:00,1.1677300000000002,1.16774,1.16771,1.16771,1.16787,1.16788,1.16785,1.16785,35
2026-01-08 00:36:00,1.16771,1.16774,1.16771,1.1677300000000002,1.16785,1.16788,1.16785,1.16787,22
2026-01-08 00:37:00,1.1677300000000002,1.16774,1.16769,1.1677000000000002,1.16787,1.16787,1.16783,1.16784,118
2026-01-08 00:38:00,1.1677000000000002,1.16771,1.1676700000000002,1.1677000000000002,1.16784,1.16784,1.1678,1.16783,82
2026-01-08 00:39:00,1.1677000000000002,1.1677000000000002,1.16768,1.1677000000000002,1.16783,1.16784,1.16781,1.16783,53
2026-01-08 00:40:00,1.1677000000000002,1.1677000000000002,1.16769,1.1677000000000002,1.16783,1.16784,1.16783,1.16783,33
2026-01-08 00:41:00,1.1677000000000002,1.1677000000000002,1.16761,1.1676700000000002,1.16783,1.16783,1.16775,1.1678,50
2026-01-08 00:42:00,1.1676700000000002,1.1677000000000002,1.1676700000000002,1.16769,1.1678,1.16784,1.1678,1.16782,78
2026-01-08 00:43:00,1.16769,1.16769,1.16766,1.16766,1.16782,1.16782,1.16779,1.1678,80
2026-01-08 00:44:00,1.16766,1.1676700000000002,1.1676000000000002,1.1676000000000002,1.1678,1.1678,1.16773,1.16773,37
2026-01-08 00:45:00,1.1676000000000002,1.1676300000000002,1.16758,1.16762,1.16773,1.16777,1.16771,1.16775,79
2026-01-08 00:46:00,1.16762,1.16766,1.16761,1.16765,1.16775,1.16779,1.16775,1.16779,26
2026-01-08 00:47:00,1.16765,1.16766,1.1676300000000002,1.16764,1.16779,1.16779,1.16776,1.16778,53
2026-01-08 00:48:00,1.16764,1.16765,1.16761,1.16761,1.16778,1.16779,1.16775,1.16775,45
2026-01-08 00:49:00,1.16761,1.16762,1.16757,1.16759,1.16775,1.16776,1.16771,1.16773,45
2026-01-08 00:50:00,1.16759,1.16762,1.16759,1.16759,1.16773,1.16774,1.16773,1.16773,23
2026-01-08 00:51:00,1.16759,1.1676300000000002,1.16758,1.16759,1.16773,1.16776,1.16771,1.16771,37
2026-01-08 00:52:00,1.16759,1.16771,1.16759,1.16771,1.16771,1.16785,1.16771,1.16785,57
2026-01-08 00:53:00,1.16771,1.16772,1.1676300000000002,1.1676300000000002,1.16785,1.16785,1.16775,1.16776,87
2026-01-08 00:54:00,1.1676300000000002,1.16766,1.1676000000000002,1.16762,1.16776,1.16779,1.16773,1.16775,85
2026-01-08 00:55:00,1.16762,1.16764,1.16758,1.1676000000000002,1.16775,1.16777,1.16771,1.16774,80
2026-01-08 00:56:00,1.1676000000000002,1.16766,1.16758,1.16766,1.16774,1.1678,1.16771,1.16779,73
2026-01-08 00:57:00,1.16766,1.16766,1.16762,1.1676300000000002,1.16779,1.16779,1.16775,1.16776,85
2026-01-08 00:58:00,1.1676300000000002,1.16765,1.1675600000000002,1.1675600000000002,1.16776,1.16778,1.16769,1.16769,67
2026-01-08 00:59:00,1.1675600000000002,1.1675600000000002,1.16751,1.16751,1.16769,1.1677,1.16764,1.16764,47
2026-01-08 01:00:00,1.16751,1.16751,1.16742,1.1674600000000002,1.16764,1.16764,1.16755,1.16758,99
2026-01-08 01:01:00,1.1674600000000002,1.16754,1.16745,1.1675000000000002,1.16758,1.16767,1.16758,1.16763,79
2026-01-08 01:02:00,1.1675000000000002,1.16755,1.1675000000000002,1.16754,1.16763,1.16769,1.16763,1.16767,33
2026-01-08 01:03:00,1.16754,1.16757,1.1675000000000002,1.16755,1.16767,1.1677,1.16763,1.16768,80
2026-01-08 01:04:00,1.16755,1.16759,1.16754,1.16758,1.16768,1.16773,1.16768,1.16772,67
2026-01-08 01:05:00,1.16758,1.16769,1.16758,1.16769,1.16772,1.16782,1.16772,1.16781,52
2026-01-08 01:06:00,1.16769,1.16769,1.1676000000000002,1.16762,1.16781,1.16781,1.16773,1.16774,94
2026-01-08 01:07:00,1.16762,1.16765,1.16759,1.16764,1.16774,1.16777,1.16772,1.16777,57
2026-01-08 01:08:00,1.16764,1.1676700000000002,1.16764,1.16766,1.16777,1.16779,1.16777,1.16778,52
2026-01-08 01:09:00,1.16766,1.1676700000000002,1.16764,1.16765,1.16778,1.16779,1.16777,1.16778,63
2026-01-08 01:10:00,1.16765,1.1677300000000002,1.16765,1.16772,1.16778,1.16786,1.16778,1.16784,55
2026-01-08 01:11:00,1.16772,1.16775,1.1677000000000002,1.16772,1.16784,1.16787,1.16783,1.16784,43
2026-01-08 01:12:00,1.16772,1.1677300000000002,1.16765,1.16771,1.16784,1.16785,1.16778,1.16783,129
2026-01-08 01:13:00,1.16771,1.1677300000000002,1.1676700000000002,1.16768,1.16783,1.16786,1.16779,1.16782,123
2026-01-08 01:14:00,1.16768,1.16768,1.16761,1.1676300000000002,1.16782,1.16782,1.16775,1.16776,72
2026-01-08 01:15:00,1.1676300000000002,1.16765,1.16762,1.16764,1.16776,1.16778,1.16776,1.16777,64
2026-01-08 01:16:00,1.16764,1.1677300000000002,1.1676300000000002,1.16769,1.16777,1.16787,1.16777,1.16783,36
2026-01-08 01:17:00,1.16769,1.16769,1.16765,1.16766,1.16783,1.16783,1.16779,1.1678,27
2026-01-08 01:18:00,1.16766,1.16771,1.16762,1.1677000000000002,1.1678,1.16785,1.16776,1.16784,71
2026-01-08 01:19:00,1.1677000000000002,1.16771,1.1676300000000002,1.16765,1.16784,1.16784,1.16777,1.16779,57
2026-01-08 01:20:00,1.16765,1.16772,1.16765,1.1677000000000002,1.16779,1.16786,1.16779,1.16784,49
2026-01-08 01:21:00,1.1677000000000002,1.16774,1.1677000000000002,1.1677000000000002,1.16784,1.16788,1.16782,1.16782,101
2026-01-08 01:22:00,1.1677000000000002,1.16772,1.16769,1.1677000000000002,1.16782,1.16785,1.16781,1.16783,72
2026-01-08 01:23:00,1.1677000000000002,1.16772,1.16768,1.16771,1.16783,1.16785,1.16781,1.16783,69
2026-01-08 01:24:00,1.16771,1.16771,1.1676700000000002,1.16768,1.16783,1.16784,1.1678,1.16781,85
2026-01-08 01:25:00,1.16768,1.16769,1.16762,1.16764,1.16781,1.16782,1.16774,1.16776,60
2026-01-08 01:26:00,1.16764,1.16766,1.1676300000000002,1.16764,1.16776,1.16779,1.16775,1.16776,88
2026-01-08 01:27:00,1.16764,1.16771,1.16762,1.16766,1.16776,1.16785,1.16774,1.16779,131
2026-01-08 01:28:00,1.16766,1.16766,1.1675300000000002,1.16757,1.16779,1.16779,1.16766,1.16771,127
2026-01-08 01:29:00,1.16757,1.16759,1.16751,1.16754,1.16771,1.16771,1.16764,1.16766,67
2026-01-08 01:30:00,1.16754,1.16757,1.16749,1.1675600000000002,1.16766,1.16769,1.16761,1.16768,112
2026-01-08 01:31:00,1.1675600000000002,1.1675600000000002,1.1675000000000002,1.16752,1.16768,1.16769,1.16762,1.16764,119
2026-01-08 01:32:00,1.16752,1.1675600000000002,1.16749,1.16751,1.16764,1.16769,1.16763,1.16764,64
2026-01-08 01:33:00,1.16751,1.16751,1.1674000000000002,1.16741,1.16764,1.16764,1.16752,1.16754,100
2026-01-08 01:34:00,1.16741,1.16745,1.16738,1.16745,1.16754,1.16759,1.16751,1.16759,83
2026-01-08 01:35:00,1.16745,1.16747,1.16741,1.16745,1.16759,1.16761,1.16754,1.16758,109
2026-01-08 01:36:00,1.16745,1.1674600000000002,1.1674000000000002,1.1674000000000002,1.16758,1.16759,1.16753,1.16753,111
2026-01-08 01:37:00,1.1674000000000002,1.16741,1.16724,1.1672900000000002,1.16753,1.16754,1.16738,1.16743,78
2026-01-08 01:38:00,1.1672900000000002,1.16731,1.16722,1.1672600000000002,1.16743,1.16744,1.16736,1.16739,88
2026-01-08 01:39:00,1.1672600000000002,1.16732,1.16724,1.16731,1.16739,1.16745,1.16738,1.16745,85
2026-01-08 01:40:00,1.16731,1.16732,1.16727,1.16731,1.16745,1.16746,1.16741,1.16744,61
2026-01-08 01:41:00,1.16731,1.16731,1.16725,1.1672600000000002,1.16744,1.16744,1.16738,1.16739,102
2026-01-08 01:42:00,1.1672600000000002,1.1672900000000002,1.1672300000000002,1.1672900000000002,1.16739,1.16741,1.16737,1.16741,82
2026-01-08 01:43:00,1.1672900000000002,1.16731,1.1672300000000002,1.16725,1.16741,1.16744,1.16737,1.16738,59
2026-01-08 01:44:00,1.16725,1.1672900000000002,1.1672300000000002,1.16727,1.16738,1.16743,1.16737,1.16741,51
2026-01-08 01:45:00,1.16727,1.16732,1.1672600000000002,1.16731,1.16741,1.16745,1.1674,1.16744,82
2026-01-08 01:46:00,1.16731,1.16734,1.1672600000000002,1.1672600000000002,1.16744,1.16747,1.16739,1.1674,64
2026-01-08 01:47:00,1.1672600000000002,1.16734,1.1672600000000002,1.1673300000000002,1.1674,1.16748,1.1674,1.16747,44
2026-01-08 01:48:00,1.1673300000000002,1.16744,1.1673300000000002,1.16744,1.16747,1.16759,1.16747,1.16758,74
2026-01-08 01:49:00,1.16744,1.1674600000000002,1.16742,1.16745,1.16758,1.16759,1.16756,1.16758,43
2026-01-08 01:50:00,1.16745,1.1674600000000002,1.16742,1.1674600000000002,1.16758,1.1676,1.16756,1.16759,27
2026-01-08 01:51:00,1.1674600000000002,1.16748,1.16745,1.16748,1.16759,1.16762,1.16758,1.16761,32
2026-01-08 01:52:00,1.16748,1.1675000000000002,1.16745,1.16745,1.16761,1.16763,1.16758,1.16758,56
2026-01-08 01:53:00,1.16745,1.1674600000000002,1.1674300000000002,1.16744,1.16758,1.1676,1.16757,1.16757,46
2026-01-08 01:54:00,1.16744,1.16745,1.16738,1.1674000000000002,1.16757,1.16759,1.16751,1.16753,91
2026-01-08 01:55:00,1.1674000000000002,1.1674300000000002,1.16739,1.16739,1.16753,1.16756,1.16752,1.16752,41
2026-01-08 01:56:00,1.16739,1.16744,1.16739,1.16742,1.16752,1.16757,1.16752,1.16755,58
2026-01-08 01:57:00,1.16742,1.16745,1.1674000000000002,1.16741,1.16755,1.16758,1.16753,1.16754,52
2026-01-08 01:58:00,1.16741,1.16744,1.1674000000000002,1.16741,1.16754,1.16757,1.16754,1.16754,61
2026-01-08 01:59:00,1.16741,1.16742,1.1673300000000002,1.16742,1.16754,1.16755,1.16746,1.16755,119
2026-01-08 02:00:00,1.16742,1.16752,1.16738,1.16751,1.16755,1.16765,1.1675,1.16764,125
2026-01-08 02:01:00,1.16751,1.16752,1.1674300000000002,1.16745,1.16764,1.16765,1.16756,1.16759,90
2026-01-08 02:02:00,1.16745,1.1674600000000002,1.1673600000000002,1.1674000000000002,1.16759,1.16759,1.16749,1.16754,130
2026-01-08 02:03:00,1.1674000000000002,1.16741,1.16731,1.16734,1.16754,1.16755,1.16743,1.16747,136
2026-01-08 02:04:00,1.16734,1.1673600000000002,1.16731,1.16734,1.16747,1.16749,1.16744,1.16747,79
2026-01-08 02:05:00,1.16734,1.16737,1.1673300000000002,1.16734,1.16747,1.16751,1.16746,1.16748,61
2026-01-08 02:06:00,1.16734,1.16745,1.16734,1.16745,1.16748,1.16759,1.16748,1.16759,155
2026-01-08 02:07:00,1.16745,1.16747,1.1674300000000002,1.16745,1.16759,1.1676,1.16756,1.16758,75
2026-01-08 02:08:00,1.16745,1.16748,1.1674300000000002,1.16748,1.16758,1.16762,1.16756,1.16761,50
2026-01-08 02:09:00,1.16748,1.16748,1.16747,1.16748,1.16761,1.16762,1.1676,1.16761,5
2026-01-08 02:10:00,1.16748,1.16752,1.16747,1.16751,1.16761,1.16765,1.16761,1.16764,41
2026-01-08 02:11:00,1.16751,1.1675300000000002,1.16748,1.16748,1.16764,1.16766,1.16761,1.16761,43
2026-01-08 02:12:00,1.16748,1.16749,1.16744,1.16749,1.16761,1.16762,1.16758,1.16762,62
2026-01-08 02:13:00,1.16749,1.1675000000000002,1.16745,1.16745,1.16762,1.16763,1.16759,1.16759,128
2026-01-08 02:14:00,1.16745,1.16745,1.16742,1.1674300000000002,1.16759,1.16759,1.16756,1.16756,49
2026-01-08 02:15:00,1.1674300000000002,1.16745,1.1674000000000002,1.16741,1.16756,1.16758,1.16753,1.16753,57
2026-01-08 02:16:00,1.16741,1.16749,1.16741,1.16749,1.16753,1.16762,1.16753,1.16762,92
2026-01-08 02:17:00,1.16749,1.1675000000000002,1.16744,1.16744,1.16762,1.16763,1.16756,1.16757,23
2026-01-08 02:18:00,1.16744,1.1674600000000002,1.16735,1.16735,1.16757,1.16759,1.16748,1.16749,56
2026-01-08 02:19:00,1.16735,1.16735,1.16725,1.16728,1.16749,1.16749,1.16738,1.16741,93
2026-01-08 02:20:00,1.16728,1.1672900000000002,1.16725,1.16725,1.16741,1.16743,1.16737,1.16738,57
2026-01-08 02:21:00,1.16725,1.16725,1.16721,1.16722,1.16738,1.16738,1.16734,1.16734,70
2026-01-08 02:22:00,1.16722,1.1672900000000002,1.16721,1.16727,1.16734,1.16742,1.16734,1.1674,121
2026-01-08 02:23:00,1.16727,1.1673,1.16724,1.1673,1.1674,1.16742,1.16737,1.16742,66
2026-01-08 02:24:00,1.1673,1.1673,1.16727,1.1672900000000002,1.16742,1.16743,1.16739,1.16741,54
2026-01-08 02:25:00,1.1672900000000002,1.16732,1.16727,1.1673,1.16741,1.16744,1.16741,1.16742,35
2026-01-08 02:26:00,1.1673,1.16735,1.1673,1.16732,1.16742,1.16748,1.16742,1.16745,74
2026-01-08 02:27:00,1.16732,1.16737,1.16732,1.1673600000000002,1.16745,1.16749,1.16744,1.16748,64
2026-01-08 02:28:00,1.1673600000000002,1.16737,1.16735,1.16735,1.16748,1.16749,1.16747,1.16747,16
2026-01-08 02:29:00,1.16735,1.16742,1.16735,1.1674000000000002,1.16747,1.16754,1.16747,1.16752,39
2026-01-08 02:30:00,1.1674000000000002,1.16748,1.16739,1.16747,1.16752,1.1676,1.16751,1.1676,90
2026-01-08 02:31:00,1.16747,1.16752,1.16747,1.16751,1.1676,1.16764,1.1676,1.16763,82
2026-01-08 02:32:00,1.16751,1.16758,1.16749,1.16757,1.16763,1.1677,1.16762,1.1677,108
2026-01-08 02:33:00,1.16757,1.16762,1.16757,1.16758,1.1677,1.16774,1.16769,1.16772,103
2026-01-08 02:34:00,1.16758,1.16764,1.16757,1.16761,1.16772,1.16776,1.16771,1.16775,80
2026-01-08 02:35:00,1.16761,1.16774,1.16761,1.16764,1.16775,1.16788,1.16775,1.16779,108
2026-01-08 02:36:00,1.16764,1.16771,1.1676300000000002,1.1677000000000002,1.16779,1.16785,1.16777,1.16783,61
2026-01-08 02:37:00,1.1677000000000002,1.1677700000000002,1.1676700000000002,1.16776,1.16783,1.16791,1.16781,1.16789,82
2026-01-08 02:38:00,1.16776,1.16776,1.16762,1.16768,1.16789,1.16789,1.16776,1.16783,50
2026-01-08 02:39:00,1.16768,1.16771,1.1676300000000002,1.16764,1.16783,1.16784,1.16776,1.16778,56
2026-01-08 02:40:00,1.16764,1.16771,1.16762,1.1677000000000002,1.16778,1.16784,1.16776,1.16784,64
2026-01-08 02:41:00,1.1677000000000002,1.1678400000000002,1.1677000000000002,1.16783,1.16784,1.16796,1.16784,1.16796,137
2026-01-08 02:42:00,1.16783,1.16791,1.16782,1.16791,1.16796,1.16805,1.16796,1.16805,100
2026-01-08 02:43:00,1.16791,1.1679700000000002,1.16789,1.16796,1.16805,1.1681,1.16803,1.1681,57
2026-01-08 02:44:00,1.16796,1.1679700000000002,1.16791,1.16791,1.1681,1.1681,1.16805,1.16805,36
2026-01-08 02:45:00,1.16791,1.168,1.16791,1.16796,1.16805,1.16813,1.16804,1.16809,59
2026-01-08 02:46:00,1.16796,1.16798,1.1679400000000002,1.16798,1.16809,1.16811,1.16806,1.16811,48
2026-01-08 02:47:00,1.16798,1.16799,1.16785,1.16785,1.16811,1.16812,1.16799,1.16799,60
2026-01-08 02:48:00,1.16785,1.16789,1.16778,1.1678000000000002,1.16799,1.16803,1.16791,1.16793,109
2026-01-08 02:49:00,1.1678000000000002,1.16781,1.1677700000000002,1.1678000000000002,1.16793,1.16793,1.16791,1.16793,68
2026-01-08 02:50:00,1.1678000000000002,1.16789,1.1678000000000002,1.16789,1.16793,1.16802,1.16793,1.16802,69
2026-01-08 02:51:00,1.16789,1.16791,1.1678700000000002,1.16789,1.16802,1.16804,1.16799,1.16803,63
2026-01-08 02:52:00,1.16789,1.16796,1.16789,1.16796,1.16803,1.1681,1.16803,1.16809,78
2026-01-08 02:53:00,1.16796,1.16798,1.16792,1.16796,1.16809,1.16811,1.16805,1.1681,90
2026-01-08 02:54:00,1.16796,1.16798,1.1679000000000002,1.16791,1.1681,1.1681,1.16802,1.16804,49
2026-01-08 02:55:00,1.16791,1.16795,1.1679000000000002,1.16795,1.16804,1.16809,1.16803,1.16808,84
2026-01-08 02:56:00,1.16795,1.16795,1.1678700000000002,1.16793,1.16808,1.16809,1.168,1.16806,82
2026-01-08 02:57:00,1.16793,1.1679400000000002,1.16792,1.16793,1.16806,1.16807,1.16806,1.16807,52
2026-01-08 02:58:00,1.16793,1.16802,1.16793,1.1680100000000002,1.16807,1.16815,1.16806,1.16813,129
2026-01-08 02:59:00,1.1680100000000002,1.16802,1.16795,1.1679700000000002,1.16813,1.16814,1.16808,1.1681,67
2026-01-08 03:00:00,1.1679700000000002,1.16799,1.16793,1.16799,1.1681,1.16812,1.16807,1.16812,91
2026-01-08 03:01:00,1.16799,1.16812,1.1679700000000002,1.1681100000000002,1.16812,1.16825,1.16811,1.16824,151
2026-01-08 03:02:00,1.1681100000000002,1.16812,1.16808,1.16808,1.16824,1.16825,1.16821,1.16822,44
2026-01-08 03:03:00,1.16808,1.1681,1.16808,1.1681,1.16822,1.16823,1.16821,1.16822,26
2026-01-08 03:04:00,1.1681,1.1681400000000002,1.1681,1.1681400000000002,1.16822,1.16827,1.16822,1.16827,65
2026-01-08 03:05:00,1.1681400000000002,1.16815,1.16802,1.1680400000000002,1.16827,1.16827,1.16815,1.16818,142
2026-01-08 03:06:00,1.1680400000000002,1.16806,1.1680100000000002,1.16806,1.16818,1.16819,1.16815,1.16819,63
2026-01-08 03:07:00,1.16806,1.1681100000000002,1.1679700000000002,1.16799,1.16819,1.16824,1.1681,1.16813,97
2026-01-08 03:08:00,1.16799,1.16802,1.16799,1.1680100000000002,1.16813,1.16814,1.16813,1.16814,62
2026-01-08 03:09:00,1.1680100000000002,1.16806,1.168,1.1680400000000002,1.16814,1.16818,1.16814,1.16816,49
2026-01-08 03:10:00,1.1680400000000002,1.16806,1.16802,1.1680400000000002,1.16816,1.1682,1.16816,1.16818,60
2026-01-08 03:11:00,1.1680400000000002,1.16805,1.16799,1.168,1.16818,1.16818,1.16812,1.16814,44
2026-01-08 03:12:00,1.168,1.16815,1.168,1.16813,1.16814,1.16828,1.16813,1.16826,112
2026-01-08 03:13:00,1.16813,1.16813,1.16799,1.168,1.16826,1.16826,1.16813,1.16813,134
2026-01-08 03:14:00,1.168,1.16803,1.16798,1.168,1.16813,1.16815,1.16811,1.16812,68
2026-01-08 03:15:00,1.168,1.16803,1.16798,1.16799,1.16812,1.16815,1.16811,1.16812,57
2026-01-08 03:16:00,1.16799,1.16806,1.1679700000000002,1.16798,1.16812,1.16819,1.16809,1.16811,70
2026-01-08 03:17:00,1.16798,1.1680400000000002,1.16798,1.16802,1.16811,1.16817,1.16811,1.16816,119
2026-01-08 03:18:00,1.16802,1.1680700000000002,1.168,1.1680400000000002,1.16816,1.1682,1.16813,1.16816,125
2026-01-08 03:19:00,1.1680400000000002,1.16809,1.16803,1.16808,1.16816,1.16821,1.16816,1.16821,80
2026-01-08 03:20:00,1.16808,1.16813,1.16808,1.16812,1.16821,1.16826,1.16821,1.16825,75
2026-01-08 03:21:00,1.16812,1.1681400000000002,1.1681,1.1681400000000002,1.16825,1.16827,1.16823,1.16826,51
2026-01-08 03:22:00,1.1681400000000002,1.1681400000000002,1.16809,1.1681,1.16826,1.16827,1.16822,1.16823,68
2026-01-08 03:23:00,1.1681,1.16813,1.16809,1.16812,1.16823,1.16825,1.16822,1.16825,44
2026-01-08 03:24:00,1.16812,1.1681400000000002,1.16809,1.1681100000000002,1.16825,1.16826,1.16821,1.16824,94
2026-01-08 03:25:00,1.1681100000000002,1.1681100000000002,1.16805,1.16805,1.16824,1.16824,1.16817,1.16817,81
2026-01-08 03:26:00,1.16805,1.16806,1.16799,1.16802,1.16817,1.16819,1.16812,1.16815,78
2026-01-08 03:27:00,1.16802,1.16809,1.1679700000000002,1.16806,1.16815,1.16821,1.1681,1.16819,86
2026-01-08 03:28:00,1.16806,1.16809,1.16799,1.168,1.16819,1.16822,1.16813,1.16813,82
2026-01-08 03:29:00,1.168,1.16812,1.16796,1.16812,1.16813,1.16824,1.1681,1.16824,88
2026-01-08 03:30:00,1.16812,1.1681400000000002,1.16806,1.1681400000000002,1.16824,1.16827,1.16819,1.16826,99
2026-01-08 03:31:00,1.1681400000000002,1.16822,1.16813,1.16819,1.16826,1.16834,1.16826,1.16832,115
2026-01-08 03:32:00,1.16819,1.16823,1.16815,1.16819,1.16832,1.16835,1.16829,1.16832,75
2026-01-08 03:33:00,1.16819,1.16822,1.1681400000000002,1.16815,1.16832,1.16834,1.16827,1.16828,133
2026-01-08 03:34:00,1.16815,1.16815,1.16808,1.1681100000000002,1.16828,1.16828,1.16822,1.16825,40
2026-01-08 03:35:00,1.1681100000000002,1.1681100000000002,1.16808,1.16809,1.16825,1.16825,1.16821,1.16823,29
2026-01-08 03:36:00,1.16809,1.16809,1.16803,1.1680400000000002,1.16823,1.16823,1.16816,1.16817,46
2026-01-08 03:37:00,1.1680400000000002,1.1680400000000002,1.16798,1.16799,1.16817,1.16817,1.16812,1.16812,31
2026-01-08 03:38:00,1.16799,1.16802,1.16796,1.16798,1.16812,1.16814,1.16809,1.1681,48
2026-01-08 03:39:00,1.16798,1.16802,1.16796,1.168,1.1681,1.16814,1.16809,1.16814,62
2026-01-08 03:40:00,1.168,1.1680100000000002,1.168,1.168,1.16814,1.16814,1.16813,1.16813,11
2026-01-08 03:41:00,1.168,1.1680400000000002,1.168,1.1680400000000002,1.16813,1.16818,1.16813,1.16818,13
2026-01-08 03:42:00,1.1680400000000002,1.1681,1.1680400000000002,1.16808,1.16818,1.16823,1.16818,1.16821,35
2026-01-08 03:43:00,1.16808,1.16808,1.1680100000000002,1.1680100000000002,1.16821,1.16821,1.16815,1.16815,33
2026-01-08 03:44:00,1.1680100000000002,1.16802,1.16798,1.168,1.16815,1.16815,1.16811,1.16814,53
2026-01-08 03:45:00,1.168,1.1680100000000002,1.1679000000000002,1.16791,1.16814,1.16814,1.16804,1.16804,57
2026-01-08 03:46:00,1.16791,1.16799,1.16791,1.16799,1.16804,1.16813,1.16804,1.16812,58
2026-01-08 03:47:00,1.16799,1.16802,1.16795,1.16796,1.16812,1.16815,1.16809,1.16809,66
2026-01-08 03:48:00,1.16796,1.16802,1.16796,1.1680100000000002,1.16809,1.16814,1.16809,1.16814,27
2026-01-08 03:49:00,1.1680100000000002,1.16802,1.16793,1.1679400000000002,1.16814,1.16815,1.16806,1.16807,46
2026-01-08 03:50:00,1.1679400000000002,1.16795,1.16789,1.16791,1.16807,1.16807,1.16802,1.16804,28
2026-01-08 03:51:00,1.16791,1.16791,1.16785,1.16786,1.16804,1.16804,1.16798,1.16799,56
2026-01-08 03:52:00,1.16786,1.1678700000000002,1.16785,1.1678700000000002,1.16799,1.168,1.16798,1.16799,56
2026-01-08 03:53:00,1.1678700000000002,1.1678700000000002,1.16785,1.16786,1.16799,1.168,1.16798,1.16798,58
2026-01-08 03:54:00,1.16786,1.16789,1.1678400000000002,1.1678400000000002,1.16798,1.16802,1.16796,1.16797,45
2026-01-08 03:55:00,1.1678400000000002,1.16785,1.1678400000000002,1.16785,1.16797,1.16798,1.16796,1.16797,33
2026-01-08 03:56:00,1.16785,1.16793,1.1678400000000002,1.16791,1.16797,1.16805,1.16796,1.16803,80
2026-01-08 03:57:00,1.16791,1.16792,1.16791,1.16792,1.16803,1.16805,1.16803,1.16804,31
2026-01-08 03:58:00,1.16792,1.1679400000000002,1.16785,1.1679400000000002,1.16804,1.16806,1.16797,1.16806,110
2026-01-08 03:59:00,1.1679400000000002,1.16799,1.1679400000000002,1.16795,1.16806,1.16811,1.16806,1.16808,56
2026-01-08 04:00:00,1.16795,1.16795,1.16788,1.16789,1.16808,1.16808,1.16801,1.16801,74
2026-01-08 04:01:00,1.16789,1.16791,1.1678700000000002,1.16788,1.16801,1.16804,1.16801,1.16801,74
2026-01-08 04:02:00,1.16788,1.16789,1.1678400000000002,1.16785,1.16801,1.16803,1.16796,1.16798,63
2026-01-08 04:03:00,1.16785,1.16786,1.16779,1.16781,1.16798,1.16798,1.16792,1.16794,77
2026-01-08 04:04:00,1.16781,1.16782,1.16776,1.1677700000000002,1.16794,1.16794,1.16788,1.1679,88
2026-01-08 04:05:00,1.1677700000000002,1.16786,1.1677700000000002,1.1678400000000002,1.1679,1.16799,1.16789,1.16796,45
2026-01-08 04:06:00,1.1678400000000002,1.1678700000000002,1.1678400000000002,1.16785,1.16796,1.168,1.16796,1.16797,67
2026-01-08 04:07:00,1.16785,1.1678700000000002,1.16783,1.1678700000000002,1.16797,1.168,1.16797,1.16799,67
2026-01-08 04:08:00,1.1678700000000002,1.16795,1.16786,1.16793,1.16799,1.16808,1.16799,1.16807,52
2026-01-08 04:09:00,1.16793,1.16793,1.16789,1.1679000000000002,1.16807,1.16807,1.16802,1.16802,46
2026-01-08 04:10:00,1.1679000000000002,1.16791,1.1678400000000002,1.16785,1.16802,1.16804,1.16797,1.16797,88
2026-01-08 04:11:00,1.16785,1.1679000000000002,1.1678400000000002,1.16789,1.16797,1.16802,1.16797,1.16802,87
2026-01-08 04:12:00,1.16789,1.1679000000000002,1.16788,1.1679000000000002,1.16802,1.16803,1.16802,1.16802,15
2026-01-08 04:13:00,1.1679000000000002,1.1679400000000002,1.16786,1.16792,1.16802,1.16806,1.16798,1.16805,32
2026-01-08 04:14:00,1.16792,1.16795,1.16789,1.16793,1.16805,1.16807,1.16801,1.16807,56
2026-01-08 04:15:00,1.16793,1.16796,1.16792,1.16796,1.16807,1.16809,1.16806,1.16808,54
2026-01-08 04:16:00,1.16796,1.1680400000000002,1.16795,1.1680100000000002,1.16808,1.16817,1.16808,1.16814,76
2026-01-08 04:17:00,1.1680100000000002,1.16806,1.1680100000000002,1.16805,1.16814,1.16819,1.16813,1.16818,57
2026-01-08 04:18:00,1.16805,1.16805,1.1680100000000002,1.16803,1.16818,1.16818,1.16814,1.16816,59
2026-01-08 04:19:00,1.16803,1.16805,1.16802,1.16805,1.16816,1.16818,1.16814,1.16817,31
2026-01-08 04:20:00,1.16805,1.16805,1.1680100000000002,1.1680100000000002,1.16817,1.16817,1.16814,1.16814,16
2026-01-08 04:21:00,1.1680100000000002,1.16802,1.168,1.168,1.16814,1.16815,1.16813,1.16813,21
2026-01-08 04:22:00,1.168,1.168,1.16796,1.16796,1.16813,1.16813,1.16808,1.16809,28
2026-01-08 04:23:00,1.16796,1.16796,1.16789,1.1679000000000002,1.16809,1.16809,1.16802,1.16804,30
2026-01-08 04:24:00,1.1679000000000002,1.16793,1.16788,1.16793,1.16804,1.16806,1.16802,1.16806,31
2026-01-08 04:25:00,1.16793,1.1679400000000002,1.16793,1.16793,1.16806,1.16806,1.16805,1.16806,17
2026-01-08 04:26:00,1.16793,1.16793,1.16793,1.16793,1.16806,1.16806,1.16805,1.16805,21
2026-01-08 04:27:00,1.16793,1.16793,1.16791,1.16792,1.16805,1.16806,1.16805,1.16805,10
2026-01-08 04:28:00,1.16792,1.16793,1.16783,1.1678400000000002,1.16805,1.16806,1.16796,1.16797,25
2026-01-08 04:29:00,1.1678400000000002,1.16785,1.16782,1.16783,1.16797,1.16798,1.16795,1.16795,70
2026-01-08 04:30:00,1.16783,1.16783,1.1678000000000002,1.16782,1.16795,1.16795,1.16792,1.16794,32
2026-01-08 04:31:00,1.16782,1.16785,1.1678000000000002,1.16785,1.16794,1.16798,1.16794,1.16798,29
2026-01-08 04:32:00,1.16785,1.16785,1.16776,1.16776,1.16798,1.16798,1.16788,1.16788,31
2026-01-08 04:33:00,1.16776,1.16778,1.16775,1.1677700000000002,1.16788,1.16791,1.16788,1.1679,28
2026-01-08 04:34:00,1.1677700000000002,1.16778,1.16776,1.16778,1.1679,1.16793,1.1679,1.16791,16
2026-01-08 04:35:00,1.16778,1.16781,1.1677700000000002,1.1677700000000002,1.16791,1.16793,1.1679,1.16791,37
2026-01-08 04:36:00,1.1677700000000002,1.16779,1.1677700000000002,1.16778,1.16791,1.16791,1.16791,1.16791,13
2026-01-08 04:37:00,1.16778,1.16778,1.1677300000000002,1.16775,1.16791,1.16791,1.16787,1.16788,38
2026-01-08 04:38:00,1.16775,1.16779,1.16775,1.16778,1.16788,1.16792,1.16787,1.16792,27
2026-01-08 04:39:00,1.16778,1.1678400000000002,1.16778,1.1678400000000002,1.16792,1.16798,1.16792,1.16798,27
2026-01-08 04:40:00,1.1678400000000002,1.16792,1.1678400000000002,1.1679000000000002,1.16798,1.16805,1.16798,1.16803,41
2026-01-08 04:41:00,1.1679000000000002,1.1679000000000002,1.16786,1.16788,1.16803,1.16804,1.168,1.16801,48
2026-01-08 04:42:00,1.16788,1.16791,1.1678700000000002,1.16791,1.16801,1.16804,1.16799,1.16804,65
2026-01-08 04:43:00,1.16791,1.16792,1.16788,1.16788,1.16804,1.16805,1.16801,1.16802,63
2026-01-08 04:44:00,1.16788,1.16793,1.16788,1.16792,1.16802,1.16807,1.16801,1.16806,35
2026-01-08 04:45:00,1.16792,1.16796,1.16792,1.16795,1.16806,1.16809,1.16805,1.16807,35
2026-01-08 04:46:00,1.16795,1.16795,1.1679000000000002,1.16792,1.16807,1.16808,1.16802,1.16805,61
2026-01-08 04:47:00,1.16792,1.16792,1.16788,1.16789,1.16805,1.16805,1.16801,1.16802,19
2026-01-08 04:48:00,1.16789,1.16792,1.1678700000000002,1.16791,1.16802,1.16805,1.16801,1.16805,34
2026-01-08 04:49:00,1.16791,1.1679400000000002,1.1679000000000002,1.16793,1.16805,1.16807,1.16804,1.16806,47
2026-01-08 04:50:00,1.16793,1.16798,1.16793,1.16798,1.16806,1.16812,1.16806,1.16811,60
2026-01-08 04:51:00,1.16798,1.1680400000000002,1.1679700000000002,1.16802,1.16811,1.16818,1.16811,1.16814,72
2026-01-08 04:52:00,1.16802,1.16802,1.16792,1.16792,1.16814,1.16815,1.16805,1.16806,72
2026-01-08 04:53:00,1.16792,1.16792,1.16783,1.1678400000000002,1.16806,1.16806,1.16797,1.16797,46
2026-01-08 04:54:00,1.1678400000000002,1.16789,1.1678400000000002,1.16788,1.16797,1.16803,1.16797,1.16801,46
2026-01-08 04:55:00,1.16788,1.16792,1.16783,1.16783,1.16801,1.16806,1.16796,1.16797,70
2026-01-08 04:56:00,1.16783,1.1679000000000002,1.16783,1.16788,1.16797,1.16804,1.16796,1.16802,38
2026-01-08 04:57:00,1.16788,1.16793,1.16785,1.16792,1.16802,1.16806,1.16798,1.16806,40
2026-01-08 04:58:00,1.16792,1.16799,1.16791,1.16793,1.16806,1.16812,1.16805,1.16807,62
2026-01-08 04:59:00,1.16793,1.16799,1.16792,1.16798,1.16807,1.16812,1.16806,1.16812,67
2026-01-08 05:00:00,1.16798,1.16802,1.16796,1.1680100000000002,1.16812,1.16815,1.1681,1.16815,56
2026-01-08 05:01:00,1.1680100000000002,1.16803,1.16798,1.16798,1.16815,1.16817,1.16811,1.16812,91
2026-01-08 05:02:00,1.16798,1.16799,1.16782,1.16783,1.16812,1.16812,1.16796,1.16797,70
2026-01-08 05:03:00,1.16783,1.16791,1.16783,1.16785,1.16797,1.16804,1.16796,1.16798,95
2026-01-08 05:04:00,1.16785,1.16786,1.16783,1.16785,1.16798,1.16799,1.16797,1.16799,91
2026-01-08 05:05:00,1.16785,1.16788,1.1678000000000002,1.1678400000000002,1.16799,1.16801,1.16793,1.16798,53
2026-01-08 05:06:00,1.1678400000000002,1.16796,1.16783,1.16796,1.16798,1.1681,1.16797,1.1681,62
2026-01-08 05:07:00,1.16796,1.16796,1.1678400000000002,1.16785,1.1681,1.1681,1.16797,1.16799,93
2026-01-08 05:08:00,1.16785,1.16788,1.16785,1.1678700000000002,1.16799,1.16802,1.16798,1.16801,68
2026-01-08 05:09:00,1.1678700000000002,1.1679000000000002,1.1678700000000002,1.1679000000000002,1.16801,1.16803,1.16801,1.16803,10
2026-01-08 05:10:00,1.1679000000000002,1.16799,1.16788,1.1679000000000002,1.16803,1.16811,1.16802,1.16804,78
2026-01-08 05:11:00,1.1679000000000002,1.16795,1.16788,1.16793,1.16804,1.16808,1.16802,1.16807,48
2026-01-08 05:12:00,1.16793,1.1679400000000002,1.16789,1.16791,1.16807,1.16809,1.16802,1.16803,75
2026-01-08 05:13:00,1.16791,1.16791,1.1678400000000002,1.1678700000000002,1.16803,1.16804,1.16798,1.16799,55
2026-01-08 05:14:00,1.1678700000000002,1.1678700000000002,1.16783,1.16785,1.16799,1.168,1.16796,1.16798,66
2026-01-08 05:15:00,1.16785,1.1678700000000002,1.1678000000000002,1.16782,1.16798,1.16802,1.16793,1.16796,58
2026-01-08 05:16:00,1.16782,1.16782,1.16775,1.1677700000000002,1.16796,1.16796,1.16788,1.1679,48
2026-01-08 05:17:00,1.1677700000000002,1.16781,1.16776,1.16779,1.1679,1.16794,1.16789,1.16793,47
2026-01-08 05:18:00,1.16779,1.16783,1.16774,1.1677700000000002,1.16793,1.16796,1.16788,1.1679,46
2026-01-08 05:19:00,1.1677700000000002,1.16782,1.16775,1.16781,1.1679,1.16795,1.16789,1.16795,26
2026-01-08 05:20:00,1.16781,1.16783,1.1678000000000002,1.16781,1.16795,1.16797,1.16794,1.16794,65
2026-01-08 05:21:00,1.16781,1.1678700000000002,1.16779,1.1678700000000002,1.16794,1.16801,1.16793,1.168,27
2026-01-08 05:22:00,1.1678700000000002,1.1678700000000002,1.16783,1.1678400000000002,1.168,1.16801,1.16797,1.16797,39
2026-01-08 05:23:00,1.1678400000000002,1.16786,1.16781,1.1678400000000002,1.16797,1.16799,1.16795,1.16797,53
2026-01-08 05:24:00,1.1678400000000002,1.16791,1.16783,1.16788,1.16797,1.16804,1.16797,1.16801,110
2026-01-08 05:25:00,1.16788,1.16788,1.16775,1.16776,1.16801,1.16801,1.16788,1.16789,92
2026-01-08 05:26:00,1.16776,1.16778,1.1677300000000002,1.16778,1.16789,1.16791,1.16786,1.16791,57
2026-01-08 05:27:00,1.16778,1.16778,1.16769,1.1677300000000002,1.16791,1.16791,1.16783,1.16786,91
2026-01-08 05:28:00,1.1677300000000002,1.16775,1.1677000000000002,1.16772,1.16786,1.16788,1.16783,1.16785,81
2026-01-08 05:29:00,1.16772,1.16776,1.16769,1.16776,1.16785,1.16789,1.16783,1.16788,105
2026-01-08 05:30:00,1.16776,1.16786,1.16775,1.16786,1.16788,1.16798,1.16787,1.16798,78
2026-01-08 05:31:00,1.16786,1.16789,1.16783,1.16786,1.16798,1.16802,1.16796,1.16798,64
2026-01-08 05:32:00,1.16786,1.16786,1.16779,1.16786,1.16798,1.168,1.16792,1.16799,91
2026-01-08 05:33:00,1.16786,1.16789,1.1678400000000002,1.16786,1.16799,1.16802,1.16798,1.16799,53
2026-01-08 05:34:00,1.16786,1.16786,1.16779,1.16786,1.16799,1.168,1.16791,1.16799,76
2026-01-08 05:35:00,1.16786,1.16791,1.16785,1.16791,1.16799,1.16805,1.16798,1.16805,67
2026-01-08 05:36:00,1.16791,1.16806,1.16791,1.16806,1.16805,1.1682,1.16804,1.16819,45
2026-01-08 05:37:00,1.16806,1.1681,1.16805,1.16809,1.16819,1.16824,1.16819,1.16823,35
2026-01-08 05:38:00,1.16809,1.16822,1.16809,1.1682100000000002,1.16823,1.16835,1.16823,1.16834,43
2026-01-08 05:39:00,1.1682100000000002,1.1682100000000002,1.16819,1.16819,1.16834,1.16835,1.16832,1.16833,30
2026-01-08 05:40:00,1.16819,1.1682,1.16813,1.16818,1.16833,1.16834,1.16826,1.16831,87
2026-01-08 05:41:00,1.16818,1.16818,1.16806,1.16809,1.16831,1.16831,1.1682,1.16823,60
2026-01-08 05:42:00,1.16809,1.1681400000000002,1.16806,1.16812,1.16823,1.16827,1.16819,1.16826,58
2026-01-08 05:43:00,1.16812,1.16818,1.1681100000000002,1.16815,1.16826,1.16832,1.16824,1.16828,91
2026-01-08 05:44:00,1.16815,1.16815,1.16808,1.1681,1.16828,1.16829,1.16821,1.16823,73
2026-01-08 05:45:00,1.1681,1.16813,1.16808,1.16808,1.16823,1.16827,1.16821,1.16821,78
2026-01-08 05:46:00,1.16808,1.16812,1.16808,1.1681,1.16821,1.16825,1.16821,1.16823,37
2026-01-08 05:47:00,1.1681,1.1681100000000002,1.1680700000000002,1.1681,1.16823,1.16824,1.16821,1.16823,38
2026-01-08 05:48:00,1.1681,1.1681,1.16799,1.16803,1.16823,1.16824,1.16812,1.16816,56
2026-01-08 05:49:00,1.16803,1.16809,1.16802,1.16802,1.16816,1.16822,1.16816,1.16816,73
2026-01-08 05:50:00,1.16802,1.1680700000000002,1.16798,1.16799,1.16816,1.16821,1.16811,1.16813,61
2026-01-08 05:51:00,1.16799,1.168,1.16796,1.16799,1.16813,1.16813,1.1681,1.16811,73
2026-01-08 05:52:00,1.16799,1.16806,1.16798,1.1680400000000002,1.16811,1.1682,1.16811,1.16818,65
2026-01-08 05:53:00,1.1680400000000002,1.16813,1.1680400000000002,1.16809,1.16818,1.16826,1.16818,1.16821,95
2026-01-08 05:54:00,1.16809,1.1681,1.1680400000000002,1.1680700000000002,1.16821,1.16823,1.16818,1.1682,81
2026-01-08 05:55:00,1.1680700000000002,1.16816,1.1680700000000002,1.16816,1.1682,1.1683,1.1682,1.16829,69
2026-01-08 05:56:00,1.16816,1.16822,1.16816,1.1682100000000002,1.16829,1.16835,1.16829,1.16834,104
2026-01-08 05:57:00,1.1682100000000002,1.16823,1.16818,1.16819,1.16834,1.16837,1.16831,1.16832,103
2026-01-08 05:58:00,1.16819,1.1682100000000002,1.1681400000000002,1.1682100000000002,1.16832,1.16834,1.16828,1.16834,81
2026-01-08 05:59:00,1.1682100000000002,1.1682100000000002,1.1681700000000002,1.1681700000000002,1.16834,1.16834,1.1683,1.16831,92
2026-01-08 06:00:00,1.1681700000000002,1.16818,1.16809,1.16813,1.16831,1.16831,1.16822,1.16825,107
2026-01-08 06:01:00,1.16813,1.16822,1.16812,1.16819,1.16825,1.16835,1.16825,1.16833,114
2026-01-08 06:02:00,1.16819,1.1682400000000002,1.16819,1.16823,1.16833,1.16836,1.16832,1.16836,80
2026-01-08 06:03:00,1.16823,1.1682400000000002,1.16818,1.16822,1.16836,1.16837,1.16831,1.16834,58
2026-01-08 06:04:00,1.16822,1.16822,1.1680700000000002,1.1680700000000002,1.16834,1.16834,1.1682,1.1682,138
2026-01-08 06:05:00,1.1680700000000002,1.1681,1.16803,1.1680400000000002,1.1682,1.16823,1.16816,1.16818,124
2026-01-08 06:06:00,1.1680400000000002,1.16812,1.1680400000000002,1.1680700000000002,1.16818,1.16824,1.16817,1.16819,119
2026-01-08 06:07:00,1.1680700000000002,1.1680700000000002,1.16799,1.1680400000000002,1.16819,1.1682,1.16811,1.16818,158
2026-01-08 06:08:00,1.1680400000000002,1.1680400000000002,1.1679700000000002,1.168,1.16818,1.16818,1.1681,1.16814,92
2026-01-08 06:09:00,1.168,1.1680100000000002,1.1679000000000002,1.1679700000000002,1.16814,1.16814,1.16803,1.1681,87
2026-01-08 06:10:00,1.1679700000000002,1.1681,1.16791,1.1681,1.1681,1.16824,1.16805,1.16824,109
2026-01-08 06:11:00,1.1681,1.16815,1.1681,1.16813,1.16824,1.16828,1.16824,1.16826,50
2026-01-08 06:12:00,1.16813,1.16813,1.168,1.16802,1.16826,1.16826,1.16813,1.16816,81
2026-01-08 06:13:00,1.16802,1.16809,1.168,1.1680700000000002,1.16816,1.16823,1.16814,1.16821,87
2026-01-08 06:14:00,1.1680700000000002,1.16809,1.16802,1.16808,1.16821,1.16822,1.16815,1.16821,56
2026-01-08 06:15:00,1.16808,1.16812,1.16792,1.1679400000000002,1.16821,1.16826,1.16805,1.16808,146
2026-01-08 06:16:00,1.1679400000000002,1.1679400000000002,1.16786,1.1678700000000002,1.16808,1.16808,1.168,1.168,62
2026-01-08 06:17:00,1.1678700000000002,1.1678700000000002,1.16776,1.16778,1.168,1.168,1.1679,1.16791,75
2026-01-08 06:18:00,1.16778,1.1679400000000002,1.16778,1.16788,1.16791,1.16807,1.1679,1.16801,121
2026-01-08 06:19:00,1.16788,1.1679000000000002,1.16782,1.1679000000000002,1.16801,1.16803,1.16795,1.16803,98
2026-01-08 06:20:00,1.1679000000000002,1.1679400000000002,1.16785,1.1679000000000002,1.16803,1.16807,1.16798,1.16803,174
2026-01-08 06:21:00,1.1679000000000002,1.16793,1.1678400000000002,1.1678400000000002,1.16803,1.16806,1.16797,1.16797,94
2026-01-08 06:22:00,1.1678400000000002,1.16788,1.16779,1.16783,1.16797,1.16801,1.16793,1.16796,155
2026-01-08 06:23:00,1.16783,1.1679000000000002,1.1678000000000002,1.16789,1.16796,1.16802,1.16792,1.16801,107
2026-01-08 06:24:00,1.16789,1.1679000000000002,1.16783,1.1678400000000002,1.16801,1.16803,1.16796,1.16797,66
2026-01-08 06:25:00,1.1678400000000002,1.16792,1.1678000000000002,1.16782,1.16797,1.16805,1.16793,1.16796,82
2026-01-08 06:26:00,1.16782,1.16783,1.16771,1.16772,1.16796,1.16797,1.16785,1.16786,76
2026-01-08 06:27:00,1.16772,1.1677300000000002,1.16744,1.16748,1.16786,1.16786,1.16758,1.16761,200
2026-01-08 06:28:00,1.16748,1.16751,1.1674300000000002,1.1675000000000002,1.16761,1.16763,1.16755,1.16763,136
2026-01-08 06:29:00,1.1675000000000002,1.16757,1.16749,1.1675300000000002,1.16763,1.16769,1.16762,1.16765,126
2026-01-08 06:30:00,1.1675300000000002,1.16785,1.16752,1.16783,1.16765,1.16799,1.16765,1.16797,193
2026-01-08 06:31:00,1.16783,1.16786,1.16775,1.16783,1.16797,1.168,1.16787,1.16795,133
2026-01-08 06:32:00,1.16783,1.16785,1.1677300000000002,1.16782,1.16795,1.16797,1.16786,1.16796,119
2026-01-08 06:33:00,1.16782,1.1678700000000002,1.16768,1.16772,1.16796,1.16801,1.16781,1.16784,124
2026-01-08 06:34:00,1.16772,1.16798,1.16772,1.16791,1.16784,1.16812,1.16784,1.16805,122
2026-01-08 06:35:00,1.16791,1.1680100000000002,1.16791,1.168,1.16805,1.16815,1.16804,1.16814,146
2026-01-08 06:36:00,1.168,1.16808,1.168,1.16803,1.16814,1.16822,1.16814,1.16816,79
2026-01-08 06:37:00,1.16803,1.1680400000000002,1.16793,1.16802,1.16816,1.16818,1.16806,1.16814,149
2026-01-08 06:38:00,1.16802,1.16802,1.16789,1.16792,1.16814,1.16814,1.16802,1.16805,102
2026-01-08 06:39:00,1.16792,1.1680100000000002,1.16789,1.16789,1.16805,1.16814,1.16801,1.16801,83
2026-01-08 06:40:00,1.16789,1.1679000000000002,1.16786,1.16788,1.16801,1.16803,1.16799,1.168,97
2026-01-08 06:41:00,1.16788,1.16796,1.16788,1.16795,1.168,1.1681,1.168,1.16808,42
2026-01-08 06:42:00,1.16795,1.1679700000000002,1.1679400000000002,1.16796,1.16808,1.16811,1.16806,1.16809,87
2026-01-08 06:43:00,1.16796,1.1679700000000002,1.16788,1.16788,1.16809,1.16809,1.168,1.16802,99
2026-01-08 06:44:00,1.16788,1.16793,1.1678700000000002,1.16793,1.16802,1.16806,1.16799,1.16806,88
2026-01-08 06:45:00,1.16793,1.16793,1.1678400000000002,1.1678700000000002,1.16806,1.16806,1.16797,1.168,92
2026-01-08 06:46:00,1.1678700000000002,1.1679000000000002,1.1677700000000002,1.16778,1.168,1.16803,1.1679,1.1679,107
2026-01-08 06:47:00,1.16778,1.168,1.16778,1.16799,1.1679,1.16814,1.1679,1.16813,92
2026-01-08 06:48:00,1.16799,1.16806,1.16798,1.1680400000000002,1.16813,1.16819,1.16812,1.16817,87
2026-01-08 06:49:00,1.1680400000000002,1.16808,1.16802,1.16808,1.16817,1.16821,1.16815,1.1682,85
2026-01-08 06:50:00,1.16808,1.1681,1.1680100000000002,1.16808,1.1682,1.16823,1.16814,1.1682,101
2026-01-08 06:51:00,1.16808,1.16813,1.1680400000000002,1.16813,1.1682,1.16826,1.16817,1.16826,69
2026-01-08 06:52:00,1.16813,1.16813,1.16796,1.16796,1.16826,1.16826,1.16808,1.16811,82
2026-01-08 06:53:00,1.16796,1.16803,1.16796,1.16803,1.16811,1.16816,1.16811,1.16816,54
2026-01-08 06:54:00,1.16803,1.1681400000000002,1.168,1.16813,1.16816,1.16827,1.16812,1.16825,77
2026-01-08 06:55:00,1.16813,1.16822,1.1681,1.1682100000000002,1.16825,1.16835,1.16823,1.16833,94
2026-01-08 06:56:00,1.1682100000000002,1.1682100000000002,1.16812,1.1682,1.16833,1.16835,1.16824,1.16832,151
2026-01-08 06:57:00,1.1682,1.1682,1.1681400000000002,1.1681400000000002,1.16832,1.16833,1.16826,1.16826,98
2026-01-08 06:58:00,1.1681400000000002,1.16818,1.1681,1.1681,1.16826,1.16832,1.16824,1.16824,87
2026-01-08 06:59:00,1.1681,1.16813,1.1680700000000002,1.16809,1.16824,1.16829,1.16822,1.16823,153
2026-01-08 07:00:00,1.16809,1.1682,1.16806,1.16812,1.16823,1.16836,1.16821,1.16826,134
2026-01-08 07:01:00,1.16812,1.16818,1.16799,1.1680400000000002,1.16826,1.16832,1.16813,1.16817,126
2026-01-08 07:02:00,1.1680400000000002,1.16816,1.1679700000000002,1.1680700000000002,1.16817,1.1683,1.1681,1.1682,124
2026-01-08 07:03:00,1.1680700000000002,1.16808,1.16796,1.16798,1.1682,1.16821,1.16809,1.16811,77
2026-01-08 07:04:00,1.16798,1.16815,1.16795,1.1681400000000002,1.16811,1.16829,1.16809,1.16827,133
2026-01-08 07:05:00,1.1681400000000002,1.1681400000000002,1.16805,1.16809,1.16827,1.16827,1.16818,1.16822,118
2026-01-08 07:06:00,1.16809,1.1681,1.16806,1.1681,1.16822,1.16824,1.16819,1.16823,40
2026-01-08 07:07:00,1.1681,1.16819,1.16799,1.16816,1.16823,1.16832,1.16813,1.16829,118
2026-01-08 07:08:00,1.16816,1.1681700000000002,1.16802,1.1680400000000002,1.16829,1.16829,1.16815,1.16817,112
2026-01-08 07:09:00,1.1680400000000002,1.1680700000000002,1.16796,1.16799,1.16817,1.16821,1.16809,1.16812,165
2026-01-08 07:10:00,1.16799,1.168,1.1679400000000002,1.16796,1.16812,1.16814,1.16807,1.16809,90
2026-01-08 07:11:00,1.16796,1.168,1.16781,1.16783,1.16809,1.16813,1.16794,1.16796,138
2026-01-08 07:12:00,1.16783,1.16798,1.16782,1.1679000000000002,1.16796,1.16812,1.16795,1.16803,114
2026-01-08 07:13:00,1.1679000000000002,1.1679000000000002,1.16769,1.16772,1.16803,1.16803,1.16784,1.16784,73
2026-01-08 07:14:00,1.16772,1.1677700000000002,1.16769,1.1677700000000002,1.16784,1.16791,1.16783,1.1679,97
2026-01-08 07:15:00,1.1677700000000002,1.16782,1.16775,1.16781,1.1679,1.16795,1.16788,1.16794,120
2026-01-08 07:16:00,1.16781,1.16781,1.1677000000000002,1.1677000000000002,1.16794,1.16794,1.16783,1.16783,95
2026-01-08 07:17:00,1.1677000000000002,1.16782,1.1677000000000002,1.1678000000000002,1.16783,1.16795,1.16783,1.16794,66
2026-01-08 07:18:00,1.1678000000000002,1.16785,1.16775,1.16775,1.16794,1.16798,1.16788,1.16789,61
2026-01-08 07:19:00,1.16775,1.16788,1.16775,1.1678700000000002,1.16789,1.16801,1.16788,1.168,48
2026-01-08 07:20:00,1.1678700000000002,1.16795,1.1678400000000002,1.16793,1.168,1.16807,1.16798,1.16806,71
2026-01-08 07:21:00,1.16793,1.1680700000000002,1.16789,1.16806,1.16806,1.1682,1.16803,1.16819,121
2026-01-08 07:22:00,1.16806,1.16808,1.1679400000000002,1.16796,1.16819,1.16821,1.16808,1.16809,65
2026-01-08 07:23:00,1.16796,1.1679700000000002,1.1678400000000002,1.16791,1.16809,1.16811,1.16797,1.16803,212
2026-01-08 07:24:00,1.16791,1.16795,1.16775,1.1678000000000002,1.16803,1.16807,1.16788,1.16793,206
2026-01-08 07:25:00,1.1678000000000002,1.1678700000000002,1.16775,1.16785,1.16793,1.168,1.16788,1.16799,138
2026-01-08 07:26:00,1.16785,1.16785,1.16779,1.16785,1.16799,1.16799,1.16792,1.16798,81
2026-01-08 07:27:00,1.16785,1.16791,1.1678400000000002,1.16788,1.16798,1.16804,1.16797,1.16801,41
2026-01-08 07:28:00,1.16788,1.16791,1.16786,1.1679000000000002,1.16801,1.16804,1.16799,1.16803,62
2026-01-08 07:29:00,1.1679000000000002,1.16795,1.16786,1.16788,1.16803,1.16808,1.168,1.16802,107
2026-01-08 07:30:00,1.16788,1.16793,1.1678400000000002,1.16785,1.16802,1.16807,1.16796,1.16797,141
2026-01-08 07:31:00,1.16785,1.1679000000000002,1.1678400000000002,1.16789,1.16797,1.16803,1.16797,1.16802,65
2026-01-08 07:32:00,1.16789,1.16798,1.16788,1.16793,1.16802,1.16811,1.16801,1.16806,75
2026-01-08 07:33:00,1.16793,1.16816,1.16788,1.1681400000000002,1.16806,1.1683,1.16801,1.16828,152
2026-01-08 07:34:00,1.1681400000000002,1.16823,1.16809,1.16818,1.16828,1.16836,1.16823,1.16832,87
2026-01-08 07:35:00,1.16818,1.1682,1.16809,1.16809,1.16832,1.16834,1.16822,1.16823,135
2026-01-08 07:36:00,1.16809,1.1681,1.1680400000000002,1.1680700000000002,1.16823,1.16823,1.16817,1.1682,57
2026-01-08 07:37:00,1.1680700000000002,1.1680700000000002,1.1679700000000002,1.16802,1.1682,1.1682,1.16811,1.16815,96
2026-01-08 07:38:00,1.16802,1.16803,1.16796,1.1679700000000002,1.16815,1.16816,1.16809,1.16811,57
2026-01-08 07:39:00,1.1679700000000002,1.1680100000000002,1.1679700000000002,1.16799,1.16811,1.16814,1.1681,1.16813,72
2026-01-08 07:40:00,1.16799,1.16809,1.16795,1.16808,1.16813,1.16823,1.16808,1.16821,68
2026-01-08 07:41:00,1.16808,1.1681,1.16792,1.16798,1.16821,1.16823,1.16805,1.16811,109
2026-01-08 07:42:00,1.16798,1.16808,1.16796,1.16805,1.16811,1.16822,1.16809,1.16818,106
2026-01-08 07:43:00,1.16805,1.16813,1.16803,1.1681,1.16818,1.16826,1.16817,1.16823,104
2026-01-08 07:44:00,1.1681,1.16816,1.1680100000000002,1.16813,1.16823,1.16829,1.16813,1.16826,98
2026-01-08 07:45:00,1.16813,1.16813,1.16805,1.1681100000000002,1.16826,1.16826,1.16818,1.16823,85
2026-01-08 07:46:00,1.1681100000000002,1.1681100000000002,1.1679400000000002,1.16805,1.16823,1.16823,1.16807,1.16817,208
2026-01-08 07:47:00,1.16805,1.16813,1.16803,1.1681,1.16817,1.16827,1.16816,1.16823,109
2026-01-08 07:48:00,1.1681,1.1681,1.1680100000000002,1.1680100000000002,1.16823,1.16823,1.16815,1.16815,74
2026-01-08 07:49:00,1.1680100000000002,1.16806,1.1679700000000002,1.1680400000000002,1.16815,1.16818,1.16811,1.16817,115
2026-01-08 07:50:00,1.1680400000000002,1.1681100000000002,1.1680100000000002,1.1681,1.16817,1.16823,1.16814,1.16823,59
2026-01-08 07:51:00,1.1681,1.16813,1.1680400000000002,1.16809,1.16823,1.16827,1.16817,1.16822,92
2026-01-08 07:52:00,1.16809,1.1681,1.16799,1.168,1.16822,1.16823,1.16812,1.16813,76
2026-01-08 07:53:00,1.168,1.168,1.16791,1.1679400000000002,1.16813,1.16813,1.16804,1.16807,94
2026-01-08 07:54:00,1.1679400000000002,1.1679400000000002,1.16783,1.16785,1.16807,1.16807,1.16796,1.16798,95
2026-01-08 07:55:00,1.16785,1.1680100000000002,1.16782,1.16799,1.16798,1.16813,1.16794,1.16811,151
2026-01-08 07:56:00,1.16799,1.16809,1.16798,1.1680400000000002,1.16811,1.16821,1.16811,1.16817,169
2026-01-08 07:57:00,1.1680400000000002,1.16805,1.1678000000000002,1.1678000000000002,1.16817,1.16817,1.16793,1.16793,145
2026-01-08 07:58:00,1.1678000000000002,1.16782,1.16771,1.16774,1.16793,1.16795,1.16784,1.16787,229
2026-01-08 07:59:00,1.16774,1.16778,1.16764,1.16772,1.16787,1.16791,1.16777,1.16786,205
2026-01-08 08:00:00,1.16772,1.1678000000000002,1.1675600000000002,1.16757,1.16786,1.16793,1.16769,1.1677,253
2026-01-08 08:01:00,1.16757,1.1676300000000002,1.16754,1.16755,1.1677,1.16776,1.16767,1.16768,242
2026-01-08 08:02:00,1.16755,1.16755,1.16745,1.1674600000000002,1.16768,1.16768,1.16758,1.16759,186
2026-01-08 08:03:00,1.1674600000000002,1.16755,1.16744,1.16755,1.16759,1.16768,1.16757,1.16768,161
2026-01-08 08:04:00,1.16755,1.16771,1.16752,1.16754,1.16768,1.16784,1.16765,1.16767,155
2026-01-08 08:05:00,1.16754,1.16762,1.16754,1.16759,1.16767,1.16775,1.16766,1.16772,129
2026-01-08 08:06:00,1.16759,1.16762,1.1675000000000002,1.16752,1.16772,1.16776,1.16763,1.16766,105
2026-01-08 08:07:00,1.16752,1.16754,1.16741,1.1675000000000002,1.16766,1.16768,1.16754,1.16763,161
2026-01-08 08:08:00,1.1675000000000002,1.1676000000000002,1.16744,1.16757,1.16763,1.16774,1.16758,1.1677,134
2026-01-08 08:09:00,1.16757,1.16764,1.16755,1.1676300000000002,1.1677,1.16776,1.16769,1.16776,91
2026-01-08 08:10:00,1.1676300000000002,1.16774,1.1676300000000002,1.16766,1.16776,1.16786,1.16776,1.16778,256
2026-01-08 08:11:00,1.16766,1.1677300000000002,1.16765,1.16766,1.16778,1.16786,1.16778,1.16778,197
2026-01-08 08:12:00,1.16766,1.1677300000000002,1.16766,1.1677300000000002,1.16778,1.16787,1.16778,1.16786,93
2026-01-08 08:13:00,1.1677300000000002,1.1678400000000002,1.16768,1.1678000000000002,1.16786,1.16797,1.16782,1.16793,125
2026-01-08 08:14:00,1.1678000000000002,1.1678000000000002,1.1675600000000002,1.16759,1.16793,1.16793,1.1677,1.16773,210
2026-01-08 08:15:00,1.16759,1.16762,1.16734,1.16738,1.16773,1.16776,1.16749,1.16752,167
2026-01-08 08:16:00,1.16738,1.1674000000000002,1.16727,1.16739,1.16752,1.16754,1.1674,1.16752,167
2026-01-08 08:17:00,1.16739,1.1674000000000002,1.16732,1.16738,1.16752,1.16753,1.16746,1.16752,54
2026-01-08 08:18:00,1.16738,1.16741,1.16738,1.16739,1.16752,1.16754,1.16751,1.16752,54
2026-01-08 08:19:00,1.16739,1.16742,1.1673,1.16734,1.16752,1.16755,1.16743,1.16747,175
2026-01-08 08:20:00,1.16734,1.16739,1.16725,1.16738,1.16747,1.16752,1.16739,1.16752,115
2026-01-08 08:21:00,1.16738,1.1675000000000002,1.1673300000000002,1.16749,1.16752,1.16762,1.16746,1.16762,71
2026-01-08 08:22:00,1.16749,1.16751,1.16737,1.16737,1.16762,1.16763,1.16751,1.16751,108
2026-01-08 08:23:00,1.16737,1.16739,1.1673,1.16734,1.16751,1.16752,1.16742,1.16747,72
2026-01-08 08:24:00,1.16734,1.16735,1.1671600000000002,1.16722,1.16747,1.16748,1.16729,1.16734,108
2026-01-08 08:25:00,1.16722,1.16722,1.1671600000000002,1.1671900000000002,1.16734,1.16735,1.16728,1.16732,161
2026-01-08 08:26:00,1.1671900000000002,1.1673300000000002,1.1671900000000002,1.16732,1.16732,1.16746,1.16731,1.16746,143
2026-01-08 08:27:00,1.16732,1.1674600000000002,1.16732,1.16741,1.16746,1.16759,1.16746,1.16754,134
2026-01-08 08:28:00,1.16741,1.1675600000000002,1.1674000000000002,1.16749,1.16754,1.1677,1.16754,1.16762,113
2026-01-08 08:29:00,1.16749,1.16749,1.16734,1.16744,1.16762,1.16762,1.16746,1.16757,131
2026-01-08 08:30:00,1.16744,1.16754,1.16735,1.16745,1.16757,1.16767,1.16747,1.16758,143
2026-01-08 08:31:00,1.16745,1.1675000000000002,1.16728,1.16749,1.16758,1.16763,1.16742,1.16762,160
2026-01-08 08:32:00,1.16749,1.16755,1.1673300000000002,1.16737,1.16762,1.16769,1.16746,1.1675,194
2026-01-08 08:33:00,1.16737,1.16739,1.1672,1.1672300000000002,1.1675,1.16751,1.16733,1.16735,155
2026-01-08 08:34:00,1.1672300000000002,1.16725,1.1671600000000002,1.1671600000000002,1.16735,1.16738,1.16729,1.16729,121
2026-01-08 08:35:00,1.1671600000000002,1.1671900000000002,1.1670900000000002,1.16717,1.16729,1.16732,1.16722,1.16731,116
2026-01-08 08:36:00,1.16717,1.16718,1.1671,1.1671200000000002,1.16731,1.16731,1.16724,1.16725,102
2026-01-08 08:37:00,1.1671200000000002,1.1671600000000002,1.1670600000000002,1.16707,1.16725,1.1673,1.16719,1.1672,147
2026-01-08 08:38:00,1.16707,1.16707,1.1669500000000002,1.1669900000000002,1.1672,1.1672,1.16709,1.16711,197
2026-01-08 08:39:00,1.1669900000000002,1.1670200000000002,1.1669200000000002,1.1669500000000002,1.16711,1.16714,1.16705,1.16707,163
2026-01-08 08:40:00,1.1669500000000002,1.16707,1.16686,1.1670600000000002,1.16707,1.16721,1.16699,1.16719,171
2026-01-08 08:41:00,1.1670600000000002,1.1671600000000002,1.1670200000000002,1.1671,1.16719,1.1673,1.16715,1.16723,86
2026-01-08 08:42:00,1.1671,1.16717,1.16708,1.16711,1.16723,1.1673,1.16722,1.16724,105
2026-01-08 08:43:00,1.16711,1.16711,1.1669500000000002,1.167,1.16724,1.16724,1.16708,1.16713,81
2026-01-08 08:44:00,1.167,1.16713,1.167,1.16711,1.16713,1.16726,1.16713,1.16724,54
2026-01-08 08:45:00,1.16711,1.16713,1.1669500000000002,1.167,1.16724,1.16725,1.16708,1.16713,95
2026-01-08 08:46:00,1.167,1.1671200000000002,1.1669900000000002,1.1671200000000002,1.16713,1.16725,1.16712,1.16725,59
2026-01-08 08:47:00,1.1671200000000002,1.16722,1.1671200000000002,1.1672,1.16725,1.16735,1.16725,1.16733,68
2026-01-08 08:48:00,1.1672,1.16722,1.16698,1.16698,1.16733,1.16734,1.16711,1.16712,88
2026-01-08 08:49:00,1.16698,1.16704,1.16688,1.16697,1.16712,1.16717,1.167,1.1671,98
2026-01-08 08:50:00,1.16697,1.16698,1.1669,1.16694,1.1671,1.16711,1.16702,1.16707,116
2026-01-08 08:51:00,1.16694,1.16694,1.16684,1.1668900000000002,1.16707,1.16707,1.16697,1.16701,87
2026-01-08 08:52:00,1.1668900000000002,1.1669500000000002,1.16686,1.16691,1.16701,1.16707,1.16698,1.16703,125
2026-01-08 08:53:00,1.16691,1.16703,1.16688,1.167,1.16703,1.16715,1.16702,1.16713,148
2026-01-08 08:54:00,1.167,1.16705,1.1669200000000002,1.16704,1.16713,1.16718,1.16705,1.16717,149
2026-01-08 08:55:00,1.16704,1.16713,1.16701,1.1670200000000002,1.16717,1.16725,1.16714,1.16715,189
2026-01-08 08:56:00,1.1670200000000002,1.16717,1.1670200000000002,1.16715,1.16715,1.1673,1.16715,1.16729,105
2026-01-08 08:57:00,1.16715,1.16717,1.1670900000000002,1.16713,1.16729,1.1673,1.16722,1.16725,147
2026-01-08 08:58:00,1.16713,1.1672300000000002,1.16707,1.16722,1.16725,1.16735,1.1672,1.16735,212
2026-01-08 08:59:00,1.16722,1.16722,1.16704,1.16705,1.16735,1.16736,1.16718,1.16718,147
2026-01-08 09:00:00,1.16705,1.1670600000000002,1.16687,1.16693,1.16718,1.16719,1.16701,1.16706,152
2026-01-08 09:01:00,1.16693,1.16703,1.16691,1.16697,1.16706,1.16717,1.16704,1.1671,202
2026-01-08 09:02:00,1.16697,1.1670200000000002,1.16696,1.167,1.1671,1.16716,1.16709,1.16713,111
2026-01-08 09:03:00,1.167,1.16715,1.1669900000000002,1.16713,1.16713,1.16728,1.16712,1.16726,81
2026-01-08 09:04:00,1.16713,1.16741,1.1670900000000002,1.1672900000000002,1.16726,1.16754,1.16723,1.16743,250
2026-01-08 09:05:00,1.1672900000000002,1.1672900000000002,1.1671900000000002,1.1672300000000002,1.16743,1.16743,1.16733,1.16736,123
2026-01-08 09:06:00,1.1672300000000002,1.1672600000000002,1.1671600000000002,1.1671900000000002,1.16736,1.1674,1.16729,1.16733,93
2026-01-08 09:07:00,1.1671900000000002,1.16724,1.16714,1.16715,1.16733,1.16738,1.16727,1.16728,85
2026-01-08 09:08:00,1.16715,1.1672,1.1670900000000002,1.1672,1.16728,1.16734,1.16722,1.16733,101
2026-01-08 09:09:00,1.1672,1.16721,1.16715,1.16721,1.16733,1.16735,1.16728,1.16734,57
2026-01-08 09:10:00,1.16721,1.16727,1.1671,1.1671,1.16734,1.1674,1.16723,1.16723,98
2026-01-08 09:11:00,1.1671,1.16713,1.16708,1.1671200000000002,1.16723,1.16726,1.16721,1.16725,108
2026-01-08 09:12:00,1.1671200000000002,1.16717,1.1671200000000002,1.16714,1.16725,1.16729,1.16725,1.16727,111
2026-01-08 09:13:00,1.16714,1.1671600000000002,1.16697,1.16698,1.16727,1.1673,1.1671,1.16711,81
2026-01-08 09:14:00,1.16698,1.16707,1.16698,1.16698,1.16711,1.1672,1.16711,1.16711,121
2026-01-08 09:15:00,1.16698,1.1672,1.16698,1.16718,1.16711,1.16733,1.1671,1.16731,127
2026-01-08 09:16:00,1.16718,1.1673,1.16718,1.16727,1.16731,1.16743,1.16731,1.16739,122
2026-01-08 09:17:00,1.16727,1.16737,1.16721,1.16735,1.16739,1.16751,1.16733,1.16749,118
2026-01-08 09:18:00,1.16735,1.16738,1.16728,1.1673600000000002,1.16749,1.16751,1.16741,1.16749,83
2026-01-08 09:19:00,1.1673600000000002,1.16741,1.1673300000000002,1.1673600000000002,1.16749,1.16753,1.16746,1.16749,53
2026-01-08 09:20:00,1.1673600000000002,1.16739,1.1673,1.16737,1.16749,1.16752,1.16743,1.1675,117
2026-01-08 09:21:00,1.16737,1.16748,1.16732,1.16738,1.1675,1.16761,1.16745,1.16751,108
2026-01-08 09:22:00,1.16738,1.16738,1.16728,1.1673,1.16751,1.16751,1.16742,1.16743,85
2026-01-08 09:23:00,1.1673,1.16739,1.16721,1.16724,1.16743,1.16752,1.16733,1.16737,109
2026-01-08 09:24:00,1.16724,1.16727,1.1672,1.16725,1.16737,1.1674,1.16733,1.16738,93
2026-01-08 09:25:00,1.16725,1.16731,1.16718,1.16721,1.16738,1.16744,1.16731,1.16733,97
2026-01-08 09:26:00,1.16721,1.1672600000000002,1.16714,1.16721,1.16733,1.16738,1.16727,1.16734,96
2026-01-08 09:27:00,1.16721,1.16724,1.1671900000000002,1.16721,1.16734,1.16736,1.16731,1.16734,73
2026-01-08 09:28:00,1.16721,1.1673,1.1671600000000002,1.1671900000000002,1.16734,1.16743,1.16728,1.16731,124
2026-01-08 09:29:00,1.1671900000000002,1.16731,1.1671900000000002,1.1672300000000002,1.16731,1.16743,1.16731,1.16736,134
2026-01-08 09:30:00,1.1672300000000002,1.16739,1.1671900000000002,1.16735,1.16736,1.16751,1.16733,1.16749,131
2026-01-08 09:31:00,1.16735,1.16739,1.1672600000000002,1.16727,1.16749,1.16753,1.16739,1.1674,125
2026-01-08 09:32:00,1.16727,1.1673300000000002,1.16722,1.16731,1.1674,1.16746,1.16735,1.16744,56
2026-01-08 09:33:00,1.16731,1.16731,1.16718,1.1672,1.16744,1.16744,1.1673,1.16733,39
2026-01-08 09:34:00,1.1672,1.1673300000000002,1.1672,1.16728,1.16733,1.16745,1.16733,1.16741,95
2026-01-08 09:35:00,1.16728,1.16731,1.1671200000000002,1.16713,1.16741,1.16743,1.16725,1.16726,125
2026-01-08 09:36:00,1.16713,1.1671600000000002,1.1670900000000002,1.16711,1.16726,1.16729,1.16721,1.16723,94
2026-01-08 09:37:00,1.16711,1.16717,1.1669500000000002,1.1671600000000002,1.16723,1.1673,1.16708,1.16729,139
2026-01-08 09:38:00,1.1671600000000002,1.1671600000000002,1.16708,1.16711,1.16729,1.16729,1.16721,1.16723,108
2026-01-08 09:39:00,1.16711,1.16727,1.1671,1.1672600000000002,1.16723,1.1674,1.16723,1.16738,101
2026-01-08 09:40:00,1.1672600000000002,1.1672600000000002,1.16713,1.1671600000000002,1.16738,1.16738,1.16726,1.16729,131
2026-01-08 09:41:00,1.1671600000000002,1.16727,1.1671600000000002,1.16727,1.16729,1.16739,1.16729,1.16739,76
2026-01-08 09:42:00,1.16727,1.16731,1.16721,1.16721,1.16739,1.16743,1.16733,1.16733,115
2026-01-08 09:43:00,1.16721,1.16727,1.16707,1.16708,1.16733,1.16739,1.1672,1.16721,123
2026-01-08 09:44:00,1.16708,1.16714,1.1670600000000002,1.1670600000000002,1.16721,1.16727,1.16718,1.16718,90
2026-01-08 09:45:00,1.1670600000000002,1.16707,1.16694,1.16705,1.16718,1.1672,1.16707,1.16718,151
2026-01-08 09:46:00,1.16705,1.16707,1.167,1.16707,1.16718,1.1672,1.16713,1.1672,97
2026-01-08 09:47:00,1.16707,1.16708,1.16698,1.167,1.1672,1.1672,1.1671,1.16712,90
2026-01-08 09:48:00,1.167,1.1670200000000002,1.16693,1.1669900000000002,1.16712,1.16714,1.16706,1.16711,115
2026-01-08 09:49:00,1.1669900000000002,1.1670600000000002,1.16696,1.1670200000000002,1.16711,1.16718,1.16708,1.16715,134
2026-01-08 09:50:00,1.1670200000000002,1.16717,1.1669900000000002,1.16708,1.16715,1.16729,1.16712,1.16721,163
2026-01-08 09:51:00,1.16708,1.16732,1.16707,1.16732,1.16721,1.16746,1.16721,1.16746,74
2026-01-08 09:52:00,1.16732,1.1674300000000002,1.16731,1.16739,1.16746,1.16756,1.16745,1.16752,92
2026-01-08 09:53:00,1.16739,1.16752,1.16731,1.1674000000000002,1.16752,1.16764,1.16743,1.16753,217
2026-01-08 09:54:00,1.1674000000000002,1.16754,1.16737,1.16751,1.16753,1.16768,1.1675,1.16764,122
2026-01-08 09:55:00,1.16751,1.1676000000000002,1.16748,1.1675600000000002,1.16764,1.16773,1.16761,1.16769,105
2026-01-08 09:56:00,1.1675600000000002,1.16757,1.16751,1.1675600000000002,1.16769,1.1677,1.16764,1.16769,105
2026-01-08 09:57:00,1.1675600000000002,1.16757,1.16752,1.1675300000000002,1.16769,1.1677,1.16765,1.16766,46
2026-01-08 09:58:00,1.1675300000000002,1.1676300000000002,1.1675000000000002,1.1676300000000002,1.16766,1.16777,1.16764,1.16775,76
2026-01-08 09:59:00,1.1676300000000002,1.16764,1.16757,1.1676000000000002,1.16775,1.16779,1.16769,1.16775,122
2026-01-08 10:00:00,1.1676000000000002,1.16782,1.1676000000000002,1.1678000000000002,1.16775,1.16795,1.16774,1.16792,174
2026-01-08 10:01:00,1.1678000000000002,1.16783,1.16775,1.16781,1.16792,1.16796,1.16788,1.16794,164
2026-01-08 10:02:00,1.16781,1.16783,1.16774,1.16778,1.16794,1.16796,1.16787,1.1679,219
2026-01-08 10:03:00,1.16778,1.16782,1.16764,1.16768,1.1679,1.16794,1.16778,1.16782,139
2026-01-08 10:04:00,1.16768,1.16775,1.16764,1.16769,1.16782,1.16789,1.16778,1.16783,92
2026-01-08 10:05:00,1.16769,1.16778,1.16769,1.1677700000000002,1.16783,1.16792,1.16783,1.16791,118
2026-01-08 10:06:00,1.1677700000000002,1.16786,1.16774,1.16781,1.16791,1.16798,1.16788,1.16794,95
2026-01-08 10:07:00,1.16781,1.16781,1.16772,1.16776,1.16794,1.16795,1.16785,1.16789,81
2026-01-08 10:08:00,1.16776,1.1679000000000002,1.16775,1.16781,1.16789,1.16804,1.16788,1.16794,79
2026-01-08 10:09:00,1.16781,1.16789,1.16781,1.16786,1.16794,1.16802,1.16793,1.16799,147
2026-01-08 10:10:00,1.16786,1.16786,1.16775,1.1678000000000002,1.16799,1.16799,1.16788,1.16793,86
2026-01-08 10:11:00,1.1678000000000002,1.1678700000000002,1.16779,1.1678700000000002,1.16793,1.168,1.16792,1.168,90
2026-01-08 10:12:00,1.1678700000000002,1.1681400000000002,1.16783,1.16802,1.168,1.16828,1.16795,1.16815,197
2026-01-08 10:13:00,1.16802,1.16805,1.1679400000000002,1.16802,1.16815,1.16818,1.16807,1.16814,124
2026-01-08 10:14:00,1.16802,1.1680700000000002,1.16793,1.1679400000000002,1.16814,1.1682,1.16805,1.16807,111
2026-01-08 10:15:00,1.1679400000000002,1.16802,1.16788,1.16793,1.16807,1.16815,1.16801,1.16805,106
2026-01-08 10:16:00,1.16793,1.16793,1.16782,1.16782,1.16805,1.16805,1.16794,1.16796,119
2026-01-08 10:17:00,1.16782,1.16789,1.16779,1.1678000000000002,1.16796,1.16803,1.16792,1.16793,102
2026-01-08 10:18:00,1.1678000000000002,1.16781,1.16772,1.16776,1.16793,1.16794,1.16784,1.16789,135
2026-01-08 10:19:00,1.16776,1.16776,1.16766,1.1676700000000002,1.16789,1.16789,1.16779,1.16779,68
2026-01-08 10:20:00,1.1676700000000002,1.1676700000000002,1.16757,1.1676000000000002,1.16779,1.1678,1.1677,1.16773,52
2026-01-08 10:21:00,1.1676000000000002,1.16761,1.16752,1.16755,1.16773,1.16774,1.16764,1.16767,107
2026-01-08 10:22:00,1.16755,1.1678000000000002,1.16754,1.1677000000000002,1.16767,1.16794,1.16767,1.16783,203
2026-01-08 10:23:00,1.1677000000000002,1.16778,1.16764,1.16765,1.16783,1.1679,1.16777,1.16777,153
2026-01-08 10:24:00,1.16765,1.16765,1.16757,1.16758,1.16777,1.16778,1.1677,1.1677,79
2026-01-08 10:25:00,1.16758,1.1676700000000002,1.16757,1.16766,1.1677,1.1678,1.1677,1.16779,178
2026-01-08 10:26:00,1.16766,1.16774,1.1676000000000002,1.1676700000000002,1.16779,1.16786,1.16772,1.1678,183
2026-01-08 10:27:00,1.1676700000000002,1.16774,1.16764,1.16771,1.1678,1.16787,1.16777,1.16783,119
2026-01-08 10:28:00,1.16771,1.16775,1.16766,1.1677300000000002,1.16783,1.16788,1.16779,1.16785,128
2026-01-08 10:29:00,1.1677300000000002,1.16774,1.1676700000000002,1.16772,1.16785,1.16788,1.1678,1.16784,90
2026-01-08 10:30:00,1.16772,1.16775,1.16765,1.16774,1.16784,1.16788,1.16778,1.16787,87
2026-01-08 10:31:00,1.16774,1.16781,1.16769,1.16781,1.16787,1.16793,1.16781,1.16793,105
2026-01-08 10:32:00,1.16781,1.16786,1.16778,1.16783,1.16793,1.16799,1.16792,1.16796,113
2026-01-08 10:33:00,1.16783,1.1679400000000002,1.16783,1.16793,1.16796,1.16807,1.16796,1.16806,109
2026-01-08 10:34:00,1.16793,1.16793,1.16781,1.16783,1.16806,1.16806,1.16793,1.16796,62
2026-01-08 10:35:00,1.16783,1.1678400000000002,1.1678000000000002,1.1678000000000002,1.16796,1.16798,1.16793,1.16793,55
2026-01-08 10:36:00,1.1678000000000002,1.1679000000000002,1.1678000000000002,1.16789,1.16793,1.16803,1.16793,1.16802,95
2026-01-08 10:37:00,1.16789,1.16792,1.16786,1.16789,1.16802,1.16805,1.16798,1.16802,47
2026-01-08 10:38:00,1.16789,1.1679400000000002,1.16788,1.1679000000000002,1.16802,1.16806,1.16801,1.16804,116
2026-01-08 10:39:00,1.1679000000000002,1.16791,1.1678000000000002,1.16785,1.16804,1.16804,1.16794,1.16798,71
2026-01-08 10:40:00,1.16785,1.16789,1.1678400000000002,1.16788,1.16798,1.16803,1.16797,1.16802,54
2026-01-08 10:41:00,1.16788,1.16789,1.1678400000000002,1.1678700000000002,1.16802,1.16803,1.16798,1.168,59
2026-01-08 10:42:00,1.1678700000000002,1.16789,1.16786,1.1678700000000002,1.168,1.16802,1.16799,1.168,64
2026-01-08 10:43:00,1.1678700000000002,1.16788,1.16783,1.16785,1.168,1.16801,1.16795,1.16797,69
2026-01-08 10:44:00,1.16785,1.16786,1.1678000000000002,1.16781,1.16797,1.16799,1.16793,1.16794,68
2026-01-08 10:45:00,1.16781,1.1678700000000002,1.1678000000000002,1.16786,1.16794,1.16801,1.16793,1.16799,59
2026-01-08 10:46:00,1.16786,1.16786,1.1678000000000002,1.16781,1.16799,1.16799,1.16793,1.16794,49
2026-01-08 10:47:00,1.16781,1.1678400000000002,1.16769,1.16771,1.16794,1.16797,1.16783,1.16783,54
2026-01-08 10:48:00,1.16771,1.16771,1.16762,1.16764,1.16783,1.16783,1.16775,1.16777,79
2026-01-08 10:49:00,1.16764,1.16771,1.16764,1.1677000000000002,1.16777,1.16784,1.16777,1.16783,119
2026-01-08 10:50:00,1.1677000000000002,1.16776,1.1676700000000002,1.16775,1.16783,1.16789,1.1678,1.16788,65
2026-01-08 10:51:00,1.16775,1.16782,1.16775,1.16782,1.16788,1.16795,1.16788,1.16795,27
2026-01-08 10:52:00,1.16782,1.16791,1.16781,1.16783,1.16795,1.16803,1.16794,1.16796,69
2026-01-08 10:53:00,1.16783,1.1678400000000002,1.16779,1.1678000000000002,1.16796,1.16797,1.16791,1.16793,69
2026-01-08 10:54:00,1.1678000000000002,1.16783,1.1678000000000002,1.1678000000000002,1.16793,1.16796,1.16792,1.16793,32
2026-01-08 10:55:00,1.1678000000000002,1.1678400000000002,1.16771,1.16772,1.16793,1.16796,1.16784,1.16786,97
2026-01-08 10:56:00,1.16772,1.16772,1.16755,1.16766,1.16786,1.16786,1.16767,1.16778,183
2026-01-08 10:57:00,1.16766,1.16781,1.16765,1.1678000000000002,1.16778,1.16794,1.16778,1.16794,225
2026-01-08 10:58:00,1.1678000000000002,1.168,1.1678000000000002,1.1679700000000002,1.16794,1.16814,1.16794,1.1681,268
2026-01-08 10:59:00,1.1679700000000002,1.16798,1.16792,1.16793,1.1681,1.16811,1.16805,1.16806,137
2026-01-08 11:00:00,1.16793,1.16795,1.16783,1.16785,1.16806,1.16809,1.16796,1.16798,119
2026-01-08 11:01:00,1.16785,1.16792,1.16783,1.16789,1.16798,1.16805,1.16795,1.16802,102
2026-01-08 11:02:00,1.16789,1.1679000000000002,1.16783,1.16789,1.16802,1.16803,1.16796,1.16802,44
2026-01-08 11:03:00,1.16789,1.16796,1.16789,1.16793,1.16802,1.16809,1.16802,1.16806,111
2026-01-08 11:04:00,1.16793,1.1679700000000002,1.16788,1.16788,1.16806,1.1681,1.16801,1.16801,33
2026-01-08 11:05:00,1.16788,1.16788,1.16785,1.16786,1.16801,1.16802,1.16798,1.168,51
2026-01-08 11:06:00,1.16786,1.16793,1.16785,1.1679000000000002,1.168,1.16806,1.16798,1.16803,89
2026-01-08 11:07:00,1.1679000000000002,1.1679000000000002,1.16779,1.1678000000000002,1.16803,1.16803,1.16791,1.16793,99
2026-01-08 11:08:00,1.1678000000000002,1.16781,1.16775,1.16779,1.16793,1.16794,1.16788,1.16792,79
2026-01-08 11:09:00,1.16779,1.16788,1.16775,1.16783,1.16792,1.16801,1.16788,1.16796,123
2026-01-08 11:10:00,1.16783,1.16783,1.1677300000000002,1.16775,1.16796,1.16796,1.16786,1.16788,55
2026-01-08 11:11:00,1.16775,1.1677700000000002,1.1677300000000002,1.16774,1.16788,1.1679,1.16786,1.16787,45
2026-01-08 11:12:00,1.16774,1.16775,1.16764,1.16764,1.16787,1.16788,1.16776,1.16777,70
2026-01-08 11:13:00,1.16764,1.16765,1.16759,1.16764,1.16777,1.16778,1.16772,1.16777,49
2026-01-08 11:14:00,1.16764,1.16764,1.16758,1.1676000000000002,1.16777,1.16777,1.16771,1.16773,67
2026-01-08 11:15:00,1.1676000000000002,1.16765,1.16759,1.16764,1.16773,1.16779,1.16773,1.16778,58
2026-01-08 11:16:00,1.16764,1.16765,1.16754,1.1675600000000002,1.16778,1.16778,1.16768,1.16769,74
2026-01-08 11:17:00,1.1675600000000002,1.1676000000000002,1.1675300000000002,1.16757,1.16769,1.16773,1.16767,1.1677,92
2026-01-08 11:18:00,1.16757,1.16766,1.16754,1.16765,1.1677,1.16779,1.16767,1.16778,99
2026-01-08 11:19:00,1.16765,1.16766,1.16761,1.16761,1.16778,1.1678,1.16774,1.16774,33
2026-01-08 11:20:00,1.16761,1.16774,1.16761,1.16774,1.16774,1.16787,1.16774,1.16786,124
2026-01-08 11:21:00,1.16774,1.16774,1.16762,1.16762,1.16786,1.16786,1.16775,1.16775,113
2026-01-08 11:22:00,1.16762,1.16765,1.16761,1.16762,1.16775,1.16778,1.16773,1.16775,61
2026-01-08 11:23:00,1.16762,1.16764,1.16759,1.16761,1.16775,1.16777,1.16772,1.16774,74
2026-01-08 11:24:00,1.16761,1.16762,1.1675600000000002,1.1676000000000002,1.16774,1.16775,1.1677,1.16772,141
2026-01-08 11:25:00,1.1676000000000002,1.1677000000000002,1.16758,1.16769,1.16772,1.16782,1.16771,1.16782,79
2026-01-08 11:26:00,1.16769,1.16772,1.16765,1.16766,1.16782,1.16784,1.16778,1.16779,89
2026-01-08 11:27:00,1.16766,1.16766,1.16761,1.16764,1.16779,1.16779,1.16774,1.16778,80
2026-01-08 11:28:00,1.16764,1.16765,1.1675600000000002,1.1675600000000002,1.16778,1.16778,1.16769,1.1677,102
2026-01-08 11:29:00,1.1675600000000002,1.1676300000000002,1.1675600000000002,1.1675600000000002,1.1677,1.16775,1.16769,1.1677,105
2026-01-08 11:30:00,1.1675600000000002,1.1675600000000002,1.16749,1.16751,1.1677,1.1677,1.16761,1.16763,119
2026-01-08 11:31:00,1.16751,1.1675600000000002,1.1674600000000002,1.1675600000000002,1.16763,1.16769,1.1676,1.16769,130
2026-01-08 11:32:00,1.1675600000000002,1.16758,1.1675300000000002,1.1675600000000002,1.16769,1.16771,1.16766,1.16768,90
2026-01-08 11:33:00,1.1675600000000002,1.1676700000000002,1.16755,1.1676300000000002,1.16768,1.1678,1.16768,1.16776,77
2026-01-08 11:34:00,1.1676300000000002,1.16766,1.16748,1.16749,1.16776,1.16779,1.16761,1.16762,82
2026-01-08 11:35:00,1.16749,1.16759,1.16747,1.16758,1.16762,1.16772,1.1676,1.16771,144
2026-01-08 11:36:00,1.16758,1.1676000000000002,1.1675600000000002,1.16758,1.16771,1.16772,1.16768,1.1677,56
2026-01-08 11:37:00,1.16758,1.16761,1.1675300000000002,1.1675600000000002,1.1677,1.16774,1.16766,1.16769,92
2026-01-08 11:38:00,1.1675600000000002,1.1676000000000002,1.1675600000000002,1.1676000000000002,1.16769,1.16773,1.16768,1.16772,91
2026-01-08 11:39:00,1.1676000000000002,1.1676000000000002,1.1675300000000002,1.16758,1.16772,1.16773,1.16766,1.16771,102
2026-01-08 11:40:00,1.16758,1.16762,1.16754,1.16757,1.16771,1.16775,1.16767,1.1677,90
2026-01-08 11:41:00,1.16757,1.16776,1.16757,1.16775,1.1677,1.16789,1.1677,1.16788,95
2026-01-08 11:42:00,1.16775,1.16776,1.16774,1.16776,1.16788,1.16789,1.16788,1.16788,52
2026-01-08 11:43:00,1.16776,1.16776,1.16774,1.16776,1.16788,1.16789,1.16787,1.16789,25
2026-01-08 11:44:00,1.16776,1.16776,1.16771,1.16775,1.16789,1.16789,1.16785,1.16788,64
2026-01-08 11:45:00,1.16775,1.16776,1.1677300000000002,1.16776,1.16788,1.1679,1.16786,1.16789,60
2026-01-08 11:46:00,1.16776,1.16778,1.16775,1.16778,1.16789,1.16791,1.16788,1.1679,29
2026-01-08 11:47:00,1.16778,1.16788,1.16774,1.16775,1.1679,1.168,1.16787,1.16788,152
2026-01-08 11:48:00,1.16775,1.1678000000000002,1.16774,1.16778,1.16788,1.16793,1.16787,1.16792,65
2026-01-08 11:49:00,1.16778,1.16779,1.16772,1.16772,1.16792,1.16792,1.16785,1.16785,66
2026-01-08 11:50:00,1.16772,1.16783,1.16772,1.16774,1.16785,1.16795,1.16785,1.16787,90
2026-01-08 11:51:00,1.16774,1.1677700000000002,1.1677000000000002,1.1677000000000002,1.16787,1.1679,1.16783,1.16783,89
2026-01-08 11:52:00,1.1677000000000002,1.1677000000000002,1.16755,1.1675600000000002,1.16783,1.16783,1.16768,1.16769,97
2026-01-08 11:53:00,1.1675600000000002,1.16779,1.1675600000000002,1.1677700000000002,1.16769,1.16792,1.16769,1.16789,91
2026-01-08 11:54:00,1.1677700000000002,1.16778,1.16772,1.16775,1.16789,1.16791,1.16785,1.16788,79
2026-01-08 11:55:00,1.16775,1.16778,1.16775,1.16778,1.16788,1.16791,1.16788,1.16791,36
2026-01-08 11:56:00,1.16778,1.16782,1.16778,1.16779,1.16791,1.16795,1.1679,1.16792,52
2026-01-08 11:57:00,1.16779,1.16779,1.16768,1.16772,1.16792,1.16792,1.16781,1.16785,83
2026-01-08 11:58:00,1.16772,1.16776,1.1677000000000002,1.16772,1.16785,1.16789,1.16783,1.16785,70
2026-01-08 11:59:00,1.16772,1.16774,1.16765,1.1677000000000002,1.16785,1.16787,1.16778,1.16783,94
2026-01-08 12:00:00,1.1677000000000002,1.1677300000000002,1.16755,1.16755,1.16783,1.16786,1.16768,1.16769,139
2026-01-08 12:01:00,1.16755,1.16764,1.16754,1.16762,1.16769,1.16777,1.16766,1.16775,86
2026-01-08 12:02:00,1.16762,1.16762,1.1675000000000002,1.16754,1.16775,1.16775,1.16763,1.16767,151
2026-01-08 12:03:00,1.16754,1.16755,1.16747,1.16747,1.16767,1.16768,1.1676,1.1676,76
2026-01-08 12:04:00,1.16747,1.16757,1.16747,1.1675300000000002,1.1676,1.1677,1.16759,1.16766,88
2026-01-08 12:05:00,1.1675300000000002,1.16757,1.16744,1.1674600000000002,1.16766,1.1677,1.16756,1.16759,65
2026-01-08 12:06:00,1.1674600000000002,1.16751,1.16744,1.16751,1.16759,1.16765,1.16757,1.16764,55
2026-01-08 12:07:00,1.16751,1.16752,1.16747,1.16752,1.16764,1.16765,1.16761,1.16765,86
2026-01-08 12:08:00,1.16752,1.16752,1.16748,1.16751,1.16765,1.16765,1.16761,1.16765,37
2026-01-08 12:09:00,1.16751,1.1676000000000002,1.16749,1.1676000000000002,1.16765,1.16772,1.16762,1.16772,64
2026-01-08 12:10:00,1.1676000000000002,1.1676000000000002,1.16735,1.1673600000000002,1.16772,1.16772,1.16748,1.16749,103
2026-01-08 12:11:00,1.1673600000000002,1.1674300000000002,1.1672900000000002,1.16739,1.16749,1.16755,1.16743,1.16752,166
2026-01-08 12:12:00,1.16739,1.16741,1.1673300000000002,1.16737,1.16752,1.16754,1.16745,1.16749,111
2026-01-08 12:13:00,1.16737,1.16738,1.16732,1.1673300000000002,1.16749,1.16751,1.16745,1.16746,102
2026-01-08 12:14:00,1.1673300000000002,1.1673300000000002,1.16717,1.16718,1.16746,1.16746,1.1673,1.1673,109
2026-01-08 12:15:00,1.16718,1.16727,1.16718,1.1671900000000002,1.1673,1.1674,1.1673,1.16732,149
2026-01-08 12:16:00,1.1671900000000002,1.16732,1.16714,1.16732,1.16732,1.16745,1.16727,1.16745,182
2026-01-08 12:17:00,1.16732,1.16735,1.16728,1.16731,1.16745,1.16748,1.16741,1.16743,125
2026-01-08 12:18:00,1.16731,1.16732,1.1671900000000002,1.16725,1.16743,1.16745,1.16733,1.16738,76
2026-01-08 12:19:00,1.16725,1.16728,1.16721,1.16722,1.16738,1.16742,1.16735,1.16735,69
2026-01-08 12:20:00,1.16722,1.16728,1.16721,1.16724,1.16735,1.16741,1.16734,1.16736,102
2026-01-08 12:21:00,1.16724,1.16725,1.1672,1.16724,1.16736,1.16738,1.16733,1.16736,59
2026-01-08 12:22:00,1.16724,1.16724,1.16715,1.1671600000000002,1.16736,1.16737,1.16728,1.16729,72
2026-01-08 12:23:00,1.1671600000000002,1.1672,1.16711,1.1671200000000002,1.16729,1.16732,1.16723,1.16724,94
2026-01-08 12:24:00,1.1671200000000002,1.16715,1.16711,1.16713,1.16724,1.16728,1.16724,1.16725,58
2026-01-08 12:25:00,1.16713,1.16713,1.16705,1.16705,1.16725,1.16725,1.16718,1.16718,112
2026-01-08 12:26:00,1.16705,1.16721,1.16703,1.1671900000000002,1.16718,1.16733,1.16716,1.16732,170
2026-01-08 12:27:00,1.1671900000000002,1.16721,1.16713,1.16714,1.16732,1.16734,1.16726,1.16728,67
2026-01-08 12:28:00,1.16714,1.16718,1.16713,1.16714,1.16728,1.16732,1.16726,1.16727,63
2026-01-08 12:29:00,1.16714,1.1672,1.1671200000000002,1.1671900000000002,1.16727,1.16733,1.16725,1.16732,91
2026-01-08 12:30:00,1.1671900000000002,1.16724,1.16713,1.16714,1.16732,1.16737,1.16726,1.16726,94
2026-01-08 12:31:00,1.16714,1.16714,1.1670200000000002,1.16704,1.16726,1.16726,1.16714,1.16717,92
2026-01-08 12:32:00,1.16704,1.16707,1.16701,1.16704,1.16717,1.1672,1.16715,1.16716,65
2026-01-08 12:33:00,1.16704,1.16708,1.1670200000000002,1.16707,1.16716,1.16721,1.16715,1.16719,130
2026-01-08 12:34:00,1.16707,1.16708,1.16704,1.16708,1.16719,1.16721,1.16717,1.16721,93
2026-01-08 12:35:00,1.16708,1.16708,1.167,1.16705,1.16721,1.16721,1.16713,1.16718,166
2026-01-08 12:36:00,1.16705,1.1672,1.16704,1.1672,1.16718,1.16733,1.16717,1.16733,116
2026-01-08 12:37:00,1.1672,1.1672900000000002,1.1671900000000002,1.1672900000000002,1.16733,1.16742,1.16733,1.16741,79
2026-01-08 12:38:00,1.1672900000000002,1.1672900000000002,1.16718,1.16724,1.16741,1.16742,1.16731,1.16737,90
2026-01-08 12:39:00,1.16724,1.1672900000000002,1.16721,1.16721,1.16737,1.16742,1.16733,1.16734,56
2026-01-08 12:40:00,1.16721,1.1673,1.1671900000000002,1.16725,1.16734,1.16743,1.16732,1.16738,98
2026-01-08 12:41:00,1.16725,1.16728,1.16721,1.16722,1.16738,1.16741,1.16734,1.16735,73
2026-01-08 12:42:00,1.16722,1.1672300000000002,1.16714,1.16715,1.16735,1.16736,1.16728,1.16728,70
2026-01-08 12:43:00,1.16715,1.1671900000000002,1.16714,1.1671900000000002,1.16728,1.16732,1.16727,1.16731,78
2026-01-08 12:44:00,1.1671900000000002,1.16721,1.1671600000000002,1.16718,1.16731,1.16734,1.16729,1.16731,46
2026-01-08 12:45:00,1.16718,1.1672600000000002,1.16718,1.16721,1.16731,1.16738,1.16731,1.16733,52
2026-01-08 12:46:00,1.16721,1.16724,1.1671600000000002,1.1672,1.16733,1.16737,1.16729,1.16732,62
2026-01-08 12:47:00,1.1672,1.16731,1.16718,1.16731,1.16732,1.16744,1.1673,1.16744,69
2026-01-08 12:48:00,1.16731,1.1673300000000002,1.16724,1.1672600000000002,1.16744,1.16747,1.16736,1.16739,61
2026-01-08 12:49:00,1.1672600000000002,1.16739,1.1672600000000002,1.16735,1.16739,1.16752,1.16739,1.16748,72
2026-01-08 12:50:00,1.16735,1.16735,1.1672300000000002,1.16728,1.16748,1.16748,1.16736,1.16741,76
2026-01-08 12:51:00,1.16728,1.16728,1.16722,1.16728,1.16741,1.16741,1.16736,1.1674,51
2026-01-08 12:52:00,1.16728,1.16737,1.16728,1.1673,1.1674,1.16751,1.1674,1.16744,75
2026-01-08 12:53:00,1.1673,1.16734,1.1672600000000002,1.1672900000000002,1.16744,1.16747,1.1674,1.16743,56
2026-01-08 12:54:00,1.1672900000000002,1.1673,1.16701,1.16701,1.16743,1.16744,1.16714,1.16714,106
2026-01-08 12:55:00,1.16701,1.16711,1.1669,1.1671,1.16714,1.16724,1.16705,1.16724,130
2026-01-08 12:56:00,1.1671,1.1671,1.16701,1.16707,1.16724,1.16724,1.16714,1.1672,136
2026-01-08 12:57:00,1.16707,1.16718,1.16701,1.16717,1.1672,1.16731,1.16714,1.1673,101
2026-01-08 12:58:00,1.16717,1.16724,1.1671600000000002,1.16718,1.1673,1.16737,1.16728,1.16731,109
2026-01-08 12:59:00,1.16718,1.1672900000000002,1.16715,1.16727,1.16731,1.16742,1.16728,1.1674,109
2026-01-08 13:00:00,1.16727,1.16737,1.1672600000000002,1.16735,1.1674,1.1675,1.16739,1.16748,174
2026-01-08 13:01:00,1.16735,1.16748,1.16728,1.16748,1.16748,1.16761,1.16741,1.1676,128
2026-01-08 13:02:00,1.16748,1.16757,1.16745,1.16755,1.1676,1.1677,1.16757,1.16767,200
2026-01-08 13:03:00,1.16755,1.16755,1.16742,1.16745,1.16767,1.16767,1.16754,1.16758,90
2026-01-08 13:04:00,1.16745,1.16757,1.16739,1.16757,1.16758,1.16769,1.16753,1.16769,119
2026-01-08 13:05:00,1.16757,1.16759,1.16749,1.16754,1.16769,1.16771,1.16761,1.16766,101
2026-01-08 13:06:00,1.16754,1.1675600000000002,1.16742,1.1675300000000002,1.16766,1.16769,1.16754,1.16767,136
2026-01-08 13:07:00,1.1675300000000002,1.16755,1.16735,1.16741,1.16767,1.16768,1.16748,1.16753,128
2026-01-08 13:08:00,1.16741,1.1674300000000002,1.16737,1.1674000000000002,1.16753,1.16756,1.1675,1.16752,70
2026-01-08 13:09:00,1.1674000000000002,1.16742,1.16739,1.1674000000000002,1.16752,1.16755,1.16752,1.16753,32
2026-01-08 13:10:00,1.1674000000000002,1.1675000000000002,1.1674000000000002,1.16748,1.16753,1.16762,1.16753,1.16761,123
2026-01-08 13:11:00,1.16748,1.1675000000000002,1.16742,1.16745,1.16761,1.16764,1.16755,1.16757,116
2026-01-08 13:12:00,1.16745,1.16748,1.16742,1.16742,1.16757,1.16761,1.16754,1.16754,91
2026-01-08 13:13:00,1.16742,1.16744,1.16724,1.1672900000000002,1.16754,1.16757,1.16737,1.16742,153
2026-01-08 13:14:00,1.1672900000000002,1.1674000000000002,1.16725,1.1673300000000002,1.16742,1.16752,1.16738,1.16746,114
2026-01-08 13:15:00,1.1673300000000002,1.1674000000000002,1.1673,1.1673,1.16746,1.16753,1.16743,1.16743,107
2026-01-08 13:16:00,1.1673,1.1673300000000002,1.16708,1.16708,1.16743,1.16746,1.1672,1.1672,146
2026-01-08 13:17:00,1.16708,1.16734,1.16708,1.16734,1.1672,1.16747,1.1672,1.16747,132
2026-01-08 13:18:00,1.16734,1.16749,1.16734,1.16745,1.16747,1.16763,1.16746,1.16758,115
2026-01-08 13:19:00,1.16745,1.1675300000000002,1.16744,1.1675300000000002,1.16758,1.16765,1.16757,1.16765,55
2026-01-08 13:20:00,1.1675300000000002,1.1675300000000002,1.16744,1.16751,1.16765,1.16766,1.16757,1.16764,133
2026-01-08 13:21:00,1.16751,1.16764,1.16751,1.16762,1.16764,1.16777,1.16764,1.16775,108
2026-01-08 13:22:00,1.16762,1.1677300000000002,1.1675300000000002,1.16765,1.16775,1.16786,1.16766,1.16778,111
2026-01-08 13:23:00,1.16765,1.16769,1.1676000000000002,1.1676700000000002,1.16778,1.16782,1.16773,1.1678,84
2026-01-08 13:24:00,1.1676700000000002,1.16768,1.16758,1.16764,1.1678,1.16781,1.16773,1.16778,114
2026-01-08 13:25:00,1.16764,1.16764,1.16758,1.16759,1.16778,1.16778,1.16771,1.16773,133
2026-01-08 13:26:00,1.16759,1.16761,1.16757,1.1676000000000002,1.16773,1.16775,1.1677,1.16772,102
2026-01-08 13:27:00,1.1676000000000002,1.16765,1.16759,1.16759,1.16772,1.16778,1.16771,1.16771,61
2026-01-08 13:28:00,1.16759,1.1676000000000002,1.16748,1.16748,1.16771,1.16772,1.16762,1.16763,100
2026-01-08 13:29:00,1.16748,1.16751,1.1673300000000002,1.16739,1.16763,1.16766,1.16749,1.16757,145
2026-01-08 13:30:00,1.16739,1.1674300000000002,1.1671600000000002,1.16741,1.16757,1.1676,1.16732,1.16754,328
2026-01-08 13:31:00,1.16741,1.16742,1.16718,1.16718,1.16754,1.16754,1.16731,1.16731,133
2026-01-08 13:32:00,1.16718,1.16718,1.1668500000000002,1.16688,1.16731,1.16731,1.16698,1.16702,206
2026-01-08 13:33:00,1.16688,1.16693,1.16677,1.1668,1.16702,1.16706,1.16689,1.16693,144
2026-01-08 13:34:00,1.1668,1.1668,1.1666200000000002,1.1666500000000002,1.16693,1.16694,1.16676,1.16679,228
2026-01-08 13:35:00,1.1666500000000002,1.16696,1.1666500000000002,1.1669500000000002,1.16679,1.16709,1.16677,1.16708,197
2026-01-08 13:36:00,1.1669500000000002,1.16701,1.1668200000000002,1.1669900000000002,1.16708,1.16713,1.16695,1.16712,212
2026-01-08 13:37:00,1.1669900000000002,1.1670900000000002,1.16687,1.16688,1.16712,1.16723,1.16701,1.16701,219
2026-01-08 13:38:00,1.16688,1.1668900000000002,1.1668,1.16687,1.16701,1.16703,1.16693,1.16701,182
2026-01-08 13:39:00,1.16687,1.16688,1.1668,1.16686,1.16701,1.16701,1.16693,1.16698,103
2026-01-08 13:40:00,1.16686,1.16686,1.16677,1.1668,1.16698,1.16699,1.16689,1.16693,165
2026-01-08 13:41:00,1.1668,1.16688,1.1667800000000002,1.16688,1.16693,1.16701,1.1669,1.167,199
2026-01-08 13:42:00,1.16688,1.16693,1.16683,1.1669,1.167,1.16706,1.16696,1.16703,145
2026-01-08 13:43:00,1.1669,1.16691,1.1668,1.16686,1.16703,1.16704,1.16693,1.167,106
2026-01-08 13:44:00,1.16686,1.16691,1.16664,1.1666500000000002,1.167,1.16704,1.16678,1.16678,194
2026-01-08 13:45:00,1.1666500000000002,1.1666500000000002,1.1665,1.16652,1.16678,1.16679,1.16663,1.16665,237
2026-01-08 13:46:00,1.16652,1.1665800000000002,1.1664,1.1664500000000002,1.16665,1.16671,1.16652,1.16658,264
2026-01-08 13:47:00,1.1664500000000002,1.1665,1.1662,1.1662100000000002,1.16658,1.16663,1.16632,1.16634,234
2026-01-08 13:48:00,1.1662100000000002,1.16626,1.16599,1.16605,1.16634,1.16639,1.16612,1.16619,294
2026-01-08 13:49:00,1.16605,1.1661400000000002,1.16603,1.16608,1.16619,1.16626,1.16615,1.1662,244
2026-01-08 13:50:00,1.16608,1.16613,1.16593,1.16598,1.1662,1.16627,1.16607,1.16611,185
2026-01-08 13:51:00,1.16598,1.16603,1.1657700000000002,1.16603,1.16611,1.16616,1.1659,1.16616,358
2026-01-08 13:52:00,1.16603,1.1660400000000002,1.16585,1.16586,1.16616,1.16616,1.16597,1.16599,216
2026-01-08 13:53:00,1.16586,1.16593,1.1658000000000002,1.16591,1.16599,1.16605,1.16593,1.16603,151
2026-01-08 13:54:00,1.16591,1.16596,1.1658400000000002,1.16586,1.16603,1.16608,1.16596,1.16598,177
2026-01-08 13:55:00,1.16586,1.16606,1.16582,1.16605,1.16598,1.16618,1.16594,1.16617,213
2026-01-08 13:56:00,1.16605,1.1662100000000002,1.1660100000000002,1.1662100000000002,1.16617,1.16635,1.16614,1.16633,246
2026-01-08 13:57:00,1.1662100000000002,1.1663100000000002,1.16619,1.16622,1.16633,1.16644,1.16632,1.16635,155
2026-01-08 13:58:00,1.16622,1.16633,1.1662,1.16632,1.16635,1.16646,1.16632,1.16644,132
2026-01-08 13:59:00,1.16632,1.1663400000000002,1.1661700000000002,1.16622,1.16644,1.16647,1.16629,1.16635,216
2026-01-08 14:00:00,1.16622,1.16625,1.16609,1.16622,1.16635,1.16638,1.16622,1.16634,339
2026-01-08 14:01:00,1.16622,1.1663100000000002,1.1661,1.1663100000000002,1.16634,1.16644,1.16623,1.16643,171
2026-01-08 14:02:00,1.1663100000000002,1.1663100000000002,1.1661100000000002,1.16627,1.16643,1.16644,1.16624,1.1664,233
2026-01-08 14:03:00,1.16627,1.16657,1.16625,1.1665500000000002,1.1664,1.16671,1.16637,1.16669,218
2026-01-08 14:04:00,1.1665500000000002,1.16657,1.16636,1.16656,1.16669,1.1667,1.16649,1.16669,319
2026-01-08 14:05:00,1.16656,1.16659,1.1664500000000002,1.16653,1.16669,1.16672,1.16658,1.16667,264
2026-01-08 14:06:00,1.16653,1.16661,1.16644,1.1664500000000002,1.16667,1.16675,1.16657,1.16659,191
2026-01-08 14:07:00,1.1664500000000002,1.16646,1.16635,1.16643,1.16659,1.1666,1.16649,1.16656,210
2026-01-08 14:08:00,1.16643,1.1665100000000002,1.16635,1.1664100000000002,1.16656,1.16664,1.16647,1.16653,158
2026-01-08 14:09:00,1.1664100000000002,1.1664500000000002,1.16623,1.16629,1.16653,1.16658,1.16636,1.16643,271
2026-01-08 14:10:00,1.16629,1.1663,1.16615,1.16619,1.16643,1.16643,1.16628,1.16632,190
2026-01-08 14:11:00,1.16619,1.16635,1.16608,1.16609,1.16632,1.16648,1.16621,1.16623,245
2026-01-08 14:12:00,1.16609,1.1661800000000002,1.1660400000000002,1.16615,1.16623,1.16632,1.16618,1.16629,144
2026-01-08 14:13:00,1.16615,1.16615,1.1660100000000002,1.16603,1.16629,1.16629,1.16614,1.16616,176
2026-01-08 14:14:00,1.16603,1.1660700000000002,1.1659400000000002,1.16595,1.16616,1.16619,1.16607,1.16608,247
2026-01-08 14:15:00,1.16595,1.1660100000000002,1.16591,1.16593,1.16608,1.16614,1.16604,1.16606,198
2026-01-08 14:16:00,1.16593,1.1659400000000002,1.16579,1.16583,1.16606,1.16608,1.16592,1.16597,197
2026-01-08 14:17:00,1.16583,1.1659000000000002,1.16578,1.1658400000000002,1.16597,1.16603,1.16591,1.16597,157
2026-01-08 14:18:00,1.1658400000000002,1.16586,1.16578,1.16581,1.16597,1.166,1.16591,1.16594,100
2026-01-08 14:19:00,1.16581,1.1658400000000002,1.16559,1.1656300000000002,1.16594,1.16597,1.16573,1.16576,230
2026-01-08 14:20:00,1.1656300000000002,1.16585,1.1656300000000002,1.16578,1.16576,1.16599,1.16576,1.16592,213
2026-01-08 14:21:00,1.16578,1.16578,1.16564,1.16565,1.16592,1.16592,1.16577,1.16579,171
2026-01-08 14:22:00,1.16565,1.16569,1.1655600000000002,1.16565,1.16579,1.16581,1.16569,1.16577,213
2026-01-08 14:23:00,1.16565,1.1660100000000002,1.16561,1.166,1.16577,1.16616,1.16573,1.16614,227
2026-01-08 14:24:00,1.166,1.1660400000000002,1.16598,1.16603,1.16614,1.16618,1.16612,1.16616,154
2026-01-08 14:25:00,1.16603,1.16603,1.16589,1.1659000000000002,1.16616,1.16617,1.16602,1.16603,106
2026-01-08 14:26:00,1.1659000000000002,1.16598,1.1658400000000002,1.16588,1.16603,1.16612,1.16598,1.166,126
2026-01-08 14:27:00,1.16588,1.16596,1.1658400000000002,1.1658400000000002,1.166,1.16609,1.16596,1.16597,155
2026-01-08 14:28:00,1.1658400000000002,1.16586,1.16569,1.16569,1.16597,1.16599,1.16582,1.16583,139
2026-01-08 14:29:00,1.16569,1.1658400000000002,1.16566,1.1658400000000002,1.16583,1.16596,1.16578,1.16596,272
2026-01-08 14:30:00,1.1658400000000002,1.16586,1.16569,1.16576,1.16596,1.166,1.16583,1.16588,262
2026-01-08 14:31:00,1.16576,1.16593,1.16574,1.16593,1.16588,1.16606,1.16587,1.16606,183
2026-01-08 14:32:00,1.16593,1.1660400000000002,1.16592,1.16603,1.16606,1.16616,1.16605,1.16616,135
2026-01-08 14:33:00,1.16603,1.1661,1.16579,1.1658000000000002,1.16616,1.16623,1.16593,1.16595,186
2026-01-08 14:34:00,1.1658000000000002,1.16591,1.1658000000000002,1.16585,1.16595,1.16604,1.16594,1.16598,149
2026-01-08 14:35:00,1.16585,1.16588,1.16579,1.1658400000000002,1.16598,1.16601,1.16592,1.16597,93
2026-01-08 14:36:00,1.1658400000000002,1.166,1.16581,1.166,1.16597,1.16614,1.16594,1.16614,190
2026-01-08 14:37:00,1.166,1.1661,1.16595,1.166,1.16614,1.16623,1.16608,1.16613,250
2026-01-08 14:38:00,1.166,1.1661700000000002,1.16595,1.16598,1.16613,1.1663,1.16607,1.16611,256
2026-01-08 14:39:00,1.16598,1.16602,1.16591,1.1659700000000002,1.16611,1.16615,1.16604,1.16609,193
2026-01-08 14:40:00,1.1659700000000002,1.16608,1.1659400000000002,1.1660700000000002,1.16609,1.16621,1.16607,1.1662,142
2026-01-08 14:41:00,1.1660700000000002,1.1661100000000002,1.16595,1.1661100000000002,1.1662,1.16624,1.16608,1.16624,143
2026-01-08 14:42:00,1.1661100000000002,1.1661100000000002,1.16596,1.16605,1.16624,1.16624,1.1661,1.16619,200
2026-01-08 14:43:00,1.16605,1.1662,1.1660100000000002,1.1661400000000002,1.16619,1.16632,1.16614,1.16627,182
2026-01-08 14:44:00,1.1661400000000002,1.16623,1.1661,1.1661400000000002,1.16627,1.16636,1.16624,1.16627,134
2026-01-08 14:45:00,1.1661400000000002,1.1661400000000002,1.16602,1.1660400000000002,1.16627,1.16627,1.16616,1.16619,132
2026-01-08 14:46:00,1.1660400000000002,1.1661800000000002,1.1660400000000002,1.1661400000000002,1.16619,1.16631,1.16618,1.16627,109
2026-01-08 14:47:00,1.1661400000000002,1.1661400000000002,1.16595,1.166,1.16627,1.16627,1.16607,1.16613,138
2026-01-08 14:48:00,1.166,1.166,1.16575,1.16579,1.16613,1.16613,1.16588,1.16592,159
2026-01-08 14:49:00,1.16579,1.16589,1.1657700000000002,1.1658000000000002,1.16592,1.16603,1.16589,1.16593,109
2026-01-08 14:50:00,1.1658000000000002,1.16589,1.1658000000000002,1.16589,1.16593,1.16602,1.16593,1.16602,124
2026-01-08 14:51:00,1.16589,1.16596,1.16586,1.16591,1.16602,1.16609,1.16599,1.16603,114
2026-01-08 14:52:00,1.16591,1.16602,1.16591,1.16602,1.16603,1.16616,1.16603,1.16615,78
2026-01-08 14:53:00,1.16602,1.16608,1.16592,1.16595,1.16615,1.16622,1.16604,1.16608,190
2026-01-08 14:54:00,1.16595,1.1660100000000002,1.16588,1.166,1.16608,1.16614,1.16601,1.16613,133
2026-01-08 14:55:00,1.166,1.16613,1.16599,1.1661,1.16613,1.16626,1.16612,1.16623,141
2026-01-08 14:56:00,1.1661,1.16623,1.1660700000000002,1.16622,1.16623,1.16637,1.16619,1.16634,205
2026-01-08 14:57:00,1.16622,1.16629,1.1662100000000002,1.16627,1.16634,1.16641,1.16634,1.1664,162
2026-01-08 14:58:00,1.16627,1.16642,1.16627,1.16637,1.1664,1.16656,1.1664,1.1665,203
2026-01-08 14:59:00,1.16637,1.1664100000000002,1.16629,1.1664100000000002,1.1665,1.16654,1.16642,1.16654,145
2026-01-08 15:00:00,1.1664100000000002,1.1664100000000002,1.1661800000000002,1.1663100000000002,1.16654,1.16654,1.16631,1.16644,202
2026-01-08 15:01:00,1.1663100000000002,1.1663100000000002,1.16608,1.16608,1.16644,1.16644,1.16622,1.16622,137
2026-01-08 15:02:00,1.16608,1.16615,1.1660100000000002,1.16615,1.16622,1.16629,1.16614,1.16628,108
2026-01-08 15:03:00,1.16615,1.16626,1.1661400000000002,1.1662400000000002,1.16628,1.16639,1.16627,1.16637,77
2026-01-08 15:04:00,1.1662400000000002,1.1665100000000002,1.1662400000000002,1.16649,1.16637,1.16664,1.16637,1.16664,168
2026-01-08 15:05:00,1.16649,1.16653,1.1664100000000002,1.16646,1.16664,1.16667,1.16654,1.16659,178
2026-01-08 15:06:00,1.16646,1.1665100000000002,1.16632,1.1663400000000002,1.16659,1.16664,1.16644,1.16647,130
2026-01-08 15:07:00,1.1663400000000002,1.16636,1.16629,1.16635,1.16647,1.1665,1.16642,1.16648,102
2026-01-08 15:08:00,1.16635,1.1663800000000002,1.1662800000000002,1.16635,1.16648,1.16651,1.16641,1.16648,112
2026-01-08 15:09:00,1.16635,1.16642,1.16633,1.16636,1.16648,1.16655,1.16646,1.16649,139
2026-01-08 15:10:00,1.16636,1.16652,1.16635,1.1665,1.16649,1.16664,1.16648,1.16662,99
2026-01-08 15:11:00,1.1665,1.16664,1.1664500000000002,1.16664,1.16662,1.16677,1.16658,1.16676,149
2026-01-08 15:12:00,1.16664,1.16676,1.1665800000000002,1.16671,1.16676,1.16689,1.1667,1.16683,212
2026-01-08 15:13:00,1.16671,1.16671,1.16664,1.16664,1.16683,1.16683,1.16676,1.16676,82
2026-01-08 15:14:00,1.16664,1.16664,1.16644,1.1665500000000002,1.16676,1.16676,1.16657,1.16668,153
2026-01-08 15:15:00,1.1665500000000002,1.1668,1.1665,1.1667900000000002,1.16668,1.16693,1.16662,1.16692,195
2026-01-08 15:16:00,1.1667900000000002,1.16693,1.16677,1.16691,1.16692,1.16705,1.1669,1.16704,144
2026-01-08 15:17:00,1.16691,1.1669200000000002,1.1668200000000002,1.1669,1.16704,1.16705,1.16694,1.16702,165
2026-01-08 15:18:00,1.1669,1.1670200000000002,1.1668900000000002,1.167,1.16702,1.16716,1.16702,1.16713,233
2026-01-08 15:19:00,1.167,1.16704,1.1669500000000002,1.167,1.16713,1.16717,1.16709,1.16713,135
2026-01-08 15:20:00,1.167,1.16721,1.16696,1.1671900000000002,1.16713,1.16733,1.16708,1.16731,179
2026-01-08 15:21:00,1.1671900000000002,1.16725,1.16703,1.16704,1.16731,1.16738,1.16716,1.16717,197
2026-01-08 15:22:00,1.16704,1.1670600000000002,1.1669500000000002,1.16698,1.16717,1.16718,1.16708,1.16712,104
2026-01-08 15:23:00,1.16698,1.1670200000000002,1.1668900000000002,1.1670200000000002,1.16712,1.16715,1.16702,1.16715,121
2026-01-08 15:24:00,1.1670200000000002,1.16708,1.167,1.16701,1.16715,1.16722,1.16712,1.16713,82
2026-01-08 15:25:00,1.16701,1.1672,1.1669900000000002,1.1671600000000002,1.16713,1.16733,1.16712,1.16729,206
2026-01-08 15:26:00,1.1671600000000002,1.16722,1.16711,1.16714,1.16729,1.16734,1.16724,1.16727,212
2026-01-08 15:27:00,1.16714,1.16718,1.16705,1.16718,1.16727,1.16731,1.16718,1.16731,135
2026-01-08 15:28:00,1.16718,1.16732,1.16715,1.1671600000000002,1.16731,1.16745,1.16728,1.16729,257
2026-01-08 15:29:00,1.1671600000000002,1.1671600000000002,1.16696,1.16697,1.16729,1.16729,1.1671,1.1671,238
2026-01-08 15:30:00,1.16697,1.16697,1.16671,1.1667200000000002,1.1671,1.1671,1.16685,1.16685,214
2026-01-08 15:31:00,1.1667200000000002,1.16687,1.1666200000000002,1.16683,1.16685,1.16699,1.16675,1.16695,197
2026-01-08 15:32:00,1.16683,1.1669500000000002,1.1668200000000002,1.1668500000000002,1.16695,1.16708,1.16695,1.16697,138
2026-01-08 15:33:00,1.1668500000000002,1.1669500000000002,1.16683,1.16687,1.16697,1.16707,1.16695,1.167,171
2026-01-08 15:34:00,1.16687,1.167,1.16687,1.16698,1.167,1.16712,1.167,1.16711,81
2026-01-08 15:35:00,1.16698,1.1669900000000002,1.1669,1.16693,1.16711,1.16711,1.16703,1.16707,145
2026-01-08 15:36:00,1.16693,1.16701,1.1669200000000002,1.16701,1.16707,1.16713,1.16705,1.16713,95
2026-01-08 15:37:00,1.16701,1.16704,1.16691,1.16701,1.16713,1.16717,1.16704,1.16714,146
2026-01-08 15:38:00,1.16701,1.16713,1.16701,1.16708,1.16714,1.16727,1.16714,1.16722,184
2026-01-08 15:39:00,1.16708,1.1671200000000002,1.16697,1.1669900000000002,1.16722,1.16725,1.1671,1.16712,222
2026-01-08 15:40:00,1.1669900000000002,1.16701,1.16686,1.1668900000000002,1.16712,1.16714,1.16699,1.16701,186
2026-01-08 15:41:00,1.1668900000000002,1.16698,1.16674,1.16674,1.16701,1.16711,1.16686,1.16687,141
2026-01-08 15:42:00,1.16674,1.16677,1.1666200000000002,1.1666200000000002,1.16687,1.1669,1.16675,1.16675,163
2026-01-08 15:43:00,1.1666200000000002,1.16663,1.16629,1.16633,1.16675,1.16677,1.16643,1.16646,286
2026-01-08 15:44:00,1.16633,1.1667200000000002,1.16633,1.1667200000000002,1.16646,1.16686,1.16646,1.16686,306
2026-01-08 15:45:00,1.1667200000000002,1.16676,1.16647,1.16652,1.16686,1.16689,1.16661,1.16666,230
2026-01-08 15:46:00,1.16652,1.16659,1.1664,1.1665500000000002,1.16666,1.16672,1.16652,1.16668,184
2026-01-08 15:47:00,1.1665500000000002,1.16666,1.16643,1.16643,1.16668,1.16679,1.16655,1.16657,180
2026-01-08 15:48:00,1.16643,1.1665,1.1664,1.1664800000000002,1.16657,1.16662,1.16653,1.16661,199
2026-01-08 15:49:00,1.1664800000000002,1.16666,1.1664800000000002,1.16656,1.16661,1.16679,1.16661,1.16669,186
2026-01-08 15:50:00,1.16656,1.16664,1.1664500000000002,1.16664,1.16669,1.16676,1.16658,1.16676,179
2026-01-08 15:51:00,1.16664,1.1666500000000002,1.16637,1.1664100000000002,1.16676,1.16678,1.16651,1.16654,236
2026-01-08 15:52:00,1.1664100000000002,1.16661,1.1664100000000002,1.16657,1.16654,1.16674,1.16654,1.1667,219
2026-01-08 15:53:00,1.16657,1.1669,1.1665100000000002,1.1668900000000002,1.1667,1.16704,1.16664,1.16703,307
2026-01-08 15:54:00,1.1668900000000002,1.16696,1.1667500000000002,1.1668,1.16703,1.16709,1.16689,1.16693,220
2026-01-08 15:55:00,1.1668,1.16683,1.1664800000000002,1.16649,1.16693,1.16696,1.16662,1.16662,377
2026-01-08 15:56:00,1.16649,1.1665800000000002,1.16642,1.1664800000000002,1.16662,1.16672,1.16656,1.16662,253
2026-01-08 15:57:00,1.1664800000000002,1.1667200000000002,1.16633,1.1666200000000002,1.16662,1.16685,1.16647,1.16675,500
2026-01-08 15:58:00,1.1666200000000002,1.16666,1.1664800000000002,1.1666200000000002,1.16675,1.16679,1.16661,1.16675,319
2026-01-08 15:59:00,1.1666200000000002,1.16664,1.16656,1.16659,1.16675,1.16676,1.1667,1.16671,219
2026-01-08 16:00:00,1.16659,1.1666,1.16649,1.1665,1.16671,1.16672,1.16661,1.16663,295
2026-01-08 16:01:00,1.1665,1.16659,1.16647,1.1665100000000002,1.16663,1.16672,1.1666,1.16664,256
2026-01-08 16:02:00,1.1665100000000002,1.1667,1.16649,1.16663,1.16664,1.16683,1.16662,1.16676,182
2026-01-08 16:03:00,1.16663,1.16666,1.1663800000000002,1.16639,1.16676,1.16679,1.16651,1.16652,231
2026-01-08 16:04:00,1.16639,1.16653,1.16632,1.16647,1.16652,1.16666,1.16646,1.16661,196
2026-01-08 16:05:00,1.16647,1.1665,1.16639,1.16642,1.16661,1.16663,1.16652,1.16655,100
2026-01-08 16:06:00,1.16642,1.16642,1.1663100000000002,1.1663100000000002,1.16655,1.16655,1.16644,1.16644,104
2026-01-08 16:07:00,1.1663100000000002,1.1663100000000002,1.1662,1.1662100000000002,1.16644,1.16644,1.16633,1.16633,127
2026-01-08 16:08:00,1.1662100000000002,1.16622,1.166,1.1660100000000002,1.16633,1.16634,1.16613,1.16615,155
2026-01-08 16:09:00,1.1660100000000002,1.16605,1.16596,1.16598,1.16615,1.16618,1.16608,1.16612,120
2026-01-08 16:10:00,1.16598,1.1660400000000002,1.16583,1.1658400000000002,1.16612,1.16617,1.16597,1.16597,157
2026-01-08 16:11:00,1.1658400000000002,1.16595,1.16581,1.1659000000000002,1.16597,1.16608,1.16594,1.16603,201
2026-01-08 16:12:00,1.1659000000000002,1.16598,1.1659000000000002,1.16596,1.16603,1.1661,1.16603,1.16609,61
2026-01-08 16:13:00,1.16596,1.1659700000000002,1.1657300000000002,1.1657700000000002,1.16609,1.1661,1.16585,1.16589,132
2026-01-08 16:14:00,1.1657700000000002,1.16582,1.16572,1.16574,1.16589,1.16595,1.16585,1.16587,132
2026-01-08 16:15:00,1.16574,1.16583,1.16574,1.16575,1.16587,1.16595,1.16586,1.16588,150
2026-01-08 16:16:00,1.16575,1.16578,1.16566,1.1657300000000002,1.16588,1.16591,1.16579,1.16585,107
2026-01-08 16:17:00,1.1657300000000002,1.1657700000000002,1.16568,1.16568,1.16585,1.1659,1.1658,1.1658,78
2026-01-08 16:18:00,1.16568,1.16588,1.16568,1.16578,1.1658,1.16601,1.1658,1.16591,209
2026-01-08 16:19:00,1.16578,1.16579,1.16558,1.16564,1.16591,1.16591,1.1657,1.16577,234
2026-01-08 16:20:00,1.16564,1.1658400000000002,1.16564,1.16569,1.16577,1.16596,1.16577,1.16581,141
2026-01-08 16:21:00,1.16569,1.16569,1.16549,1.16554,1.16581,1.16581,1.16562,1.16567,131
2026-01-08 16:22:00,1.16554,1.1656300000000002,1.16548,1.16549,1.16567,1.16576,1.16561,1.16562,180
2026-01-08 16:23:00,1.16549,1.16558,1.1653600000000002,1.1653600000000002,1.16562,1.1657,1.1654799999999998,1.1654799999999998,131
2026-01-08 16:24:00,1.1653600000000002,1.1653600000000002,1.1652600000000002,1.1652600000000002,1.1654799999999998,1.16549,1.16538,1.16539,188
2026-01-08 16:25:00,1.1652600000000002,1.16528,1.1651900000000002,1.16522,1.16539,1.16541,1.16531,1.16535,155
2026-01-08 16:26:00,1.16522,1.16551,1.16522,1.16541,1.16535,1.16564,1.16534,1.16553,261
2026-01-08 16:27:00,1.16541,1.1656000000000002,1.16539,1.16547,1.16553,1.16572,1.16552,1.1656,220
2026-01-08 16:28:00,1.16547,1.16569,1.16547,1.16565,1.1656,1.16582,1.1656,1.16578,176
2026-01-08 16:29:00,1.16565,1.16572,1.16562,1.1656700000000002,1.16578,1.16584,1.16575,1.1658,163
2026-01-08 16:30:00,1.1656700000000002,1.1656700000000002,1.1655000000000002,1.1655300000000002,1.1658,1.1658,1.16563,1.16566,167
2026-01-08 16:31:00,1.1655300000000002,1.1655300000000002,1.1653300000000002,1.16534,1.16566,1.16566,1.16545,1.16547,151
2026-01-08 16:32:00,1.16534,1.16542,1.16527,1.1652900000000002,1.16547,1.16555,1.16541,1.16543,163
2026-01-08 16:33:00,1.1652900000000002,1.16537,1.1652600000000002,1.1652900000000002,1.16543,1.16549,1.16539,1.16542,142
2026-01-08 16:34:00,1.1652900000000002,1.1653,1.1652,1.16522,1.16542,1.16543,1.16533,1.16535,101
2026-01-08 16:35:00,1.16522,1.16528,1.1652,1.16524,1.16535,1.1654,1.16532,1.16537,96
2026-01-08 16:36:00,1.16524,1.16528,1.1652,1.16525,1.16537,1.16541,1.16533,1.16537,104
2026-01-08 16:37:00,1.16525,1.16542,1.1652300000000002,1.16541,1.16537,1.16555,1.16535,1.16553,185
2026-01-08 16:38:00,1.16541,1.16542,1.16531,1.16541,1.16553,1.16554,1.16544,1.16553,137
2026-01-08 16:39:00,1.16541,1.16551,1.16541,1.16548,1.16553,1.16564,1.16553,1.16561,150
2026-01-08 16:40:00,1.16548,1.1655600000000002,1.16547,1.1655000000000002,1.16561,1.1657,1.16559,1.16563,104
2026-01-08 16:41:00,1.1655000000000002,1.16561,1.1654600000000002,1.16561,1.16563,1.16575,1.16559,1.16573,172
2026-01-08 16:42:00,1.16561,1.16562,1.16549,1.16552,1.16573,1.16575,1.16561,1.16565,153
2026-01-08 16:43:00,1.16552,1.16562,1.16552,1.1655600000000002,1.16565,1.16575,1.16564,1.16568,102
2026-01-08 16:44:00,1.1655600000000002,1.16562,1.16555,1.16562,1.16568,1.16575,1.16568,1.16575,91
2026-01-08 16:45:00,1.16562,1.16562,1.16539,1.16539,1.16575,1.16575,1.16552,1.16552,88
2026-01-08 16:46:00,1.16539,1.1655000000000002,1.16537,1.1654600000000002,1.16552,1.16563,1.1655,1.16559,99
2026-01-08 16:47:00,1.1654600000000002,1.16551,1.16541,1.16545,1.16559,1.16564,1.16554,1.16558,97
2026-01-08 16:48:00,1.16545,1.1656300000000002,1.1654300000000002,1.16559,1.16558,1.16576,1.16556,1.16572,151
2026-01-08 16:49:00,1.16559,1.16561,1.1655300000000002,1.16555,1.16572,1.16574,1.16565,1.16568,103
2026-01-08 16:50:00,1.16555,1.16572,1.16555,1.16566,1.16568,1.16585,1.16568,1.16579,109
2026-01-08 16:51:00,1.16566,1.16571,1.16564,1.16571,1.16579,1.16584,1.16576,1.16583,129
2026-01-08 16:52:00,1.16571,1.16571,1.16554,1.1656000000000002,1.16583,1.16584,1.16566,1.16573,124
2026-01-08 16:53:00,1.1656000000000002,1.1656000000000002,1.16535,1.1654000000000002,1.16573,1.16573,1.16549,1.16553,163
2026-01-08 16:54:00,1.1654000000000002,1.16549,1.16538,1.16542,1.16553,1.16563,1.1655,1.16555,189
2026-01-08 16:55:00,1.16542,1.1656000000000002,1.16542,1.1656000000000002,1.16555,1.16573,1.16555,1.16573,127
2026-01-08 16:56:00,1.1656000000000002,1.16568,1.16551,1.1656300000000002,1.16573,1.16581,1.16564,1.16576,142
2026-01-08 16:57:00,1.1656300000000002,1.16576,1.16558,1.16575,1.16576,1.16589,1.1657,1.16588,262
2026-01-08 16:58:00,1.16575,1.1657700000000002,1.16561,1.1656700000000002,1.16588,1.1659,1.16574,1.1658,191
2026-01-08 16:59:00,1.1656700000000002,1.16568,1.16538,1.16539,1.1658,1.16581,1.16552,1.16552,167
2026-01-08 17:00:00,1.16539,1.16544,1.1652,1.16522,1.16552,1.16556,1.16533,1.16535,231
2026-01-08 17:01:00,1.16522,1.16531,1.16514,1.1652900000000002,1.16535,1.16544,1.16529,1.16542,198
2026-01-08 17:02:00,1.1652900000000002,1.1654000000000002,1.1652600000000002,1.1653300000000002,1.16542,1.16552,1.16538,1.16547,164
2026-01-08 17:03:00,1.1653300000000002,1.16551,1.16532,1.1654600000000002,1.16547,1.16564,1.16545,1.16558,180
2026-01-08 17:04:00,1.1654600000000002,1.16547,1.16541,1.16542,1.16558,1.1656,1.16554,1.16556,115
2026-01-08 17:05:00,1.16542,1.16547,1.16537,1.16539,1.16556,1.1656,1.1655,1.16551,126
2026-01-08 17:06:00,1.16539,1.16544,1.1653300000000002,1.1654000000000002,1.16551,1.16556,1.16546,1.16552,112
2026-01-08 17:07:00,1.1654000000000002,1.16541,1.1652600000000002,1.1653,1.16552,1.16553,1.16539,1.16543,178
2026-01-08 17:08:00,1.1653,1.16538,1.1652900000000002,1.16538,1.16543,1.16551,1.16541,1.1655,100
2026-01-08 17:09:00,1.16538,1.16538,1.16515,1.16517,1.1655,1.16551,1.16528,1.16529,166
2026-01-08 17:10:00,1.16517,1.16517,1.16494,1.16513,1.16529,1.16529,1.16507,1.16525,266
2026-01-08 17:11:00,1.16513,1.16515,1.1649900000000002,1.16504,1.16525,1.16527,1.16511,1.16518,141
2026-01-08 17:12:00,1.16504,1.16515,1.16504,1.16514,1.16518,1.16527,1.16517,1.16526,139
2026-01-08 17:13:00,1.16514,1.16515,1.1649900000000002,1.1649900000000002,1.16526,1.16529,1.16512,1.16512,159
2026-01-08 17:14:00,1.1649900000000002,1.1651900000000002,1.1649900000000002,1.16513,1.16512,1.16532,1.16512,1.16525,202
2026-01-08 17:15:00,1.16513,1.16518,1.16511,1.1651200000000002,1.16525,1.1653,1.16523,1.16524,67
2026-01-08 17:16:00,1.1651200000000002,1.16513,1.1650600000000002,1.1650600000000002,1.16524,1.16526,1.16519,1.1652,77
2026-01-08 17:17:00,1.1650600000000002,1.16511,1.1649900000000002,1.165,1.1652,1.16524,1.16512,1.16513,80
2026-01-08 17:18:00,1.165,1.16503,1.16496,1.16501,1.16513,1.16515,1.16509,1.16514,82
2026-01-08 17:19:00,1.16501,1.1652,1.16488,1.1651900000000002,1.16514,1.16533,1.165,1.16533,227
2026-01-08 17:20:00,1.1651900000000002,1.16522,1.1651200000000002,1.16522,1.16533,1.16535,1.16526,1.16535,125
2026-01-08 17:21:00,1.16522,1.1652300000000002,1.1651200000000002,1.1651200000000002,1.16535,1.16536,1.16526,1.16526,101
2026-01-08 17:22:00,1.1651200000000002,1.16515,1.1649200000000002,1.1650600000000002,1.16526,1.16529,1.16507,1.16519,185
2026-01-08 17:23:00,1.1650600000000002,1.16507,1.16493,1.16501,1.16519,1.1652,1.16506,1.16514,111
2026-01-08 17:24:00,1.16501,1.1650200000000002,1.16491,1.16497,1.16514,1.16515,1.16504,1.16509,130
2026-01-08 17:25:00,1.16497,1.16497,1.16487,1.16488,1.16509,1.16509,1.16499,1.16501,99
2026-01-08 17:26:00,1.16488,1.16494,1.16486,1.16488,1.16501,1.16506,1.16499,1.165,50
2026-01-08 17:27:00,1.16488,1.1649200000000002,1.1648500000000002,1.16491,1.165,1.16504,1.16498,1.16503,77
2026-01-08 17:28:00,1.16491,1.16491,1.16477,1.16481,1.16503,1.16503,1.16491,1.16494,139
2026-01-08 17:29:00,1.16481,1.16481,1.16467,1.16467,1.16494,1.16494,1.1648,1.1648,110
2026-01-08 17:30:00,1.16467,1.16474,1.1646500000000002,1.1647,1.1648,1.16487,1.16479,1.16483,124
2026-01-08 17:31:00,1.1647,1.16474,1.16453,1.16461,1.16483,1.16487,1.16466,1.16474,191
2026-01-08 17:32:00,1.16461,1.16467,1.1646,1.1646500000000002,1.16474,1.1648,1.16474,1.16478,167
2026-01-08 17:33:00,1.1646500000000002,1.16467,1.16457,1.16467,1.16478,1.1648,1.16469,1.16479,69
2026-01-08 17:34:00,1.16467,1.16469,1.1646200000000002,1.1646200000000002,1.16479,1.16482,1.16475,1.16475,165
2026-01-08 17:35:00,1.1646200000000002,1.16466,1.16457,1.16457,1.16475,1.16478,1.1647,1.1647,131
2026-01-08 17:36:00,1.16457,1.16457,1.16439,1.1644,1.1647,1.1647,1.16451,1.16454,172
2026-01-08 17:37:00,1.1644,1.1644100000000002,1.16435,1.1643800000000002,1.16454,1.16455,1.16449,1.16452,110
2026-01-08 17:38:00,1.1643800000000002,1.16442,1.16432,1.16442,1.16452,1.16455,1.16445,1.16455,146
2026-01-08 17:39:00,1.16442,1.1645500000000002,1.16442,1.1645500000000002,1.16455,1.16468,1.16454,1.16468,135
2026-01-08 17:40:00,1.1645500000000002,1.16457,1.16452,1.16454,1.16468,1.1647,1.16465,1.16468,157
2026-01-08 17:41:00,1.16454,1.16459,1.1645,1.1645500000000002,1.16468,1.16473,1.16465,1.16468,73
2026-01-08 17:42:00,1.1645500000000002,1.16463,1.1645100000000002,1.16463,1.16468,1.16475,1.16465,1.16475,111
2026-01-08 17:43:00,1.16463,1.16464,1.1645800000000002,1.16461,1.16475,1.16477,1.1647,1.16473,152
2026-01-08 17:44:00,1.16461,1.16466,1.16456,1.16459,1.16473,1.1648,1.16469,1.16473,146
2026-01-08 17:45:00,1.16459,1.16466,1.16456,1.16457,1.16473,1.16478,1.1647,1.1647,113
2026-01-08 17:46:00,1.16457,1.16464,1.1645100000000002,1.16464,1.1647,1.16478,1.16465,1.16477,156
2026-01-08 17:47:00,1.16464,1.16469,1.16463,1.16467,1.16477,1.16482,1.16476,1.1648,176
2026-01-08 17:48:00,1.16467,1.1648200000000002,1.1646500000000002,1.16478,1.1648,1.16495,1.16479,1.16493,66
2026-01-08 17:49:00,1.16478,1.16484,1.16476,1.16477,1.16493,1.16497,1.1649,1.1649,31
2026-01-08 17:50:00,1.16477,1.16497,1.16476,1.16496,1.1649,1.16512,1.1649,1.1651,141
2026-01-08 17:51:00,1.16496,1.1649900000000002,1.16491,1.1649900000000002,1.1651,1.16514,1.16505,1.16513,163
2026-01-08 17:52:00,1.1649900000000002,1.1650200000000002,1.1649500000000002,1.16496,1.16513,1.16516,1.1651,1.16511,121
2026-01-08 17:53:00,1.16496,1.165,1.16491,1.16493,1.16511,1.16514,1.16505,1.16507,95
2026-01-08 17:54:00,1.16493,1.16494,1.1649,1.16491,1.16507,1.16508,1.16504,1.16504,90
2026-01-08 17:55:00,1.16491,1.16494,1.1649,1.16491,1.16504,1.16506,1.16504,1.16504,45
2026-01-08 17:56:00,1.16491,1.16491,1.16484,1.16486,1.16504,1.16505,1.16498,1.165,108
2026-01-08 17:57:00,1.16486,1.16491,1.16484,1.1649,1.165,1.16505,1.16498,1.16504,121
2026-01-08 17:58:00,1.1649,1.16494,1.1648200000000002,1.16493,1.16504,1.16509,1.16496,1.16507,124
2026-01-08 17:59:00,1.16493,1.16507,1.1649200000000002,1.16501,1.16507,1.16521,1.16507,1.16515,169
2026-01-08 18:00:00,1.16501,1.16527,1.16497,1.16525,1.16515,1.16541,1.16512,1.16539,231
2026-01-08 18:01:00,1.16525,1.16527,1.16515,1.1651600000000002,1.16539,1.1654,1.16529,1.16529,116
2026-01-08 18:02:00,1.1651600000000002,1.1651600000000002,1.1649,1.16491,1.16529,1.16529,1.16504,1.16504,149
2026-01-08 18:03:00,1.16491,1.1650200000000002,1.16488,1.1649900000000002,1.16504,1.16516,1.16502,1.16513,177
2026-01-08 18:04:00,1.1649900000000002,1.1650200000000002,1.16487,1.16488,1.16513,1.16515,1.16502,1.16502,157
2026-01-08 18:05:00,1.16488,1.1649,1.16478,1.1647900000000002,1.16502,1.16503,1.16491,1.16494,135
2026-01-08 18:06:00,1.1647900000000002,1.16483,1.16477,1.16477,1.16494,1.16497,1.16492,1.16492,41
2026-01-08 18:07:00,1.16477,1.1648200000000002,1.16473,1.16474,1.16492,1.16496,1.16488,1.16489,84
2026-01-08 18:08:00,1.16474,1.1647900000000002,1.16469,1.16471,1.16489,1.16493,1.16483,1.16485,135
2026-01-08 18:09:00,1.16471,1.16476,1.1647,1.16473,1.16485,1.16489,1.16484,1.16487,70
2026-01-08 18:10:00,1.16473,1.1648500000000002,1.16473,1.1648,1.16487,1.16499,1.16487,1.16495,96
2026-01-08 18:11:00,1.1648,1.1648500000000002,1.16473,1.16484,1.16495,1.16498,1.16488,1.16498,44
2026-01-08 18:12:00,1.16484,1.1648500000000002,1.1647500000000002,1.1648,1.16498,1.16498,1.1649,1.16494,56
2026-01-08 18:13:00,1.1648,1.16486,1.1647500000000002,1.1648500000000002,1.16494,1.16501,1.16489,1.16499,85
2026-01-08 18:14:00,1.1648500000000002,1.16493,1.1648,1.16491,1.16499,1.16506,1.16496,1.16506,73
2026-01-08 18:15:00,1.16491,1.16504,1.16491,1.16501,1.16506,1.16518,1.16505,1.16515,95
2026-01-08 18:16:00,1.16501,1.16504,1.16497,1.1649900000000002,1.16515,1.16517,1.16512,1.16513,67
2026-01-08 18:17:00,1.1649900000000002,1.16507,1.1649900000000002,1.165,1.16513,1.1652,1.16513,1.16514,106
2026-01-08 18:18:00,1.165,1.1650200000000002,1.1648500000000002,1.16488,1.16514,1.16516,1.165,1.16502,114
2026-01-08 18:19:00,1.16488,1.1649,1.16481,1.16487,1.16502,1.16505,1.16496,1.16502,163
2026-01-08 18:20:00,1.16487,1.1648900000000002,1.1648,1.1648,1.16502,1.16503,1.16495,1.16495,196
2026-01-08 18:21:00,1.1648,1.1648500000000002,1.1647200000000002,1.1648200000000002,1.16495,1.16501,1.16488,1.16497,176
2026-01-08 18:22:00,1.1648200000000002,1.16491,1.1648,1.1649,1.16497,1.16504,1.16494,1.16504,120
2026-01-08 18:23:00,1.1649,1.16496,1.1649,1.16491,1.16504,1.16511,1.16504,1.16505,73
2026-01-08 18:24:00,1.16491,1.1649500000000002,1.1648900000000002,1.1649200000000002,1.16505,1.16509,1.16503,1.16506,152
2026-01-08 18:25:00,1.1649200000000002,1.1649900000000002,1.1649200000000002,1.16494,1.16506,1.16513,1.16506,1.16507,72
2026-01-08 18:26:00,1.16494,1.16496,1.1648900000000002,1.16491,1.16507,1.1651,1.16504,1.16505,110
2026-01-08 18:27:00,1.16491,1.1649500000000002,1.16488,1.1648900000000002,1.16505,1.16509,1.16502,1.16502,43
2026-01-08 18:28:00,1.1648900000000002,1.16497,1.16488,1.16496,1.16502,1.16511,1.16502,1.16509,141
2026-01-08 18:29:00,1.16496,1.16496,1.16488,1.1649,1.16509,1.1651,1.16502,1.16504,72
2026-01-08 18:30:00,1.1649,1.1649500000000002,1.1648900000000002,1.1648900000000002,1.16504,1.16509,1.16503,1.16503,65
2026-01-08 18:31:00,1.1648900000000002,1.1649500000000002,1.16481,1.16484,1.16503,1.16509,1.16496,1.16498,100
2026-01-08 18:32:00,1.16484,1.1649,1.16483,1.1648500000000002,1.16498,1.16504,1.16497,1.16499,112
2026-01-08 18:33:00,1.1648500000000002,1.1650900000000002,1.16484,1.16508,1.16499,1.16522,1.16499,1.16521,95
2026-01-08 18:34:00,1.16508,1.16514,1.16505,1.16513,1.16521,1.16527,1.16519,1.16527,70
2026-01-08 18:35:00,1.16513,1.16513,1.16507,1.16508,1.16527,1.16527,1.16521,1.16521,75
2026-01-08 18:36:00,1.16508,1.1651,1.1650600000000002,1.16507,1.16521,1.16523,1.16519,1.16519,53
2026-01-08 18:37:00,1.16507,1.16507,1.1648900000000002,1.1648900000000002,1.16519,1.16519,1.16501,1.16504,184
2026-01-08 18:38:00,1.1648900000000002,1.16491,1.1648500000000002,1.1649,1.16504,1.16504,1.165,1.16503,142
2026-01-08 18:39:00,1.1649,1.16491,1.16484,1.1649,1.16503,1.16505,1.16498,1.16504,133
2026-01-08 18:40:00,1.1649,1.16491,1.1648500000000002,1.16486,1.16504,1.16505,1.16498,1.16499,37
2026-01-08 18:41:00,1.16486,1.16493,1.16476,1.1649,1.16499,1.16505,1.1649,1.16504,101
2026-01-08 18:42:00,1.1649,1.16498,1.16488,1.16498,1.16504,1.16513,1.16502,1.16511,92
2026-01-08 18:43:00,1.16498,1.16498,1.1649,1.16491,1.16511,1.16511,1.16503,1.16505,69
2026-01-08 18:44:00,1.16491,1.16497,1.16491,1.16497,1.16505,1.16511,1.16505,1.1651,104
2026-01-08 18:45:00,1.16497,1.16497,1.1649,1.1649200000000002,1.1651,1.16513,1.16504,1.16506,108
2026-01-08 18:46:00,1.1649200000000002,1.1649200000000002,1.1648500000000002,1.1648500000000002,1.16506,1.16506,1.16498,1.16499,105
2026-01-08 18:47:00,1.1648500000000002,1.1649200000000002,1.16484,1.16491,1.16499,1.16505,1.16498,1.16504,57
2026-01-08 18:48:00,1.16491,1.16497,1.16491,1.1649500000000002,1.16504,1.16511,1.16504,1.16509,71
2026-01-08 18:49:00,1.1649500000000002,1.1649500000000002,1.16486,1.16487,1.16509,1.16509,1.16499,1.165,56
2026-01-08 18:50:00,1.16487,1.1649,1.16487,1.16487,1.165,1.16504,1.165,1.16501,61
2026-01-08 18:51:00,1.16487,1.16487,1.1647500000000002,1.16476,1.16501,1.16501,1.16489,1.16489,49
2026-01-08 18:52:00,1.16476,1.16477,1.1646500000000002,1.1647,1.16489,1.1649,1.16478,1.16484,53
2026-01-08 18:53:00,1.1647,1.16471,1.1646500000000002,1.16466,1.16484,1.16484,1.16479,1.1648,131
2026-01-08 18:54:00,1.16466,1.16466,1.1646,1.16461,1.1648,1.1648,1.16474,1.16475,74
2026-01-08 18:55:00,1.16461,1.1646200000000002,1.16454,1.1645500000000002,1.16475,1.16475,1.16469,1.16469,78
2026-01-08 18:56:00,1.1645500000000002,1.16457,1.16444,1.16444,1.16469,1.1647,1.1646,1.1646,194
2026-01-08 18:57:00,1.16444,1.1645100000000002,1.16444,1.16446,1.1646,1.16465,1.16459,1.16461,94
2026-01-08 18:58:00,1.16446,1.16449,1.16444,1.1644500000000002,1.16461,1.16462,1.16457,1.16459,68
2026-01-08 18:59:00,1.1644500000000002,1.1645,1.1644100000000002,1.16446,1.16459,1.16463,1.16456,1.1646,130
2026-01-08 19:00:00,1.16446,1.1644800000000002,1.1642400000000002,1.1642800000000002,1.1646,1.16462,1.16439,1.16441,281
2026-01-08 19:01:00,1.1642800000000002,1.1643400000000002,1.1642,1.16427,1.16441,1.16447,1.16434,1.16442,158
2026-01-08 19:02:00,1.16427,1.16432,1.1642100000000002,1.16429,1.16442,1.16446,1.16436,1.16444,154
2026-01-08 19:03:00,1.16429,1.16439,1.16425,1.16437,1.16444,1.16452,1.1644,1.16451,147
2026-01-08 19:04:00,1.16437,1.1643800000000002,1.1642800000000002,1.16432,1.16451,1.16451,1.16443,1.16447,138
2026-01-08 19:05:00,1.16432,1.16436,1.16426,1.16429,1.16447,1.1645,1.16442,1.16444,117
2026-01-08 19:06:00,1.16429,1.16433,1.1642800000000002,1.1643,1.16444,1.16446,1.16443,1.16443,53
2026-01-08 19:07:00,1.1643,1.16437,1.16429,1.16435,1.16443,1.16449,1.16443,1.16449,64
2026-01-08 19:08:00,1.16435,1.16442,1.16435,1.16439,1.16449,1.16454,1.16449,1.16453,72
2026-01-08 19:09:00,1.16439,1.16444,1.16439,1.1644,1.16453,1.16456,1.16453,1.16453,81
2026-01-08 19:10:00,1.1644,1.1645100000000002,1.16439,1.1645,1.16453,1.16464,1.16453,1.16464,73
2026-01-08 19:11:00,1.1645,1.16456,1.1644800000000002,1.1645500000000002,1.16464,1.1647,1.16462,1.16469,78
2026-01-08 19:12:00,1.1645500000000002,1.16461,1.1645100000000002,1.16459,1.16469,1.16475,1.16465,1.16472,85
2026-01-08 19:13:00,1.16459,1.16467,1.1645500000000002,1.1646500000000002,1.16472,1.1648,1.16469,1.16478,76
2026-01-08 19:14:00,1.1646500000000002,1.16466,1.16457,1.16459,1.16478,1.16481,1.16472,1.16472,123
2026-01-08 19:15:00,1.16459,1.1646,1.16454,1.1645800000000002,1.16472,1.16474,1.16468,1.16471,132
2026-01-08 19:16:00,1.1645800000000002,1.1646,1.16453,1.1646,1.16471,1.16474,1.16467,1.16473,112
2026-01-08 19:17:00,1.1646,1.16461,1.16453,1.1645500000000002,1.16473,1.16475,1.16467,1.16468,58
2026-01-08 19:18:00,1.1645500000000002,1.16461,1.1645500000000002,1.16459,1.16468,1.16473,1.16468,1.16471,80
2026-01-08 19:19:00,1.16459,1.1646200000000002,1.16456,1.1646200000000002,1.16471,1.16475,1.16469,1.16475,106
2026-01-08 19:20:00,1.1646200000000002,1.16467,1.16456,1.16456,1.16475,1.16479,1.16469,1.16469,127
2026-01-08 19:21:00,1.16456,1.1646200000000002,1.16456,1.16461,1.16469,1.16476,1.16469,1.16475,92
2026-01-08 19:22:00,1.16461,1.16463,1.1645500000000002,1.16461,1.16475,1.16476,1.1647,1.16475,112
2026-01-08 19:23:00,1.16461,1.16461,1.16452,1.16453,1.16475,1.16475,1.16465,1.16466,71
2026-01-08 19:24:00,1.16453,1.16456,1.1645100000000002,1.1645500000000002,1.16466,1.1647,1.16466,1.16469,84
2026-01-08 19:25:00,1.1645500000000002,1.16457,1.16446,1.16449,1.16469,1.16472,1.16461,1.16462,108
2026-01-08 19:26:00,1.16449,1.16454,1.16447,1.1644800000000002,1.16462,1.16468,1.16461,1.16462,131
2026-01-08 19:27:00,1.1644800000000002,1.16453,1.16447,1.16453,1.16462,1.16468,1.16461,1.16467,79
2026-01-08 19:28:00,1.16453,1.1646,1.16452,1.1645800000000002,1.16467,1.16474,1.16466,1.16472,130
2026-01-08 19:29:00,1.1645800000000002,1.1646,1.1644800000000002,1.16453,1.16472,1.16473,1.16462,1.16466,190
2026-01-08 19:30:00,1.16453,1.16453,1.1644800000000002,1.1645,1.16466,1.16466,1.16462,1.16463,146
2026-01-08 19:31:00,1.1645,1.16461,1.1645,1.1645800000000002,1.16463,1.16474,1.16463,1.16472,71
2026-01-08 19:32:00,1.1645800000000002,1.1646,1.1645100000000002,1.1646,1.16472,1.16474,1.16465,1.16473,63
2026-01-08 19:33:00,1.1646,1.16466,1.1646,1.16466,1.16473,1.1648,1.16472,1.16479,140
2026-01-08 19:34:00,1.16466,1.16474,1.1646500000000002,1.16474,1.16479,1.16488,1.16478,1.16488,57
2026-01-08 19:35:00,1.16474,1.1648200000000002,1.16474,1.16476,1.16488,1.16495,1.16488,1.16489,121
2026-01-08 19:36:00,1.16476,1.16481,1.16473,1.16473,1.16489,1.16494,1.16486,1.16487,85
2026-01-08 19:37:00,1.16473,1.1647900000000002,1.1647200000000002,1.16477,1.16487,1.16493,1.16486,1.1649,74
2026-01-08 19:38:00,1.16477,1.16483,1.1647500000000002,1.16481,1.1649,1.16496,1.16488,1.16494,107
2026-01-08 19:39:00,1.16481,1.16481,1.16466,1.16467,1.16494,1.16494,1.16479,1.1648,100
2026-01-08 19:40:00,1.16467,1.16469,1.16461,1.16464,1.1648,1.16482,1.16474,1.16478,127
2026-01-08 19:41:00,1.16464,1.1646800000000002,1.16464,1.1646500000000002,1.16478,1.16482,1.16478,1.16478,65
2026-01-08 19:42:00,1.1646500000000002,1.1646500000000002,1.1646,1.1646,1.16478,1.16479,1.16473,1.16473,57
2026-01-08 19:43:00,1.1646,1.16463,1.16459,1.16463,1.16473,1.16476,1.16473,1.16476,50
2026-01-08 19:44:00,1.16463,1.16464,1.16453,1.16461,1.16476,1.16476,1.16466,1.16474,78
2026-01-08 19:45:00,1.16461,1.16466,1.16459,1.1646500000000002,1.16474,1.16478,1.16472,1.16478,24
2026-01-08 19:46:00,1.1646500000000002,1.1646800000000002,1.16464,1.16464,1.16478,1.16483,1.16478,1.16478,51
2026-01-08 19:47:00,1.16464,1.16466,1.1646,1.1646200000000002,1.16478,1.16479,1.16474,1.16476,83
2026-01-08 19:48:00,1.1646200000000002,1.16471,1.1646200000000002,1.16469,1.16476,1.16484,1.16475,1.16483,93
2026-01-08 19:49:00,1.16469,1.1648,1.16469,1.1648,1.16483,1.16494,1.16483,1.16493,40
2026-01-08 19:50:00,1.1648,1.16481,1.16474,1.1648,1.16493,1.16495,1.16488,1.16493,94
2026-01-08 19:51:00,1.1648,1.16486,1.1647500000000002,1.1648500000000002,1.16493,1.165,1.16488,1.16498,92
2026-01-08 19:52:00,1.1648500000000002,1.16497,1.1648500000000002,1.16491,1.16498,1.1651,1.16498,1.16503,94
2026-01-08 19:53:00,1.16491,1.16497,1.16491,1.1649500000000002,1.16503,1.1651,1.16503,1.16507,102
2026-01-08 19:54:00,1.1649500000000002,1.1650200000000002,1.16494,1.16501,1.16507,1.16515,1.16507,1.16514,94
2026-01-08 19:55:00,1.16501,1.16501,1.1649,1.16494,1.16514,1.16514,1.16504,1.16507,130
2026-01-08 19:56:00,1.16494,1.16496,1.1648900000000002,1.16491,1.16507,1.16509,1.16503,1.16504,133
2026-01-08 19:57:00,1.16491,1.16491,1.16484,1.1648500000000002,1.16504,1.16504,1.16497,1.16498,76
2026-01-08 19:58:00,1.1648500000000002,1.1648900000000002,1.1648200000000002,1.16488,1.16498,1.16502,1.16496,1.16501,82
2026-01-08 19:59:00,1.16488,1.1649500000000002,1.16488,1.1649500000000002,1.16501,1.16509,1.16501,1.16508,50
2026-01-08 20:00:00,1.1649500000000002,1.16501,1.16491,1.16501,1.16508,1.16514,1.16505,1.16514,71
2026-01-08 20:01:00,1.16501,1.1651,1.16501,1.16507,1.16514,1.16524,1.16514,1.1652,98
2026-01-08 20:02:00,1.16507,1.16517,1.1650200000000002,1.1651600000000002,1.1652,1.1653,1.16516,1.1653,116
2026-01-08 20:03:00,1.1651600000000002,1.16524,1.1651200000000002,1.1651600000000002,1.1653,1.16537,1.16526,1.16529,115
2026-01-08 20:04:00,1.1651600000000002,1.1651900000000002,1.16511,1.16513,1.16529,1.16533,1.16523,1.16526,89
2026-01-08 20:05:00,1.16513,1.16513,1.1650600000000002,1.1651200000000002,1.16526,1.16526,1.16519,1.16526,78
2026-01-08 20:06:00,1.1651200000000002,1.16513,1.16505,1.16508,1.16526,1.16527,1.16519,1.16521,74
2026-01-08 20:07:00,1.16508,1.16508,1.16504,1.16505,1.16521,1.16521,1.16518,1.16519,53
2026-01-08 20:08:00,1.16505,1.16513,1.16505,1.1651,1.16519,1.16527,1.16519,1.16524,90
2026-01-08 20:09:00,1.1651,1.1651200000000002,1.1651,1.16511,1.16524,1.16526,1.16523,1.16525,46
2026-01-08 20:10:00,1.16511,1.16515,1.16511,1.1651200000000002,1.16525,1.16529,1.16524,1.16526,59
2026-01-08 20:11:00,1.1651200000000002,1.16514,1.16508,1.1650900000000002,1.16526,1.16527,1.16522,1.16523,61
2026-01-08 20:12:00,1.1650900000000002,1.16517,1.16508,1.1651600000000002,1.16523,1.16529,1.16522,1.16529,135
2026-01-08 20:13:00,1.1651600000000002,1.1651900000000002,1.16515,1.16517,1.16529,1.16531,1.16529,1.16531,73
2026-01-08 20:14:00,1.16517,1.16517,1.16501,1.1650200000000002,1.16531,1.16531,1.16515,1.16515,91
2026-01-08 20:15:00,1.1650200000000002,1.16503,1.1649900000000002,1.1650200000000002,1.16515,1.16515,1.16512,1.16514,83
2026-01-08 20:16:00,1.1650200000000002,1.16504,1.16496,1.16498,1.16514,1.16517,1.16509,1.16511,61
2026-01-08 20:17:00,1.16498,1.16503,1.16497,1.165,1.16511,1.16516,1.16511,1.16512,84
2026-01-08 20:18:00,1.165,1.16505,1.165,1.16504,1.16512,1.16517,1.16512,1.16517,66
2026-01-08 20:19:00,1.16504,1.16508,1.1650200000000002,1.16505,1.16517,1.1652,1.16515,1.16518,77
2026-01-08 20:20:00,1.16505,1.1650600000000002,1.1649900000000002,1.165,1.16518,1.16518,1.16512,1.16514,40
2026-01-08 20:21:00,1.165,1.16507,1.16498,1.1650600000000002,1.16514,1.16521,1.16511,1.16519,46
2026-01-08 20:22:00,1.1650600000000002,1.1650600000000002,1.1649900000000002,1.16504,1.16519,1.16519,1.16512,1.16518,91
2026-01-08 20:23:00,1.16504,1.16508,1.16503,1.1650600000000002,1.16518,1.16521,1.16516,1.16519,63
2026-01-08 20:24:00,1.1650600000000002,1.16514,1.16505,1.1651200000000002,1.16519,1.16527,1.16518,1.16526,110
2026-01-08 20:25:00,1.1651200000000002,1.1652300000000002,1.1651200000000002,1.16518,1.16526,1.16536,1.16526,1.16533,151
2026-01-08 20:26:00,1.16518,1.1652,1.1651600000000002,1.1652,1.16533,1.16535,1.16529,1.16534,102
2026-01-08 20:27:00,1.1652,1.1652600000000002,1.1652,1.16524,1.16534,1.1654,1.16534,1.16538,119
2026-01-08 20:28:00,1.16524,1.16528,1.16524,1.1652600000000002,1.16538,1.16543,1.16538,1.1654,109
2026-01-08 20:29:00,1.1652600000000002,1.16527,1.16522,1.16525,1.1654,1.16541,1.16537,1.16539,121
2026-01-08 20:30:00,1.16525,1.16538,1.16525,1.16535,1.16539,1.16552,1.16539,1.16549,154
2026-01-08 20:31:00,1.16535,1.16539,1.16535,1.1653600000000002,1.16549,1.16554,1.16549,1.1655,126
2026-01-08 20:32:00,1.1653600000000002,1.1654000000000002,1.1653,1.16531,1.1655,1.16553,1.16543,1.16544,112
2026-01-08 20:33:00,1.16531,1.16537,1.1653,1.16535,1.16544,1.16551,1.16543,1.1654799999999998,70
2026-01-08 20:34:00,1.16535,1.16535,1.1653,1.16535,1.1654799999999998,1.16549,1.16544,1.16549,85
2026-01-08 20:35:00,1.16535,1.16535,1.1652300000000002,1.1652600000000002,1.16549,1.16549,1.16536,1.16538,160
2026-01-08 20:36:00,1.1652600000000002,1.1652600000000002,1.16515,1.1652,1.16538,1.16539,1.16529,1.16534,190
2026-01-08 20:37:00,1.1652,1.16525,1.1652,1.16521,1.16534,1.16539,1.16533,1.16534,49
2026-01-08 20:38:00,1.16521,1.16522,1.16517,1.1651900000000002,1.16534,1.16534,1.16531,1.16532,120
2026-01-08 20:39:00,1.1651900000000002,1.16522,1.16517,1.1652,1.16532,1.16534,1.16529,1.16533,83
2026-01-08 20:40:00,1.1652,1.16524,1.1651900000000002,1.16521,1.16533,1.16536,1.16533,1.16535,95
2026-01-08 20:41:00,1.16521,1.16522,1.16515,1.16515,1.16535,1.16535,1.16529,1.1653,117
2026-01-08 20:42:00,1.16515,1.1652,1.16513,1.1652,1.1653,1.16533,1.16527,1.16533,106
2026-01-08 20:43:00,1.1652,1.16521,1.16518,1.16521,1.16533,1.16534,1.16532,1.16534,29
2026-01-08 20:44:00,1.16521,1.16521,1.16517,1.16518,1.16534,1.16534,1.16531,1.16532,81
2026-01-08 20:45:00,1.16518,1.1652,1.16513,1.1651600000000002,1.16532,1.16533,1.16527,1.1653,58
2026-01-08 20:46:00,1.1651600000000002,1.16517,1.16511,1.16515,1.1653,1.1653,1.16524,1.16528,45
2026-01-08 20:47:00,1.16515,1.16515,1.1651200000000002,1.16515,1.16528,1.16529,1.16525,1.16527,33
2026-01-08 20:48:00,1.16515,1.1652600000000002,1.16515,1.16524,1.16527,1.16539,1.16527,1.16539,90
2026-01-08 20:49:00,1.16524,1.1652600000000002,1.1652300000000002,1.16525,1.16539,1.1654,1.16537,1.16537,70
2026-01-08 20:50:00,1.16525,1.16525,1.1652300000000002,1.16525,1.16537,1.16538,1.16535,1.16537,45
2026-01-08 20:51:00,1.16525,1.16527,1.16525,1.16525,1.16537,1.1654,1.16537,1.16538,56
2026-01-08 20:52:00,1.16525,1.16532,1.16525,1.1653,1.16538,1.16544,1.16538,1.16542,98
2026-01-08 20:53:00,1.1653,1.16538,1.16525,1.1653600000000002,1.16542,1.1655,1.16538,1.1654799999999998,115
2026-01-08 20:54:00,1.1653600000000002,1.1653600000000002,1.1653300000000002,1.1653300000000002,1.1654799999999998,1.1654799999999998,1.16545,1.16547,28
2026-01-08 20:55:00,1.1653300000000002,1.1653300000000002,1.16504,1.16504,1.16547,1.16547,1.16517,1.16517,119
2026-01-08 20:56:00,1.16504,1.1651600000000002,1.16504,1.1651,1.16517,1.16528,1.16517,1.16523,158
2026-01-08 20:57:00,1.1651,1.1651200000000002,1.16503,1.16503,1.16523,1.16524,1.16515,1.16516,124
2026-01-08 20:58:00,1.16503,1.1650600000000002,1.165,1.16503,1.16516,1.16519,1.16513,1.16517,83
2026-01-08 20:59:00,1.16503,1.16508,1.1649900000000002,1.16507,1.16517,1.1652,1.16514,1.1652,166
2026-01-08 21:00:00,1.16507,1.16508,1.16501,1.1650200000000002,1.1652,1.16521,1.16513,1.16516,92
2026-01-08 21:01:00,1.1650200000000002,1.1651,1.165,1.16504,1.16516,1.16525,1.16515,1.16517,88
2026-01-08 21:02:00,1.16504,1.1650600000000002,1.16501,1.16505,1.16517,1.16519,1.16513,1.16518,54
2026-01-08 21:03:00,1.16505,1.16507,1.16501,1.16507,1.16518,1.16519,1.16514,1.16519,66
2026-01-08 21:04:00,1.16507,1.1651,1.16504,1.16507,1.16519,1.16524,1.16517,1.1652,94
2026-01-08 21:05:00,1.16507,1.16508,1.16505,1.1650600000000002,1.1652,1.16521,1.16517,1.16518,70
2026-01-08 21:06:00,1.1650600000000002,1.16511,1.16505,1.1651,1.16518,1.16524,1.16518,1.16523,52
2026-01-08 21:07:00,1.1651,1.1651,1.165,1.1650200000000002,1.16523,1.16523,1.16512,1.16517,75
2026-01-08 21:08:00,1.1650200000000002,1.16507,1.1650200000000002,1.1650600000000002,1.16517,1.16521,1.16515,1.16518,44
2026-01-08 21:09:00,1.1650600000000002,1.16517,1.1650600000000002,1.1651600000000002,1.16518,1.1653,1.16518,1.16529,86
2026-01-08 21:10:00,1.1651600000000002,1.1651600000000002,1.16511,1.16514,1.16529,1.16529,1.16525,1.16526,47
2026-01-08 21:11:00,1.16514,1.16515,1.16514,1.16515,1.16526,1.16528,1.16526,1.16527,19
2026-01-08 21:12:00,1.16515,1.16517,1.16514,1.1651600000000002,1.16527,1.1653,1.16527,1.16529,54
2026-01-08 21:13:00,1.1651600000000002,1.16517,1.16515,1.1651600000000002,1.16529,1.1653,1.16528,1.16528,76
2026-01-08 21:14:00,1.1651600000000002,1.16518,1.16515,1.1651600000000002,1.16528,1.16531,1.16528,1.16529,52
2026-01-08 21:15:00,1.1651600000000002,1.16518,1.1651,1.16511,1.16529,1.16531,1.16523,1.16523,49
2026-01-08 21:16:00,1.16511,1.16513,1.16511,1.16511,1.16523,1.16526,1.16523,1.16524,52
2026-01-08 21:17:00,1.16511,1.1651600000000002,1.16511,1.16515,1.16524,1.16528,1.16523,1.16528,35
2026-01-08 21:18:00,1.16515,1.1651600000000002,1.16513,1.16515,1.16528,1.16529,1.16526,1.16528,42
2026-01-08 21:19:00,1.16515,1.16517,1.1651200000000002,1.16513,1.16528,1.16529,1.16525,1.16525,65
2026-01-08 21:20:00,1.16513,1.16514,1.16511,1.1651200000000002,1.16525,1.16527,1.16524,1.16525,64
2026-01-08 21:21:00,1.1651200000000002,1.16517,1.1651200000000002,1.16515,1.16525,1.1653,1.16525,1.16528,34
2026-01-08 21:22:00,1.16515,1.16517,1.16515,1.1651600000000002,1.16528,1.16531,1.16528,1.1653,20
2026-01-08 21:23:00,1.1651600000000002,1.1652600000000002,1.1651600000000002,1.16525,1.1653,1.16539,1.16529,1.16538,41
2026-01-08 21:24:00,1.16525,1.16525,1.16524,1.16525,1.16538,1.16539,1.16537,1.16538,38
2026-01-08 21:25:00,1.16525,1.16525,1.1652,1.1652,1.16538,1.16538,1.16533,1.16533,33
2026-01-08 21:26:00,1.1652,1.16521,1.16514,1.16521,1.16533,1.16534,1.16527,1.16534,39
2026-01-08 21:27:00,1.16521,1.16528,1.1651600000000002,1.16527,1.16534,1.1654,1.16529,1.16539,48
2026-01-08 21:28:00,1.16527,1.1653,1.16525,1.1653,1.16539,1.16543,1.16538,1.16543,34
2026-01-08 21:29:00,1.1653,1.16537,1.1652900000000002,1.1653600000000002,1.16543,1.1655,1.16542,1.16549,81
2026-01-08 21:30:00,1.1653600000000002,1.16541,1.16535,1.16541,1.16549,1.16554,1.1654799999999998,1.16553,104
2026-01-08 21:31:00,1.16541,1.16541,1.16538,1.1654000000000002,1.16553,1.16553,1.16551,1.16552,45
2026-01-08 21:32:00,1.1654000000000002,1.1654000000000002,1.1653300000000002,1.16537,1.16552,1.16554,1.16546,1.16549,89
2026-01-08 21:33:00,1.16537,1.16538,1.1653300000000002,1.16537,1.16549,1.16552,1.16546,1.16551,73
2026-01-08 21:34:00,1.16537,1.1656300000000002,1.1653600000000002,1.16562,1.16551,1.16576,1.1655,1.16575,144
2026-01-08 21:35:00,1.16562,1.16568,1.16559,1.16566,1.16575,1.16581,1.16572,1.1658,94
2026-01-08 21:36:00,1.16566,1.1657300000000002,1.16566,1.16572,1.1658,1.16585,1.16579,1.16584,64
2026-01-08 21:37:00,1.16572,1.16579,1.1657000000000002,1.16576,1.16584,1.16591,1.16583,1.16589,67
2026-01-08 21:38:00,1.16576,1.16576,1.16566,1.16566,1.16589,1.16589,1.16579,1.16579,75
2026-01-08 21:39:00,1.16566,1.16568,1.16559,1.1656000000000002,1.16579,1.16581,1.16572,1.16573,48
2026-01-08 21:40:00,1.1656000000000002,1.1656700000000002,1.16559,1.16566,1.16573,1.16579,1.16573,1.16578,51
2026-01-08 21:41:00,1.16566,1.16572,1.16562,1.16572,1.16578,1.16585,1.16577,1.16585,31
2026-01-08 21:42:00,1.16572,1.16592,1.16571,1.16586,1.16585,1.16605,1.16584,1.16599,90
2026-01-08 21:43:00,1.16586,1.16602,1.16585,1.16593,1.16599,1.16615,1.16598,1.16608,126
2026-01-08 21:44:00,1.16593,1.16596,1.16589,1.16592,1.16608,1.16611,1.16604,1.16607,55
2026-01-08 21:45:00,1.16592,1.1660700000000002,1.16592,1.1660400000000002,1.16607,1.16621,1.16607,1.16618,83
2026-01-08 21:46:00,1.1660400000000002,1.16612,1.166,1.1661100000000002,1.16618,1.16625,1.16614,1.16624,87
2026-01-08 21:47:00,1.1661100000000002,1.16615,1.16595,1.16605,1.16624,1.16627,1.16608,1.16618,119
2026-01-08 21:48:00,1.16605,1.16619,1.16605,1.1661700000000002,1.16618,1.16631,1.16618,1.1663,74
2026-01-08 21:49:00,1.1661700000000002,1.1662100000000002,1.16616,1.1662,1.1663,1.16634,1.16629,1.16633,70
2026-01-08 21:50:00,1.1662,1.1662,1.1658000000000002,1.16596,1.16633,1.16633,1.16593,1.16609,136
2026-01-08 21:51:00,1.16596,1.1660100000000002,1.1659400000000002,1.1660100000000002,1.16609,1.16615,1.16608,1.16615,51
2026-01-08 21:52:00,1.1660100000000002,1.16602,1.16595,1.16595,1.16615,1.16615,1.1661,1.1661,47
2026-01-08 21:53:00,1.16595,1.16599,1.1659400000000002,1.16599,1.1661,1.16614,1.16608,1.16613,32
2026-01-08 21:54:00,1.16599,1.166,1.16593,1.16598,1.16613,1.16614,1.16607,1.16611,68
2026-01-08 21:55:00,1.16598,1.1661,1.16589,1.16605,1.16611,1.16625,1.16603,1.1662,63
2026-01-08 21:56:00,1.16605,1.16605,1.1659400000000002,1.1659700000000002,1.1662,1.1662,1.16609,1.16611,51
2026-01-08 21:57:00,1.1659700000000002,1.1659700000000002,1.1658700000000002,1.16589,1.16611,1.16612,1.16601,1.16603,68
2026-01-08 21:58:00,1.16589,1.16591,1.16576,1.1657700000000002,1.16603,1.16605,1.16588,1.16593,210
2026-01-08 21:59:00,1.1657700000000002,1.1659400000000002,1.16576,1.16589,1.16593,1.1661,1.16593,1.16608,146
2026-01-08 22:00:00,1.16589,1.16589,1.1658000000000002,1.1658000000000002,1.16608,1.16626,1.16608,1.16626,2
2026-01-08 22:03:00,1.1658000000000002,1.1658000000000002,1.16521,1.16521,1.16626,1.16626,1.16615,1.16615,2
2026-01-08 22:04:00,1.16521,1.16535,1.16521,1.16535,1.16615,1.16615,1.16603,1.1661,10
2026-01-08 22:05:00,1.16535,1.16549,1.16535,1.16549,1.1661,1.16616,1.16596,1.16596,9
2026-01-08 22:06:00,1.16549,1.16549,1.16549,1.16549,1.16596,1.166,1.16596,1.16597,6
2026-01-08 22:07:00,1.16549,1.16549,1.16549,1.16549,1.16597,1.16599,1.16596,1.16597,4
2026-01-08 22:08:00,1.16549,1.16549,1.16545,1.16547,1.16597,1.16609,1.16597,1.16597,11
2026-01-08 22:09:00,1.16547,1.16552,1.16547,1.16552,1.16597,1.16601,1.16597,1.16599,7
2026-01-08 22:10:00,1.16552,1.16555,1.1655000000000002,1.16554,1.16599,1.166,1.16593,1.16597,50
2026-01-08 22:11:00,1.16554,1.16581,1.1655300000000002,1.16581,1.16597,1.16608,1.16594,1.16607,15
2026-01-08 22:12:00,1.16581,1.16586,1.16581,1.16583,1.16607,1.16614,1.16607,1.1661,19
2026-01-08 22:13:00,1.16583,1.1658400000000002,1.16583,1.1658400000000002,1.1661,1.1661,1.16609,1.16609,4
2026-01-08 22:14:00,1.1658400000000002,1.1658400000000002,1.1658400000000002,1.1658400000000002,1.16609,1.16611,1.16609,1.1661,7
2026-01-08 22:15:00,1.1658400000000002,1.1658400000000002,1.16583,1.16583,1.1661,1.1661,1.16607,1.16608,10
2026-01-08 22:16:00,1.16583,1.1658400000000002,1.16582,1.1658400000000002,1.16608,1.16609,1.16608,1.16609,8
2026-01-08 22:18:00,1.1658400000000002,1.1658400000000002,1.16565,1.16572,1.16609,1.16609,1.16598,1.16602,28
2026-01-08 22:19:00,1.16572,1.1657300000000002,1.16571,1.1657300000000002,1.16602,1.16603,1.166,1.16601,8
2026-01-08 22:20:00,1.1657300000000002,1.1657300000000002,1.16565,1.16565,1.16601,1.16602,1.166,1.16602,10
2026-01-08 22:21:00,1.16565,1.16565,1.16565,1.16565,1.16602,1.16602,1.16597,1.16597,18
2026-01-08 22:22:00,1.16565,1.16579,1.16565,1.16579,1.16597,1.16607,1.16597,1.16606,17
2026-01-08 22:23:00,1.16579,1.16579,1.16579,1.16579,1.16606,1.16607,1.16605,1.16606,3
2026-01-08 22:24:00,1.16579,1.16579,1.16579,1.16579,1.16606,1.16606,1.16605,1.16605,1
2026-01-08 22:25:00,1.16579,1.16579,1.16578,1.16578,1.16605,1.16609,1.16603,1.16607,16
2026-01-08 22:26:00,1.16578,1.16578,1.1657700000000002,1.16578,1.16607,1.16607,1.16602,1.16603,25
2026-01-08 22:27:00,1.16578,1.16579,1.16575,1.16575,1.16603,1.16606,1.16601,1.16601,20
2026-01-08 22:28:00,1.16575,1.16575,1.16564,1.16564,1.16601,1.16601,1.16594,1.16594,8
2026-01-08 22:29:00,1.16564,1.16566,1.1656300000000002,1.16564,1.16594,1.16594,1.16591,1.16593,19
2026-01-08 22:30:00,1.16564,1.16571,1.16564,1.1656700000000002,1.16593,1.16597,1.16593,1.16593,32
2026-01-08 22:31:00,1.1656700000000002,1.16578,1.1656700000000002,1.1657700000000002,1.16593,1.16601,1.16592,1.16601,11
2026-01-08 22:32:00,1.1657700000000002,1.1657700000000002,1.16576,1.16576,1.16601,1.16601,1.166,1.16601,3
2026-01-08 22:33:00,1.16576,1.16576,1.16575,1.16575,1.16601,1.16601,1.16597,1.16597,5
2026-01-08 22:34:00,1.16575,1.16575,1.16574,1.16574,1.16597,1.16603,1.16597,1.16602,7
2026-01-08 22:35:00,1.16574,1.1657700000000002,1.16574,1.1657700000000002,1.16602,1.16603,1.16599,1.166,5
2026-01-08 22:36:00,1.1657700000000002,1.16578,1.1657700000000002,1.16578,1.166,1.16602,1.166,1.16602,5
2026-01-08 22:37:00,1.16578,1.16578,1.1657700000000002,1.1657700000000002,1.16602,1.16602,1.16601,1.16602,3
2026-01-08 22:38:00,1.1657700000000002,1.16583,1.1657700000000002,1.16583,1.16602,1.16605,1.166,1.16605,9
2026-01-08 22:39:00,1.16583,1.1658400000000002,1.16583,1.1658400000000002,1.16605,1.16605,1.16605,1.16605,1
2026-01-08 22:40:00,1.1658400000000002,1.1658400000000002,1.1658400000000002,1.1658400000000002,1.16605,1.16606,1.16604,1.16606,3
2026-01-08 22:41:00,1.1658400000000002,1.1658700000000002,1.16579,1.16579,1.16606,1.16606,1.16605,1.16606,8
2026-01-08 22:42:00,1.16579,1.16581,1.16579,1.1658000000000002,1.16606,1.16606,1.16605,1.16605,3
2026-01-08 22:43:00,1.1658000000000002,1.1658000000000002,1.16578,1.16579,1.16605,1.16606,1.16605,1.16605,16
2026-01-08 22:44:00,1.16579,1.16579,1.1657700000000002,1.16579,1.16605,1.16605,1.166,1.16602,29
2026-01-08 22:45:00,1.16579,1.1658000000000002,1.16578,1.16579,1.16602,1.16606,1.166,1.166,38
2026-01-08 22:46:00,1.16579,1.1658000000000002,1.16579,1.1658000000000002,1.166,1.16605,1.166,1.16603,17
2026-01-08 22:47:00,1.1658000000000002,1.16583,1.1658000000000002,1.16583,1.16603,1.16606,1.16602,1.16606,18
2026-01-08 22:48:00,1.16583,1.1658400000000002,1.16582,1.1658400000000002,1.16606,1.16607,1.16604,1.16607,25
2026-01-08 22:49:00,1.1658400000000002,1.16586,1.1658400000000002,1.16586,1.16607,1.16608,1.16605,1.16607,13
2026-01-08 22:50:00,1.16586,1.16588,1.16585,1.1658700000000002,1.16607,1.16609,1.16607,1.16609,23
2026-01-08 22:51:00,1.1658700000000002,1.16589,1.16585,1.16586,1.16609,1.16611,1.16606,1.16609,28
2026-01-08 22:52:00,1.16586,1.16588,1.1658400000000002,1.16586,1.16609,1.16609,1.16606,1.16606,33
2026-01-08 22:53:00,1.16586,1.16588,1.16585,1.16588,1.16606,1.16607,1.16606,1.16607,4
2026-01-08 22:54:00,1.16588,1.16588,1.16586,1.1658700000000002,1.16607,1.16607,1.16607,1.16607,3
2026-01-08 22:55:00,1.1658700000000002,1.16592,1.1658700000000002,1.16591,1.16607,1.1661,1.16607,1.1661,12
2026-01-08 22:56:00,1.16591,1.1659400000000002,1.1658700000000002,1.1658700000000002,1.1661,1.1661,1.16606,1.16606,3
2026-01-08 22:57:00,1.1658700000000002,1.1658700000000002,1.16585,1.16585,1.16606,1.16606,1.16606,1.16606,4
2026-01-08 22:58:00,1.16585,1.16585,1.16579,1.1658000000000002,1.16606,1.16607,1.16606,1.16606,17
2026-01-08 22:59:00,1.1658000000000002,1.1658000000000002,1.16576,1.16576,1.16606,1.16606,1.16604,1.16604,26
2026-01-08 23:00:00,1.16576,1.1660400000000002,1.16576,1.1660400000000002,1.16604,1.16618,1.16596,1.16617,147
2026-01-08 23:01:00,1.1660400000000002,1.16609,1.16603,1.16608,1.16617,1.16624,1.16617,1.16622,35
2026-01-08 23:02:00,1.16608,1.16615,1.16608,1.16615,1.16622,1.16629,1.16622,1.16628,24
2026-01-08 23:03:00,1.16615,1.16616,1.16613,1.16615,1.16628,1.1663,1.16628,1.16629,8
2026-01-08 23:04:00,1.16615,1.16616,1.1661400000000002,1.16615,1.16629,1.1663,1.16628,1.16628,7
2026-01-08 23:05:00,1.16615,1.16615,1.16605,1.1660700000000002,1.16628,1.16628,1.16618,1.16621,39
2026-01-08 23:06:00,1.1660700000000002,1.1661100000000002,1.16606,1.1660700000000002,1.16621,1.16625,1.16621,1.16622,18
2026-01-08 23:07:00,1.1660700000000002,1.1660700000000002,1.1659400000000002,1.1659400000000002,1.16622,1.16622,1.16608,1.16608,25
2026-01-08 23:08:00,1.1659400000000002,1.16595,1.16591,1.16593,1.16608,1.16609,1.16605,1.16606,17
2026-01-08 23:09:00,1.16593,1.1659700000000002,1.16591,1.16591,1.16606,1.16609,1.16605,1.16607,21
2026-01-08 23:10:00,1.16591,1.1659700000000002,1.16591,1.16593,1.16607,1.1661,1.16605,1.16606,49
2026-01-08 23:11:00,1.16593,1.16595,1.16593,1.1659400000000002,1.16606,1.16609,1.16605,1.16607,20
2026-01-08 23:12:00,1.1659400000000002,1.1659700000000002,1.16593,1.16593,1.16607,1.16609,1.16606,1.16606,24
2026-01-08 23:13:00,1.16593,1.1659400000000002,1.16592,1.16592,1.16606,1.16608,1.16604,1.16604,21
2026-01-08 23:14:00,1.16592,1.16592,1.1659000000000002,1.16591,1.16604,1.16605,1.16604,1.16605,34
2026-01-08 23:15:00,1.16591,1.16593,1.16591,1.16593,1.16605,1.16607,1.16605,1.16606,24
2026-01-08 23:16:00,1.16593,1.16593,1.16575,1.16581,1.16606,1.16606,1.16588,1.16594,58
2026-01-08 23:17:00,1.16581,1.16585,1.16581,1.16581,1.16594,1.16598,1.16594,1.16594,18
2026-01-08 23:18:00,1.16581,1.16582,1.1658000000000002,1.1658000000000002,1.16594,1.16595,1.16593,1.16593,9
2026-01-08 23:19:00,1.1658000000000002,1.16586,1.1658000000000002,1.16586,1.16593,1.166,1.16593,1.166,17
2026-01-08 23:20:00,1.16586,1.1658700000000002,1.16585,1.16586,1.166,1.166,1.16599,1.166,9
2026-01-08 23:21:00,1.16586,1.16586,1.16585,1.16586,1.166,1.166,1.16598,1.16599,7
2026-01-08 23:22:00,1.16586,1.16586,1.1658000000000002,1.1658000000000002,1.16599,1.16599,1.16594,1.16594,8
2026-01-08 23:23:00,1.1658000000000002,1.1658000000000002,1.16579,1.1658000000000002,1.16594,1.16594,1.16594,1.16594,2
2026-01-08 23:24:00,1.1658000000000002,1.1658000000000002,1.16578,1.16578,1.16594,1.16595,1.16594,1.16595,7
2026-01-08 23:25:00,1.16578,1.16579,1.16575,1.16575,1.16595,1.16595,1.16588,1.16588,9
2026-01-08 23:26:00,1.16575,1.16576,1.16575,1.16575,1.16588,1.1659,1.16588,1.16589,5
2026-01-08 23:27:00,1.16575,1.16576,1.16574,1.16575,1.16589,1.1659,1.16587,1.16588,17
2026-01-08 23:28:00,1.16575,1.16576,1.16575,1.16576,1.16588,1.16589,1.16588,1.16589,12
2026-01-08 23:29:00,1.16576,1.16576,1.16575,1.16576,1.16589,1.16589,1.16588,1.16589,14
2026-01-08 23:30:00,1.16576,1.1658400000000002,1.16576,1.16581,1.16589,1.16597,1.16589,1.16596,32
2026-01-08 23:31:00,1.16581,1.16581,1.1658000000000002,1.1658000000000002,1.16596,1.16596,1.16594,1.16594,6
2026-01-08 23:32:00,1.1658000000000002,1.16581,1.16576,1.16578,1.16594,1.16594,1.1659,1.16592,18
2026-01-08 23:33:00,1.16578,1.16578,1.16575,1.16575,1.16592,1.16593,1.16589,1.16589,20
2026-01-08 23:34:00,1.16575,1.16576,1.16568,1.16568,1.16589,1.1659,1.16581,1.16581,21
2026-01-08 23:35:00,1.16568,1.1657000000000002,1.16566,1.1656700000000002,1.16581,1.16584,1.1658,1.16582,19
2026-01-08 23:36:00,1.1656700000000002,1.1657000000000002,1.1656700000000002,1.1656700000000002,1.16582,1.16584,1.1658,1.1658,17
2026-01-08 23:37:00,1.1656700000000002,1.1657000000000002,1.1656700000000002,1.16568,1.1658,1.16584,1.1658,1.16581,9
2026-01-08 23:38:00,1.16568,1.1657000000000002,1.1656700000000002,1.1657000000000002,1.16581,1.16583,1.16581,1.16583,8
2026-01-08 23:39:00,1.1657000000000002,1.1657000000000002,1.1656700000000002,1.1657000000000002,1.16583,1.16584,1.16582,1.16583,18
2026-01-08 23:40:00,1.1657000000000002,1.1657300000000002,1.1657000000000002,1.16572,1.16583,1.16586,1.16583,1.16586,18
2026-01-08 23:41:00,1.16572,1.16575,1.1657000000000002,1.1657000000000002,1.16586,1.16588,1.16584,1.16584,15
2026-01-08 23:42:00,1.1657000000000002,1.1657000000000002,1.1657000000000002,1.1657000000000002,1.16584,1.16584,1.16583,1.16584,2
2026-01-08 23:43:00,1.1657000000000002,1.1657000000000002,1.16565,1.1656700000000002,1.16584,1.16584,1.16579,1.16581,15
2026-01-08 23:44:00,1.1656700000000002,1.1656700000000002,1.16565,1.16565,1.16581,1.16581,1.16578,1.16579,16
2026-01-08 23:45:00,1.16565,1.16565,1.16559,1.1656000000000002,1.16579,1.16579,1.16573,1.16573,14
2026-01-08 23:46:00,1.1656000000000002,1.16565,1.1656000000000002,1.16565,1.16573,1.16579,1.16573,1.16579,16
2026-01-08 23:47:00,1.16565,1.16565,1.16559,1.16559,1.16579,1.16579,1.16573,1.16573,15
2026-01-08 23:48:00,1.16559,1.1656000000000002,1.16559,1.1656000000000002,1.16573,1.16574,1.16573,1.16574,7
2026-01-08 23:49:00,1.1656000000000002,1.16561,1.16559,1.16559,1.16574,1.16575,1.16573,1.16574,11
2026-01-08 23:50:00,1.16559,1.16565,1.16559,1.16565,1.16574,1.16579,1.16574,1.16579,12
2026-01-08 23:51:00,1.16565,1.1657000000000002,1.16565,1.16569,1.16579,1.16583,1.16578,1.16583,13
2026-01-08 23:52:00,1.16569,1.1657000000000002,1.16566,1.1656700000000002,1.16583,1.16584,1.1658,1.16581,16
2026-01-08 23:53:00,1.1656700000000002,1.1656700000000002,1.16565,1.1656700000000002,1.16581,1.16581,1.16579,1.1658,14
2026-01-08 23:54:00,1.1656700000000002,1.16568,1.16565,1.1656700000000002,1.1658,1.16581,1.16579,1.16581,12
2026-01-08 23:55:00,1.1656700000000002,1.16572,1.16566,1.16572,1.16581,1.16586,1.16579,1.16585,22
2026-01-08 23:56:00,1.16572,1.16572,1.16569,1.1657000000000002,1.16585,1.16586,1.16583,1.16584,13
2026-01-08 23:57:00,1.1657000000000002,1.1657000000000002,1.16569,1.1657000000000002,1.16584,1.16584,1.16583,1.16584,5
2026-01-08 23:58:00,1.1657000000000002,1.1657000000000002,1.1656700000000002,1.1656700000000002,1.16584,1.16584,1.16581,1.16581,7
2026-01-08 23:59:00,1.1656700000000002,1.1657300000000002,1.16566,1.1657300000000002,1.16581,1.16589,1.16581,1.16588,23
2026-01-09 00:00:00,1.1657300000000002,1.16574,1.16559,1.16564,1.16588,1.16589,1.16574,1.16578,65
2026-01-09 00:01:00,1.16564,1.16566,1.16561,1.16566,1.16578,1.16579,1.16574,1.16579,20
2026-01-09 00:02:00,1.16566,1.16571,1.16565,1.1657000000000002,1.16579,1.16584,1.16579,1.16583,31
2026-01-09 00:03:00,1.1657000000000002,1.1657000000000002,1.16559,1.16559,1.16583,1.16583,1.16572,1.16573,30
2026-01-09 00:04:00,1.16559,1.1656000000000002,1.16559,1.1656000000000002,1.16573,1.16574,1.16573,1.16573,7
2026-01-09 00:05:00,1.1656000000000002,1.1656300000000002,1.1656000000000002,1.16561,1.16573,1.16577,1.16573,1.16575,19
2026-01-09 00:06:00,1.16561,1.16562,1.1656000000000002,1.16562,1.16575,1.16576,1.16573,1.16576,16
2026-01-09 00:07:00,1.16562,1.1656300000000002,1.16559,1.16561,1.16576,1.16577,1.16572,1.16574,30
2026-01-09 00:08:00,1.16561,1.16562,1.16554,1.16554,1.16574,1.16576,1.16568,1.16568,47
2026-01-09 00:09:00,1.16554,1.1655600000000002,1.1655000000000002,1.1655000000000002,1.16568,1.16568,1.16563,1.16563,53
2026-01-09 00:10:00,1.1655000000000002,1.16552,1.1655000000000002,1.16551,1.16563,1.16566,1.16563,1.16564,21
2026-01-09 00:11:00,1.16551,1.16561,1.16551,1.16558,1.16564,1.16574,1.16564,1.16571,42
2026-01-09 00:12:00,1.16558,1.16558,1.16554,1.16554,1.16571,1.16572,1.16567,1.16568,38
2026-01-09 00:13:00,1.16554,1.16554,1.1654300000000002,1.16544,1.16568,1.16568,1.16557,1.16557,23
2026-01-09 00:14:00,1.16544,1.16545,1.1654300000000002,1.1654300000000002,1.16557,1.16558,1.16556,1.16557,21
2026-01-09 00:15:00,1.1654300000000002,1.16545,1.16537,1.16541,1.16557,1.16558,1.1655,1.16554,54
2026-01-09 00:16:00,1.16541,1.16545,1.16539,1.16544,1.16554,1.16559,1.16552,1.16558,45
2026-01-09 00:17:00,1.16544,1.16551,1.16544,1.1655000000000002,1.16558,1.16564,1.16557,1.16564,34
2026-01-09 00:18:00,1.1655000000000002,1.16555,1.1655000000000002,1.16555,1.16564,1.16568,1.16563,1.16568,35
2026-01-09 00:19:00,1.16555,1.16555,1.16552,1.16554,1.16568,1.16568,1.16566,1.16567,32
2026-01-09 00:20:00,1.16554,1.16557,1.1655300000000002,1.16557,1.16567,1.16571,1.16567,1.16571,22
2026-01-09 00:21:00,1.16557,1.16559,1.16555,1.16559,1.16571,1.16572,1.16569,1.16572,25
2026-01-09 00:22:00,1.16559,1.16561,1.16558,1.1656000000000002,1.16572,1.16575,1.16572,1.16574,26
2026-01-09 00:23:00,1.1656000000000002,1.16569,1.16559,1.16569,1.16574,1.16583,1.16573,1.16583,33
2026-01-09 00:24:00,1.16569,1.1657000000000002,1.16564,1.16564,1.16583,1.16583,1.16577,1.16578,26
2026-01-09 00:25:00,1.16564,1.16564,1.16552,1.16555,1.16578,1.16578,1.16566,1.16569,68
2026-01-09 00:26:00,1.16555,1.1655600000000002,1.16547,1.16547,1.16569,1.16569,1.1656,1.1656,74
2026-01-09 00:27:00,1.16547,1.16552,1.1654600000000002,1.16552,1.1656,1.16565,1.1656,1.16564,63
2026-01-09 00:28:00,1.16552,1.1655600000000002,1.16552,1.1655600000000002,1.16564,1.16569,1.16564,1.16569,69
2026-01-09 00:29:00,1.1655600000000002,1.16557,1.16555,1.1655600000000002,1.16569,1.16569,1.16568,1.16568,27
2026-01-09 00:30:00,1.1655600000000002,1.1655600000000002,1.1655000000000002,1.16552,1.16568,1.1657,1.16562,1.16564,64
2026-01-09 00:31:00,1.16552,1.16552,1.1655000000000002,1.1655000000000002,1.16564,1.16564,1.16563,1.16564,59
2026-01-09 00:32:00,1.1655000000000002,1.16552,1.1655000000000002,1.16551,1.16564,1.16564,1.16563,1.16563,61
2026-01-09 00:33:00,1.16551,1.16555,1.16545,1.16545,1.16563,1.16568,1.16558,1.16559,43
2026-01-09 00:34:00,1.16545,1.1654600000000002,1.16541,1.16541,1.16559,1.16559,1.16554,1.16554,40
2026-01-09 00:35:00,1.16541,1.16541,1.1653300000000002,1.16535,1.16554,1.16554,1.16547,1.16549,48
2026-01-09 00:36:00,1.16535,1.16542,1.16535,1.16539,1.16549,1.16556,1.16549,1.16552,95
2026-01-09 00:37:00,1.16539,1.16541,1.16537,1.16539,1.16552,1.16554,1.1655,1.16553,33
2026-01-09 00:38:00,1.16539,1.1654600000000002,1.16539,1.1654000000000002,1.16553,1.16559,1.16553,1.16554,50
2026-01-09 00:39:00,1.1654000000000002,1.16541,1.16535,1.16539,1.16554,1.16554,1.16549,1.16552,56
2026-01-09 00:40:00,1.16539,1.1654000000000002,1.16535,1.16535,1.16552,1.16553,1.16547,1.1654799999999998,65
2026-01-09 00:41:00,1.16535,1.1653600000000002,1.1653300000000002,1.16535,1.1654799999999998,1.1654799999999998,1.16546,1.1654799999999998,38
2026-01-09 00:42:00,1.16535,1.16541,1.1653300000000002,1.1654000000000002,1.1654799999999998,1.16553,1.16545,1.16553,68
2026-01-09 00:43:00,1.1654000000000002,1.16545,1.1654000000000002,1.16544,1.16553,1.16557,1.16553,1.16557,19
2026-01-09 00:44:00,1.16544,1.16545,1.16539,1.16545,1.16557,1.16558,1.16552,1.16558,18
2026-01-09 00:45:00,1.16545,1.16545,1.16539,1.1654000000000002,1.16558,1.16558,1.16553,1.16553,39
2026-01-09 00:46:00,1.1654000000000002,1.1654000000000002,1.1653600000000002,1.16537,1.16553,1.16553,1.16549,1.16551,36
2026-01-09 00:47:00,1.16537,1.16545,1.16537,1.16544,1.16551,1.16558,1.16551,1.16558,31
2026-01-09 00:48:00,1.16544,1.1654600000000002,1.16541,1.16541,1.16558,1.16559,1.16554,1.16555,37
2026-01-09 00:49:00,1.16541,1.1655000000000002,1.16541,1.16547,1.16555,1.16564,1.16554,1.1656,58
2026-01-09 00:50:00,1.16547,1.16555,1.16547,1.16552,1.1656,1.16568,1.1656,1.16565,48
2026-01-09 00:51:00,1.16552,1.16555,1.1655000000000002,1.1655000000000002,1.16565,1.16568,1.16563,1.16563,58
2026-01-09 00:52:00,1.1655000000000002,1.1655000000000002,1.16542,1.1654300000000002,1.16563,1.16564,1.16556,1.16557,72
2026-01-09 00:53:00,1.1654300000000002,1.16548,1.16541,1.16545,1.16557,1.16561,1.16555,1.16558,68
2026-01-09 00:54:00,1.16545,1.16547,1.16535,1.16537,1.16558,1.1656,1.16549,1.1655,122
2026-01-09 00:55:00,1.16537,1.16548,1.16535,1.1654300000000002,1.1655,1.16561,1.16549,1.16556,123
2026-01-09 00:56:00,1.1654300000000002,1.16545,1.16541,1.16542,1.16556,1.16559,1.16554,1.16554,70
2026-01-09 00:57:00,1.16542,1.1654300000000002,1.1653600000000002,1.16538,1.16554,1.16556,1.1655,1.16551,54
2026-01-09 00:58:00,1.16538,1.16539,1.16534,1.16535,1.16551,1.16551,1.16547,1.1654799999999998,22
2026-01-09 00:59:00,1.16535,1.1653600000000002,1.1652900000000002,1.16531,1.1654799999999998,1.16549,1.16543,1.16544,41
2026-01-09 01:00:00,1.16531,1.1654000000000002,1.1653,1.16534,1.16544,1.16554,1.16543,1.16546,159
2026-01-09 01:01:00,1.16534,1.16535,1.16525,1.16527,1.16546,1.1654799999999998,1.16538,1.16539,95
2026-01-09 01:02:00,1.16527,1.16531,1.16525,1.1652900000000002,1.16539,1.16543,1.16538,1.16542,161
2026-01-09 01:03:00,1.1652900000000002,1.1654000000000002,1.1652900000000002,1.16535,1.16542,1.16553,1.16542,1.16547,111
2026-01-09 01:04:00,1.16535,1.1654000000000002,1.16525,1.16525,1.16547,1.16552,1.16539,1.16539,54
2026-01-09 01:05:00,1.16525,1.16525,1.1651900000000002,1.16524,1.16539,1.16539,1.16531,1.16537,85
2026-01-09 01:06:00,1.16524,1.16524,1.16518,1.16521,1.16537,1.16537,1.16532,1.16534,54
2026-01-09 01:07:00,1.16521,1.16525,1.1651200000000002,1.16514,1.16534,1.16537,1.16524,1.16527,67
2026-01-09 01:08:00,1.16514,1.16524,1.1651,1.16521,1.16527,1.16537,1.16524,1.16534,109
2026-01-09 01:09:00,1.16521,1.16527,1.16521,1.1652600000000002,1.16534,1.1654,1.16534,1.16538,50
2026-01-09 01:10:00,1.1652600000000002,1.1652600000000002,1.1651900000000002,1.16521,1.16538,1.16538,1.16533,1.16534,55
2026-01-09 01:11:00,1.16521,1.1652300000000002,1.16515,1.16515,1.16534,1.16537,1.16528,1.16529,33
2026-01-09 01:12:00,1.16515,1.1651600000000002,1.16513,1.16515,1.16529,1.16529,1.16526,1.16527,57
2026-01-09 01:13:00,1.16515,1.16525,1.16514,1.16525,1.16527,1.16538,1.16527,1.16538,26
2026-01-09 01:14:00,1.16525,1.16531,1.16524,1.1653,1.16538,1.16545,1.16538,1.16543,37
2026-01-09 01:15:00,1.1653,1.16549,1.16527,1.16548,1.16543,1.16562,1.1654,1.16562,130
2026-01-09 01:16:00,1.16548,1.16566,1.16548,1.16555,1.16562,1.1658,1.16561,1.16568,156
2026-01-09 01:17:00,1.16555,1.16557,1.16552,1.1655600000000002,1.16568,1.16571,1.16565,1.16569,50
2026-01-09 01:18:00,1.1655600000000002,1.1656300000000002,1.16554,1.1656000000000002,1.16569,1.16577,1.16568,1.16574,61
2026-01-09 01:19:00,1.1656000000000002,1.16565,1.16557,1.16557,1.16574,1.16579,1.1657,1.16571,73
2026-01-09 01:20:00,1.16557,1.16557,1.16527,1.16527,1.16571,1.16571,1.16541,1.16541,189
2026-01-09 01:21:00,1.16527,1.16532,1.16527,1.16531,1.16541,1.16544,1.1654,1.16543,71
2026-01-09 01:22:00,1.16531,1.16532,1.16525,1.1652600000000002,1.16543,1.16544,1.16537,1.16538,99
2026-01-09 01:23:00,1.1652600000000002,1.16527,1.16513,1.16514,1.16538,1.16539,1.16527,1.16528,111
2026-01-09 01:24:00,1.16514,1.1651900000000002,1.1651,1.16511,1.16528,1.16533,1.16523,1.16523,66
2026-01-09 01:25:00,1.16511,1.16511,1.16504,1.16505,1.16523,1.16523,1.16517,1.16518,78
2026-01-09 01:26:00,1.16505,1.1651,1.16501,1.16503,1.16518,1.16523,1.16515,1.16516,74
2026-01-09 01:27:00,1.16503,1.16515,1.16503,1.16515,1.16516,1.16528,1.16515,1.16528,69
2026-01-09 01:28:00,1.16515,1.16518,1.16515,1.16517,1.16528,1.16531,1.16527,1.1653,53
2026-01-09 01:29:00,1.16517,1.16518,1.1651,1.16515,1.1653,1.1653,1.16523,1.16527,55
2026-01-09 01:30:00,1.16515,1.16524,1.16514,1.16518,1.16527,1.16537,1.16527,1.1653,66
2026-01-09 01:31:00,1.16518,1.16518,1.16513,1.16514,1.1653,1.16531,1.16525,1.16527,24
2026-01-09 01:32:00,1.16514,1.1651600000000002,1.16513,1.1651600000000002,1.16527,1.16528,1.16526,1.16528,20
2026-01-09 01:33:00,1.1651600000000002,1.16518,1.16513,1.16513,1.16528,1.16531,1.16526,1.16526,49
2026-01-09 01:34:00,1.16513,1.16517,1.16504,1.16517,1.16526,1.16531,1.16519,1.1653,82
2026-01-09 01:35:00,1.16517,1.16521,1.16514,1.16515,1.1653,1.16535,1.16527,1.16528,110
2026-01-09 01:36:00,1.16515,1.16521,1.1650600000000002,1.1651,1.16528,1.16535,1.1652,1.16523,99
2026-01-09 01:37:00,1.1651,1.1651,1.16503,1.16504,1.16523,1.16524,1.16516,1.16518,93
2026-01-09 01:38:00,1.16504,1.1651,1.16503,1.16505,1.16518,1.16524,1.16517,1.1652,76
2026-01-09 01:39:00,1.16505,1.16507,1.165,1.16503,1.1652,1.16522,1.16515,1.16519,64
2026-01-09 01:40:00,1.16503,1.16507,1.165,1.16504,1.16519,1.1652,1.16514,1.16519,104
2026-01-09 01:41:00,1.16504,1.16508,1.165,1.165,1.16519,1.16521,1.16513,1.16513,115
2026-01-09 01:42:00,1.165,1.16505,1.16494,1.16494,1.16513,1.16519,1.16508,1.16509,65
2026-01-09 01:43:00,1.16494,1.1649500000000002,1.16484,1.1648500000000002,1.16509,1.1651,1.16499,1.165,81
2026-01-09 01:44:00,1.1648500000000002,1.16486,1.1648,1.1648200000000002,1.165,1.16501,1.16494,1.16495,137
2026-01-09 01:45:00,1.1648200000000002,1.16491,1.1648200000000002,1.16484,1.16495,1.16505,1.16495,1.16499,146
2026-01-09 01:46:00,1.16484,1.1649,1.16484,1.16486,1.16499,1.16506,1.16498,1.165,97
2026-01-09 01:47:00,1.16486,1.16496,1.16486,1.16491,1.165,1.16509,1.165,1.16505,63
2026-01-09 01:48:00,1.16491,1.16505,1.1648900000000002,1.16504,1.16505,1.16519,1.16503,1.16518,88
2026-01-09 01:49:00,1.16504,1.16507,1.1649900000000002,1.1649900000000002,1.16518,1.16521,1.16513,1.16513,135
2026-01-09 01:50:00,1.1649900000000002,1.1651,1.16498,1.1650900000000002,1.16513,1.16525,1.16512,1.16524,88
2026-01-09 01:51:00,1.1650900000000002,1.1651600000000002,1.1650900000000002,1.16514,1.16524,1.1653,1.16523,1.16529,73
2026-01-09 01:52:00,1.16514,1.1651600000000002,1.1650600000000002,1.16507,1.16529,1.1653,1.16521,1.16522,96
2026-01-09 01:53:00,1.16507,1.16507,1.16477,1.1649200000000002,1.16522,1.16522,1.16493,1.16506,197
2026-01-09 01:54:00,1.1649200000000002,1.16496,1.1648900000000002,1.1649200000000002,1.16506,1.1651,1.16503,1.16507,78
2026-01-09 01:55:00,1.1649200000000002,1.16496,1.1648500000000002,1.16486,1.16507,1.16511,1.16499,1.165,111
2026-01-09 01:56:00,1.16486,1.16493,1.16481,1.1648500000000002,1.165,1.16509,1.16496,1.165,103
2026-01-09 01:57:00,1.1648500000000002,1.16488,1.16477,1.1648,1.165,1.16502,1.16491,1.16494,114
2026-01-09 01:58:00,1.1648,1.1649,1.1647900000000002,1.1648500000000002,1.16494,1.16503,1.16493,1.165,131
2026-01-09 01:59:00,1.1648500000000002,1.16488,1.1648,1.16486,1.165,1.16503,1.16494,1.165,118
2026-01-09 02:00:00,1.16486,1.16501,1.16486,1.16498,1.165,1.16515,1.165,1.16512,130
2026-01-09 02:01:00,1.16498,1.16501,1.16496,1.165,1.16512,1.16516,1.16511,1.16513,80
2026-01-09 02:02:00,1.165,1.165,1.1648900000000002,1.1649,1.16513,1.16515,1.16502,1.16504,78
2026-01-09 02:03:00,1.1649,1.16497,1.1648900000000002,1.1649,1.16504,1.16511,1.16502,1.16504,73
2026-01-09 02:04:00,1.1649,1.16491,1.1648500000000002,1.1648900000000002,1.16504,1.16505,1.165,1.16502,56
2026-01-09 02:05:00,1.1648900000000002,1.1648900000000002,1.16478,1.16478,1.16502,1.16503,1.16491,1.16491,81
2026-01-09 02:06:00,1.16478,1.16486,1.16478,1.1648,1.16491,1.165,1.16491,1.16495,55
2026-01-09 02:07:00,1.1648,1.16496,1.1648,1.1649,1.16495,1.1651,1.16495,1.16504,72
2026-01-09 02:08:00,1.1649,1.1649,1.16478,1.16478,1.16504,1.16505,1.16491,1.16493,71
2026-01-09 02:09:00,1.16478,1.16478,1.16474,1.1647500000000002,1.16493,1.16493,1.16488,1.16489,47
2026-01-09 02:10:00,1.1647500000000002,1.1648200000000002,1.16474,1.16476,1.16489,1.16495,1.16488,1.16489,56
2026-01-09 02:11:00,1.16476,1.16477,1.1646200000000002,1.1646500000000002,1.16489,1.1649,1.16476,1.16477,141
2026-01-09 02:12:00,1.1646500000000002,1.1646500000000002,1.1645500000000002,1.16456,1.16477,1.16479,1.1647,1.1647,111
2026-01-09 02:13:00,1.16456,1.16463,1.1645500000000002,1.16461,1.1647,1.16477,1.16469,1.16474,83
2026-01-09 02:14:00,1.16461,1.16463,1.1645500000000002,1.16457,1.16474,1.16476,1.16469,1.16472,98
2026-01-09 02:15:00,1.16457,1.16461,1.1645500000000002,1.1646,1.16472,1.16475,1.16468,1.16474,74
2026-01-09 02:16:00,1.1646,1.1646,1.16456,1.16456,1.16474,1.16475,1.1647,1.16471,90
2026-01-09 02:17:00,1.16456,1.1646,1.16456,1.1646,1.16471,1.16474,1.16469,1.16474,55
2026-01-09 02:18:00,1.1646,1.16476,1.16459,1.1647,1.16474,1.1649,1.16474,1.16485,92
2026-01-09 02:19:00,1.1647,1.1647200000000002,1.16466,1.1647200000000002,1.16485,1.16485,1.1648,1.16484,104
2026-01-09 02:20:00,1.1647200000000002,1.1647900000000002,1.1647,1.1647900000000002,1.16484,1.16493,1.16482,1.16492,81
2026-01-09 02:21:00,1.1647900000000002,1.16483,1.16478,1.1648200000000002,1.16492,1.16498,1.16491,1.16498,93
2026-01-09 02:22:00,1.1648200000000002,1.16491,1.1648200000000002,1.16491,1.16498,1.16507,1.16497,1.16505,63
2026-01-09 02:23:00,1.16491,1.16501,1.16491,1.1649500000000002,1.16505,1.16514,1.16505,1.1651,40
2026-01-09 02:24:00,1.1649500000000002,1.1649900000000002,1.16493,1.16493,1.1651,1.16513,1.16506,1.16508,66
2026-01-09 02:25:00,1.16493,1.1649500000000002,1.16488,1.1649,1.16508,1.16509,1.16502,1.16504,148
2026-01-09 02:26:00,1.1649,1.16491,1.16478,1.16481,1.16504,1.16506,1.16492,1.16495,77
2026-01-09 02:27:00,1.16481,1.1649,1.16481,1.16487,1.16495,1.16505,1.16495,1.16501,37
2026-01-09 02:28:00,1.16487,1.16488,1.16481,1.16483,1.16501,1.16501,1.16495,1.16498,48
2026-01-09 02:29:00,1.16483,1.16493,1.16483,1.1649200000000002,1.16498,1.16508,1.16498,1.16506,63
2026-01-09 02:30:00,1.1649200000000002,1.16505,1.1649200000000002,1.1650200000000002,1.16506,1.16519,1.16506,1.16515,108
2026-01-09 02:31:00,1.1650200000000002,1.1650600000000002,1.1650200000000002,1.16503,1.16515,1.16519,1.16515,1.16516,98
2026-01-09 02:32:00,1.16503,1.16505,1.1649900000000002,1.16505,1.16516,1.16518,1.16511,1.16517,72
2026-01-09 02:33:00,1.16505,1.16505,1.1649900000000002,1.16505,1.16517,1.16518,1.16511,1.16517,39
2026-01-09 02:34:00,1.16505,1.1650900000000002,1.16504,1.1650900000000002,1.16517,1.16522,1.16516,1.16522,57
2026-01-09 02:35:00,1.1650900000000002,1.16521,1.16507,1.16521,1.16522,1.16533,1.1652,1.16533,78
2026-01-09 02:36:00,1.16521,1.16521,1.16517,1.1651900000000002,1.16533,1.16533,1.16529,1.16532,46
2026-01-09 02:37:00,1.1651900000000002,1.1652,1.16508,1.1650900000000002,1.16532,1.16532,1.1652,1.16521,83
2026-01-09 02:38:00,1.1650900000000002,1.1650900000000002,1.16494,1.1649900000000002,1.16521,1.16521,1.16507,1.16512,106
2026-01-09 02:39:00,1.1649900000000002,1.1649900000000002,1.1649200000000002,1.1649500000000002,1.16512,1.16512,1.16504,1.16507,33
2026-01-09 02:40:00,1.1649500000000002,1.16501,1.16493,1.1649500000000002,1.16507,1.16514,1.16505,1.16509,81
2026-01-09 02:41:00,1.1649500000000002,1.1649500000000002,1.1648900000000002,1.16494,1.16509,1.1651,1.16503,1.16507,118
2026-01-09 02:42:00,1.16494,1.1650200000000002,1.16494,1.16494,1.16507,1.16516,1.16507,1.16509,82
2026-01-09 02:43:00,1.16494,1.1650200000000002,1.16494,1.165,1.16509,1.16517,1.16508,1.16514,64
2026-01-09 02:44:00,1.165,1.1651600000000002,1.165,1.16515,1.16514,1.16529,1.16514,1.16529,85
2026-01-09 02:45:00,1.16515,1.16521,1.16511,1.1651900000000002,1.16529,1.16535,1.16525,1.16532,115
2026-01-09 02:46:00,1.1651900000000002,1.16522,1.16518,1.16518,1.16532,1.16535,1.1653,1.1653,31
2026-01-09 02:47:00,1.16518,1.16522,1.16517,1.16521,1.1653,1.16534,1.16529,1.16533,47
2026-01-09 02:48:00,1.16521,1.1652600000000002,1.1652,1.16524,1.16533,1.1654,1.16532,1.16537,81
2026-01-09 02:49:00,1.16524,1.16525,1.16522,1.1652300000000002,1.16537,1.16539,1.16534,1.16536,90
2026-01-09 02:50:00,1.1652300000000002,1.1654000000000002,1.1652300000000002,1.16539,1.16536,1.16553,1.16536,1.16553,73
2026-01-09 02:51:00,1.16539,1.16539,1.1653,1.1653,1.16553,1.16553,1.16542,1.16543,97
2026-01-09 02:52:00,1.1653,1.16532,1.16527,1.1653,1.16543,1.16547,1.16541,1.16542,48
2026-01-09 02:53:00,1.1653,1.1653600000000002,1.1652600000000002,1.16527,1.16542,1.16549,1.16539,1.16539,67
2026-01-09 02:54:00,1.16527,1.16534,1.16525,1.16534,1.16539,1.16547,1.16537,1.16546,109
2026-01-09 02:55:00,1.16534,1.16539,1.16532,1.16538,1.16546,1.16554,1.16545,1.16551,122
2026-01-09 02:56:00,1.16538,1.16539,1.1653,1.1653600000000002,1.16551,1.16552,1.16542,1.1654799999999998,162
2026-01-09 02:57:00,1.1653600000000002,1.1654000000000002,1.16534,1.1654000000000002,1.1654799999999998,1.16554,1.16546,1.16554,125
2026-01-09 02:58:00,1.1654000000000002,1.16541,1.1653300000000002,1.16534,1.16554,1.16554,1.16546,1.16547,97
2026-01-09 02:59:00,1.16534,1.16538,1.1653300000000002,1.16537,1.16547,1.16552,1.16546,1.16551,73
2026-01-09 03:00:00,1.16537,1.1654600000000002,1.16537,1.16542,1.16551,1.1656,1.1655,1.16555,88
2026-01-09 03:01:00,1.16542,1.1654300000000002,1.16537,1.16537,1.16555,1.16557,1.1655,1.1655,142
2026-01-09 03:02:00,1.16537,1.16539,1.1653,1.1653600000000002,1.1655,1.16553,1.16544,1.1655,129
2026-01-09 03:03:00,1.1653600000000002,1.16538,1.16534,1.16534,1.1655,1.16551,1.1654799999999998,1.1654799999999998,57
2026-01-09 03:04:00,1.16534,1.16541,1.1653300000000002,1.1654000000000002,1.1654799999999998,1.16556,1.1654799999999998,1.16555,85
2026-01-09 03:05:00,1.1654000000000002,1.16545,1.16539,1.16545,1.16555,1.16559,1.16553,1.16559,103
2026-01-09 03:06:00,1.16545,1.16554,1.16544,1.1655300000000002,1.16559,1.16568,1.16559,1.16567,87
2026-01-09 03:07:00,1.1655300000000002,1.16558,1.1655300000000002,1.16554,1.16567,1.16573,1.16566,1.16568,43
2026-01-09 03:08:00,1.16554,1.16561,1.1655300000000002,1.16561,1.16568,1.16575,1.16566,1.16574,82
2026-01-09 03:09:00,1.16561,1.16564,1.16557,1.1656300000000002,1.16574,1.16578,1.1657,1.16578,106
2026-01-09 03:10:00,1.1656300000000002,1.1656700000000002,1.1656300000000002,1.16565,1.16578,1.1658,1.16578,1.16579,49
2026-01-09 03:11:00,1.16565,1.16575,1.16562,1.16572,1.16579,1.1659,1.16576,1.16586,90
2026-01-09 03:12:00,1.16572,1.16575,1.16571,1.16574,1.16586,1.1659,1.16585,1.16588,69
2026-01-09 03:13:00,1.16574,1.16581,1.16574,1.16576,1.16588,1.16596,1.16588,1.16589,71
2026-01-09 03:14:00,1.16576,1.16576,1.1656700000000002,1.1657000000000002,1.16589,1.16589,1.16581,1.16585,82
2026-01-09 03:15:00,1.1657000000000002,1.1657700000000002,1.16568,1.16571,1.16585,1.16591,1.16581,1.16584,92
2026-01-09 03:16:00,1.16571,1.16578,1.1657000000000002,1.16575,1.16584,1.16591,1.16583,1.16589,61
2026-01-09 03:17:00,1.16575,1.16581,1.16574,1.16579,1.16589,1.16596,1.16588,1.16594,60
2026-01-09 03:18:00,1.16579,1.16585,1.16568,1.16568,1.16594,1.166,1.16581,1.16582,70
2026-01-09 03:19:00,1.16568,1.16581,1.16568,1.1658000000000002,1.16582,1.16596,1.16582,1.16594,60
2026-01-09 03:20:00,1.1658000000000002,1.1658000000000002,1.16569,1.16569,1.16594,1.16594,1.16583,1.16583,44
2026-01-09 03:21:00,1.16569,1.16572,1.16569,1.16571,1.16583,1.16587,1.16583,1.16585,69
2026-01-09 03:22:00,1.16571,1.16574,1.16568,1.16568,1.16585,1.16589,1.16582,1.16583,97
2026-01-09 03:23:00,1.16568,1.16568,1.16559,1.16559,1.16583,1.16583,1.16573,1.16574,43
2026-01-09 03:24:00,1.16559,1.1656000000000002,1.16554,1.1656000000000002,1.16574,1.16574,1.16568,1.16574,45
2026-01-09 03:25:00,1.1656000000000002,1.16566,1.16559,1.16561,1.16574,1.16579,1.16574,1.16576,47
2026-01-09 03:26:00,1.16561,1.16561,1.1655300000000002,1.16558,1.16576,1.16576,1.16568,1.16573,74
2026-01-09 03:27:00,1.16558,1.1656000000000002,1.1655300000000002,1.16559,1.16573,1.16575,1.16567,1.16574,52
2026-01-09 03:28:00,1.16559,1.16565,1.16559,1.1656300000000002,1.16574,1.1658,1.16574,1.16576,53
2026-01-09 03:29:00,1.1656300000000002,1.1656300000000002,1.1656000000000002,1.1656000000000002,1.16576,1.16576,1.16573,1.16574,26
2026-01-09 03:30:00,1.1656000000000002,1.1656000000000002,1.1654600000000002,1.16548,1.16574,1.16575,1.16559,1.16562,78
2026-01-09 03:31:00,1.16548,1.16555,1.1654600000000002,1.16555,1.16562,1.16568,1.1656,1.16568,60
2026-01-09 03:32:00,1.16555,1.1656700000000002,1.1655300000000002,1.1656700000000002,1.16568,1.16581,1.16567,1.1658,70
2026-01-09 03:33:00,1.1656700000000002,1.1657000000000002,1.1656700000000002,1.16569,1.1658,1.16584,1.1658,1.16583,69
2026-01-09 03:34:00,1.16569,1.16575,1.16568,1.16569,1.16583,1.16589,1.16583,1.16583,69
2026-01-09 03:35:00,1.16569,1.16575,1.16568,1.16568,1.16583,1.16589,1.1658,1.16581,70
2026-01-09 03:36:00,1.16568,1.16569,1.1656300000000002,1.16566,1.16581,1.16583,1.16577,1.16581,80
2026-01-09 03:37:00,1.16566,1.16574,1.16562,1.16574,1.16581,1.16588,1.16576,1.16588,78
2026-01-09 03:38:00,1.16574,1.16575,1.16566,1.16571,1.16588,1.16589,1.1658,1.16585,89
2026-01-09 03:39:00,1.16571,1.16576,1.16571,1.16574,1.16585,1.1659,1.16585,1.16589,99
2026-01-09 03:40:00,1.16574,1.16576,1.16569,1.16569,1.16589,1.1659,1.16583,1.16583,55
2026-01-09 03:41:00,1.16569,1.16572,1.16564,1.16564,1.16583,1.16586,1.16577,1.16578,40
2026-01-09 03:42:00,1.16564,1.1656700000000002,1.16564,1.1656700000000002,1.16578,1.16582,1.16578,1.1658,47
2026-01-09 03:43:00,1.1656700000000002,1.1656700000000002,1.16565,1.16566,1.1658,1.16581,1.16578,1.1658,29
2026-01-09 03:44:00,1.16566,1.16566,1.16566,1.16566,1.1658,1.1658,1.16578,1.1658,12
2026-01-09 03:45:00,1.16566,1.1656700000000002,1.16566,1.16566,1.1658,1.1658,1.16578,1.16579,13
2026-01-09 03:46:00,1.16566,1.16566,1.16555,1.16558,1.16579,1.16579,1.16568,1.16571,79
2026-01-09 03:47:00,1.16558,1.16558,1.16551,1.16554,1.16571,1.16572,1.16564,1.16568,38
2026-01-09 03:48:00,1.16554,1.1655600000000002,1.16554,1.16555,1.16568,1.16569,1.16568,1.16569,15
2026-01-09 03:49:00,1.16555,1.16555,1.1655000000000002,1.1655000000000002,1.16569,1.16569,1.16563,1.16564,43
2026-01-09 03:50:00,1.1655000000000002,1.16551,1.16545,1.1655000000000002,1.16564,1.16564,1.16559,1.16563,24
2026-01-09 03:51:00,1.1655000000000002,1.1655600000000002,1.1655000000000002,1.16554,1.16563,1.16569,1.16563,1.16568,18
2026-01-09 03:52:00,1.16554,1.16562,1.16554,1.16562,1.16568,1.16576,1.16567,1.16575,18
2026-01-09 03:53:00,1.16562,1.16562,1.16551,1.16554,1.16575,1.16576,1.16564,1.16568,48
2026-01-09 03:54:00,1.16554,1.1655600000000002,1.16554,1.16554,1.16568,1.1657,1.16567,1.16568,33
2026-01-09 03:55:00,1.16554,1.1656300000000002,1.16554,1.16562,1.16568,1.16577,1.16568,1.16576,79
2026-01-09 03:56:00,1.16562,1.16562,1.16559,1.1656000000000002,1.16576,1.16577,1.16573,1.16575,66
2026-01-09 03:57:00,1.1656000000000002,1.1656300000000002,1.16555,1.16559,1.16575,1.16577,1.16567,1.16572,78
2026-01-09 03:58:00,1.16559,1.1656000000000002,1.16551,1.16554,1.16572,1.16574,1.16563,1.16568,74
2026-01-09 03:59:00,1.16554,1.16557,1.16554,1.16555,1.16568,1.16572,1.16567,1.16569,61
2026-01-09 04:00:00,1.16555,1.1656300000000002,1.16554,1.16562,1.16569,1.16577,1.16567,1.16575,82
2026-01-09 04:01:00,1.16562,1.16562,1.16539,1.1654000000000002,1.16575,1.16576,1.16553,1.16555,122
2026-01-09 04:02:00,1.1654000000000002,1.16548,1.16539,1.16541,1.16555,1.16562,1.16554,1.16555,94
2026-01-09 04:03:00,1.16541,1.16541,1.1653600000000002,1.1654000000000002,1.16555,1.16555,1.1655,1.16555,86
2026-01-09 04:04:00,1.1654000000000002,1.16541,1.1654000000000002,1.1654000000000002,1.16555,1.16555,1.16553,1.16554,20
2026-01-09 04:05:00,1.1654000000000002,1.16548,1.1654000000000002,1.16547,1.16554,1.16562,1.16554,1.16561,39
2026-01-09 04:06:00,1.16547,1.16549,1.1654000000000002,1.16542,1.16561,1.16562,1.16554,1.16555,46
2026-01-09 04:07:00,1.16542,1.16542,1.1652900000000002,1.1653,1.16555,1.16555,1.16543,1.16546,85
2026-01-09 04:08:00,1.1653,1.16534,1.1653,1.16532,1.16546,1.16547,1.16544,1.16546,47
2026-01-09 04:09:00,1.16532,1.1653300000000002,1.16528,1.16531,1.16546,1.16546,1.16542,1.16544,102
2026-01-09 04:10:00,1.16531,1.16537,1.1653,1.16537,1.16544,1.16551,1.16543,1.16551,91
2026-01-09 04:11:00,1.16537,1.16537,1.16532,1.16537,1.16551,1.16553,1.1654799999999998,1.16552,41
2026-01-09 04:12:00,1.16537,1.16538,1.1652900000000002,1.1653,1.16552,1.16552,1.16543,1.16545,67
2026-01-09 04:13:00,1.1653,1.1653600000000002,1.1652900000000002,1.16531,1.16545,1.1655,1.16543,1.16544,43
2026-01-09 04:14:00,1.16531,1.16531,1.1652900000000002,1.1653,1.16544,1.16545,1.16542,1.16543,35
2026-01-09 04:15:00,1.1653,1.16531,1.16524,1.16528,1.16543,1.16545,1.16539,1.16543,63
2026-01-09 04:16:00,1.16528,1.16528,1.1652300000000002,1.16524,1.16543,1.16543,1.16538,1.16538,29
2026-01-09 04:17:00,1.16524,1.16525,1.1651600000000002,1.16517,1.16538,1.1654,1.16531,1.16531,74
2026-01-09 04:18:00,1.16517,1.1652,1.16513,1.1651600000000002,1.16531,1.16534,1.16527,1.16531,56
2026-01-09 04:19:00,1.1651600000000002,1.16521,1.16515,1.1652,1.16531,1.16535,1.1653,1.16535,62
2026-01-09 04:20:00,1.1652,1.16522,1.1651900000000002,1.1652,1.16535,1.16536,1.16532,1.16535,60
2026-01-09 04:21:00,1.1652,1.1652900000000002,1.1651900000000002,1.16528,1.16535,1.16543,1.16533,1.16543,67
2026-01-09 04:22:00,1.16528,1.1653,1.16525,1.1652600000000002,1.16543,1.16544,1.16539,1.16541,46
2026-01-09 04:23:00,1.1652600000000002,1.1653,1.16525,1.1653,1.16541,1.16544,1.16539,1.16543,53
2026-01-09 04:24:00,1.1653,1.1653300000000002,1.1652900000000002,1.16532,1.16543,1.16547,1.16542,1.16544,32
2026-01-09 04:25:00,1.16532,1.1653300000000002,1.1652900000000002,1.1653300000000002,1.16544,1.16547,1.16542,1.16546,46
2026-01-09 04:26:00,1.1653300000000002,1.16534,1.16532,1.16532,1.16546,1.1654799999999998,1.16545,1.16545,43
2026-01-09 04:27:00,1.16532,1.16537,1.1652900000000002,1.1653600000000002,1.16545,1.16551,1.16544,1.1655,39
2026-01-09 04:28:00,1.1653600000000002,1.16541,1.16535,1.16541,1.1655,1.16554,1.1655,1.16554,36
2026-01-09 04:29:00,1.16541,1.1654300000000002,1.1653600000000002,1.16541,1.16554,1.16556,1.1655,1.16554,72
2026-01-09 04:30:00,1.16541,1.16544,1.16539,1.16542,1.16554,1.16557,1.16552,1.16555,37
2026-01-09 04:31:00,1.16542,1.16542,1.1653600000000002,1.16539,1.16555,1.16555,1.16549,1.16552,46
2026-01-09 04:32:00,1.16539,1.16542,1.16537,1.16537,1.16552,1.16556,1.16549,1.1655,36
2026-01-09 04:33:00,1.16537,1.16539,1.16537,1.16538,1.1655,1.16553,1.1655,1.16552,21
2026-01-09 04:34:00,1.16538,1.16539,1.16538,1.16539,1.16552,1.16552,1.16551,1.16552,27
2026-01-09 04:35:00,1.16539,1.1654600000000002,1.16539,1.16541,1.16552,1.16558,1.16551,1.16553,42
2026-01-09 04:36:00,1.16541,1.16542,1.16539,1.1654000000000002,1.16553,1.16554,1.16552,1.16552,21
2026-01-09 04:37:00,1.1654000000000002,1.1654000000000002,1.16538,1.16538,1.16552,1.16553,1.16551,1.16551,37
2026-01-09 04:38:00,1.16538,1.16545,1.16537,1.16545,1.16551,1.1656,1.16551,1.16558,36
2026-01-09 04:39:00,1.16545,1.16547,1.16544,1.16544,1.16558,1.1656,1.16557,1.16558,28
2026-01-09 04:40:00,1.16544,1.1654600000000002,1.16544,1.16545,1.16558,1.1656,1.16557,1.16559,47
2026-01-09 04:41:00,1.16545,1.1655300000000002,1.16544,1.16551,1.16559,1.16567,1.16558,1.16567,37
2026-01-09 04:42:00,1.16551,1.16552,1.16541,1.16541,1.16567,1.16567,1.16555,1.16556,77
2026-01-09 04:43:00,1.16541,1.16544,1.1654000000000002,1.1654300000000002,1.16556,1.16559,1.16554,1.16559,27
2026-01-09 04:44:00,1.1654300000000002,1.1654300000000002,1.16535,1.16539,1.16559,1.16559,1.16549,1.16554,48
2026-01-09 04:45:00,1.16539,1.16539,1.16531,1.16539,1.16554,1.16555,1.16544,1.16552,66
2026-01-09 04:46:00,1.16539,1.16539,1.1653300000000002,1.16534,1.16552,1.16552,1.16546,1.16547,37
2026-01-09 04:47:00,1.16534,1.16535,1.16531,1.16534,1.16547,1.1654799999999998,1.16543,1.1654799999999998,52
2026-01-09 04:48:00,1.16534,1.16544,1.1653,1.16537,1.1654799999999998,1.16559,1.16542,1.16551,77
2026-01-09 04:49:00,1.16537,1.16544,1.16537,1.1654300000000002,1.16551,1.16558,1.16551,1.16558,39
2026-01-09 04:50:00,1.1654300000000002,1.16545,1.16539,1.1654000000000002,1.16558,1.16559,1.16552,1.16554,76
2026-01-09 04:51:00,1.1654000000000002,1.16544,1.16537,1.1654000000000002,1.16554,1.16557,1.1655,1.16553,123
2026-01-09 04:52:00,1.1654000000000002,1.16541,1.1653600000000002,1.1653600000000002,1.16553,1.16554,1.16549,1.1655,48
2026-01-09 04:53:00,1.1653600000000002,1.1654600000000002,1.1653600000000002,1.1654300000000002,1.1655,1.16559,1.16549,1.16557,85
2026-01-09 04:54:00,1.1654300000000002,1.1654300000000002,1.1653600000000002,1.1653600000000002,1.16557,1.16558,1.16549,1.16549,44
2026-01-09 04:55:00,1.1653600000000002,1.1653600000000002,1.1653300000000002,1.16534,1.16549,1.1655,1.16546,1.16547,63
2026-01-09 04:56:00,1.16534,1.16538,1.16534,1.16535,1.16547,1.16552,1.16547,1.1655,46
2026-01-09 04:57:00,1.16535,1.16539,1.16534,1.16538,1.1655,1.16552,1.1654799999999998,1.16551,49
2026-01-09 04:58:00,1.16538,1.1654000000000002,1.16537,1.1654000000000002,1.16551,1.16554,1.1655,1.16553,42
2026-01-09 04:59:00,1.1654000000000002,1.1654000000000002,1.16535,1.1653600000000002,1.16553,1.16553,1.1654799999999998,1.16549,50
2026-01-09 05:00:00,1.1653600000000002,1.16542,1.1652900000000002,1.16542,1.16549,1.16555,1.16542,1.16554,79
2026-01-09 05:01:00,1.16542,1.1654300000000002,1.16532,1.16535,1.16554,1.16555,1.16545,1.1654799999999998,95
2026-01-09 05:02:00,1.16535,1.16538,1.16535,1.16537,1.1654799999999998,1.16552,1.1654799999999998,1.16551,87
2026-01-09 05:03:00,1.16537,1.16541,1.1653,1.1653,1.16551,1.16554,1.16543,1.16544,83
2026-01-09 05:04:00,1.1653,1.1654300000000002,1.1652600000000002,1.16539,1.16544,1.16557,1.1654,1.16554,142
2026-01-09 05:05:00,1.16539,1.16555,1.16539,1.16552,1.16554,1.1657,1.16554,1.16566,140
2026-01-09 05:06:00,1.16552,1.16554,1.1655000000000002,1.16554,1.16566,1.16569,1.16563,1.16569,57
2026-01-09 05:07:00,1.16554,1.16554,1.1655300000000002,1.1655300000000002,1.16569,1.16569,1.16567,1.16568,18
2026-01-09 05:08:00,1.1655300000000002,1.16555,1.16541,1.16541,1.16568,1.16568,1.16553,1.16553,76
2026-01-09 05:09:00,1.16541,1.16541,1.16534,1.16534,1.16553,1.16554,1.1654799999999998,1.1654799999999998,37
2026-01-09 05:10:00,1.16534,1.16538,1.16534,1.1653600000000002,1.1654799999999998,1.16552,1.16547,1.1655,28
2026-01-09 05:11:00,1.1653600000000002,1.16537,1.16535,1.16537,1.1655,1.16552,1.1655,1.16551,40
2026-01-09 05:12:00,1.16537,1.16537,1.16534,1.16534,1.16551,1.16551,1.1654799999999998,1.16549,30
2026-01-09 05:13:00,1.16534,1.16535,1.16532,1.16535,1.16549,1.1655,1.16546,1.1654799999999998,49
2026-01-09 05:14:00,1.16535,1.16535,1.16534,1.16534,1.1654799999999998,1.16549,1.1654799999999998,1.1654799999999998,46
2026-01-09 05:15:00,1.16534,1.16535,1.1653300000000002,1.1653300000000002,1.1654799999999998,1.16549,1.16547,1.1654799999999998,46
2026-01-09 05:16:00,1.1653300000000002,1.16549,1.16531,1.16549,1.1654799999999998,1.16564,1.16545,1.16563,91
2026-01-09 05:17:00,1.16549,1.16549,1.16537,1.16541,1.16563,1.16564,1.16552,1.16554,37
2026-01-09 05:18:00,1.16541,1.16541,1.1653300000000002,1.16534,1.16554,1.16554,1.16547,1.1654799999999998,76
2026-01-09 05:19:00,1.16534,1.16535,1.16534,1.16535,1.1654799999999998,1.16551,1.16547,1.16549,27
2026-01-09 05:20:00,1.16535,1.16535,1.16525,1.16527,1.16549,1.16551,1.16538,1.16541,71
2026-01-09 05:21:00,1.16527,1.16535,1.1652600000000002,1.16534,1.16541,1.16549,1.16541,1.16547,40
2026-01-09 05:22:00,1.16534,1.16535,1.16534,1.16534,1.16547,1.16549,1.16547,1.16549,26
2026-01-09 05:23:00,1.16534,1.16535,1.1653,1.1653,1.16549,1.16549,1.16543,1.16543,35
2026-01-09 05:24:00,1.1653,1.1653,1.16524,1.16528,1.16543,1.16544,1.16538,1.16544,24
2026-01-09 05:25:00,1.16528,1.16531,1.16528,1.16531,1.16544,1.16545,1.16543,1.16545,26
2026-01-09 05:26:00,1.16531,1.1653600000000002,1.1653,1.16531,1.16545,1.16551,1.16543,1.16546,51
2026-01-09 05:27:00,1.16531,1.16531,1.1652900000000002,1.1653,1.16546,1.16546,1.16543,1.16545,12
2026-01-09 05:28:00,1.1653,1.1653,1.1651900000000002,1.16524,1.16545,1.16545,1.16534,1.16538,81
2026-01-09 05:29:00,1.16524,1.16527,1.1652300000000002,1.16524,1.16538,1.16542,1.16537,1.16538,44
2026-01-09 05:30:00,1.16524,1.16531,1.16501,1.16504,1.16538,1.16546,1.16515,1.16519,118
2026-01-09 05:31:00,1.16504,1.16511,1.16503,1.1650900000000002,1.16519,1.16525,1.16517,1.16523,79
2026-01-09 05:32:00,1.1650900000000002,1.1651200000000002,1.16508,1.16511,1.16523,1.16525,1.16522,1.16524,95
2026-01-09 05:33:00,1.16511,1.1651200000000002,1.16504,1.1651,1.16524,1.16525,1.16518,1.16524,90
2026-01-09 05:34:00,1.1651,1.16511,1.16505,1.16507,1.16524,1.16524,1.16518,1.1652,75
2026-01-09 05:35:00,1.16507,1.16507,1.1649500000000002,1.16497,1.1652,1.16522,1.16509,1.1651,78
2026-01-09 05:36:00,1.16497,1.165,1.16496,1.165,1.1651,1.16513,1.16508,1.16513,35
2026-01-09 05:37:00,1.165,1.16505,1.1649900000000002,1.16505,1.16513,1.16519,1.16513,1.16519,49
2026-01-09 05:38:00,1.16505,1.1650900000000002,1.1650200000000002,1.16507,1.16519,1.16523,1.16515,1.1652,73
2026-01-09 05:39:00,1.16507,1.16507,1.16501,1.16501,1.1652,1.16521,1.16514,1.16514,41
2026-01-09 05:40:00,1.16501,1.1651,1.16501,1.16505,1.16514,1.16523,1.16514,1.16518,59
2026-01-09 05:41:00,1.16505,1.16508,1.16504,1.16507,1.16518,1.16522,1.16518,1.16522,20
2026-01-09 05:42:00,1.16507,1.1650900000000002,1.16504,1.1650600000000002,1.16522,1.16523,1.16518,1.16519,28
2026-01-09 05:43:00,1.1650600000000002,1.1651,1.16505,1.1650600000000002,1.16519,1.16524,1.16519,1.16519,25
2026-01-09 05:44:00,1.1650600000000002,1.16508,1.16505,1.1650600000000002,1.16519,1.16521,1.16518,1.16519,34
2026-01-09 05:45:00,1.1650600000000002,1.1650600000000002,1.16498,1.16501,1.16519,1.1652,1.16511,1.16515,55
2026-01-09 05:46:00,1.16501,1.1650600000000002,1.16501,1.1650200000000002,1.16515,1.1652,1.16515,1.16517,38
2026-01-09 05:47:00,1.1650200000000002,1.1650900000000002,1.1650200000000002,1.1650900000000002,1.16517,1.16523,1.16516,1.16523,29
2026-01-09 05:48:00,1.1650900000000002,1.16515,1.1650900000000002,1.1651200000000002,1.16523,1.16529,1.16522,1.16526,21
2026-01-09 05:49:00,1.1651200000000002,1.1651200000000002,1.16504,1.1651,1.16526,1.16527,1.16518,1.16524,49
2026-01-09 05:50:00,1.1651,1.1651200000000002,1.16507,1.1651,1.16524,1.16526,1.1652,1.16523,56
2026-01-09 05:51:00,1.1651,1.16511,1.16505,1.16507,1.16523,1.16525,1.16518,1.16521,65
2026-01-09 05:52:00,1.16507,1.16508,1.16505,1.1650600000000002,1.16521,1.16522,1.16519,1.1652,30
2026-01-09 05:53:00,1.1650600000000002,1.1650600000000002,1.165,1.165,1.1652,1.1652,1.16514,1.16514,28
2026-01-09 05:54:00,1.165,1.16501,1.1649500000000002,1.1649500000000002,1.16514,1.16516,1.16509,1.16509,27
2026-01-09 05:55:00,1.1649500000000002,1.1649900000000002,1.1649500000000002,1.16497,1.16509,1.16514,1.16508,1.16511,35
2026-01-09 05:56:00,1.16497,1.16503,1.16494,1.165,1.16511,1.16517,1.16509,1.16514,39
2026-01-09 05:57:00,1.165,1.16503,1.16496,1.1649900000000002,1.16514,1.16517,1.1651,1.16513,36
2026-01-09 05:58:00,1.1649900000000002,1.1650900000000002,1.16497,1.16501,1.16513,1.16524,1.16511,1.16514,117
2026-01-09 05:59:00,1.16501,1.16505,1.16501,1.16504,1.16514,1.1652,1.16514,1.16519,76
2026-01-09 06:00:00,1.16504,1.1650600000000002,1.16488,1.1649200000000002,1.16519,1.16521,1.16501,1.16506,283
2026-01-09 06:01:00,1.1649200000000002,1.16507,1.1649,1.16507,1.16506,1.1652,1.16502,1.1652,159
2026-01-09 06:02:00,1.16507,1.16507,1.1650200000000002,1.16505,1.1652,1.16521,1.16514,1.16519,88
2026-01-09 06:03:00,1.16505,1.16515,1.16505,1.16515,1.16519,1.16528,1.16519,1.16528,102
2026-01-09 06:04:00,1.16515,1.16517,1.1651,1.16515,1.16528,1.16532,1.16524,1.16528,123
2026-01-09 06:05:00,1.16515,1.1651900000000002,1.16513,1.16518,1.16528,1.16533,1.16525,1.1653,169
2026-01-09 06:06:00,1.16518,1.1652,1.16511,1.16517,1.1653,1.16534,1.16524,1.16531,93
2026-01-09 06:07:00,1.16517,1.16517,1.1649900000000002,1.165,1.16531,1.16532,1.16512,1.16512,59
2026-01-09 06:08:00,1.165,1.165,1.16488,1.1649500000000002,1.16512,1.16513,1.16503,1.16511,80
2026-01-09 06:09:00,1.1649500000000002,1.16497,1.1648900000000002,1.16491,1.16511,1.16511,1.16503,1.16506,129
2026-01-09 06:10:00,1.16491,1.16494,1.16488,1.16491,1.16506,1.16509,1.16503,1.16507,56
2026-01-09 06:11:00,1.16491,1.16494,1.16484,1.16486,1.16507,1.16508,1.16498,1.165,63
2026-01-09 06:12:00,1.16486,1.16486,1.1648,1.16484,1.165,1.165,1.16493,1.16498,58
2026-01-09 06:13:00,1.16484,1.1648900000000002,1.1647900000000002,1.1648200000000002,1.16498,1.16502,1.16493,1.16496,87
2026-01-09 06:14:00,1.1648200000000002,1.1649200000000002,1.1648200000000002,1.16488,1.16496,1.16505,1.16495,1.16501,76
2026-01-09 06:15:00,1.16488,1.16491,1.1648500000000002,1.16486,1.16501,1.16505,1.16499,1.16499,37
2026-01-09 06:16:00,1.16486,1.16493,1.1648500000000002,1.16493,1.16499,1.16506,1.16499,1.16506,57
2026-01-09 06:17:00,1.16493,1.16501,1.16488,1.16497,1.16506,1.16514,1.16502,1.1651,71
2026-01-09 06:18:00,1.16497,1.16498,1.1648500000000002,1.1649,1.1651,1.16512,1.16499,1.16503,61
2026-01-09 06:19:00,1.1649,1.16498,1.1649,1.1649500000000002,1.16503,1.16512,1.16503,1.16511,62
2026-01-09 06:20:00,1.1649500000000002,1.16497,1.1649,1.1649,1.16511,1.16512,1.16503,1.16505,96
2026-01-09 06:21:00,1.1649,1.16491,1.1648500000000002,1.16487,1.16505,1.16505,1.16499,1.16501,43
2026-01-09 06:22:00,1.16487,1.16488,1.16478,1.1648,1.16501,1.16501,1.16491,1.16493,87
2026-01-09 06:23:00,1.1648,1.16498,1.1647900000000002,1.16496,1.16493,1.1651,1.16493,1.16508,68
2026-01-09 06:24:00,1.16496,1.16496,1.1649200000000002,1.1649200000000002,1.16508,1.16509,1.16506,1.16506,24
2026-01-09 06:25:00,1.1649200000000002,1.1649500000000002,1.1649200000000002,1.1649500000000002,1.16506,1.16508,1.16506,1.16508,14
2026-01-09 06:26:00,1.1649500000000002,1.1650600000000002,1.1649500000000002,1.1650600000000002,1.16508,1.16519,1.16508,1.16519,17
2026-01-09 06:27:00,1.1650600000000002,1.16511,1.16501,1.1650200000000002,1.16519,1.16524,1.16514,1.16516,60
2026-01-09 06:28:00,1.1650200000000002,1.1651,1.165,1.16504,1.16516,1.16524,1.16513,1.16518,46
2026-01-09 06:29:00,1.16504,1.16504,1.165,1.1650200000000002,1.16518,1.16518,1.16514,1.16515,11
2026-01-09 06:30:00,1.1650200000000002,1.1651600000000002,1.1650200000000002,1.16505,1.16515,1.16528,1.16515,1.16517,111
2026-01-09 06:31:00,1.16505,1.16515,1.16505,1.16514,1.16517,1.16528,1.16517,1.16526,57
2026-01-09 06:32:00,1.16514,1.16514,1.16504,1.16505,1.16526,1.16527,1.16517,1.16517,43
2026-01-09 06:33:00,1.16505,1.1651,1.16505,1.16508,1.16517,1.16522,1.16517,1.16521,17
2026-01-09 06:34:00,1.16508,1.16511,1.16504,1.16511,1.16521,1.16524,1.16517,1.16523,79
2026-01-09 06:35:00,1.16511,1.16514,1.16511,1.16514,1.16523,1.16528,1.16523,1.16526,60
2026-01-09 06:36:00,1.16514,1.16514,1.1651200000000002,1.16514,1.16526,1.16528,1.16524,1.16526,29
2026-01-09 06:37:00,1.16514,1.16518,1.1650900000000002,1.1650900000000002,1.16526,1.16531,1.16522,1.16522,76
2026-01-09 06:38:00,1.1650900000000002,1.1651,1.16504,1.16505,1.16522,1.16524,1.16517,1.16518,94
2026-01-09 06:39:00,1.16505,1.16508,1.16503,1.16504,1.16518,1.16522,1.16515,1.16518,60
2026-01-09 06:40:00,1.16504,1.16504,1.1650200000000002,1.16504,1.16518,1.16519,1.16516,1.16519,32
2026-01-09 06:41:00,1.16504,1.1652,1.16504,1.16517,1.16519,1.16534,1.16518,1.16531,89
2026-01-09 06:42:00,1.16517,1.1651900000000002,1.1651600000000002,1.16517,1.16531,1.16533,1.16529,1.16532,25
2026-01-09 06:43:00,1.16517,1.16517,1.1651,1.16514,1.16532,1.16533,1.16523,1.16528,97
2026-01-09 06:44:00,1.16514,1.16514,1.16505,1.1650900000000002,1.16528,1.16529,1.16519,1.16521,56
2026-01-09 06:45:00,1.1650900000000002,1.16513,1.1650900000000002,1.1651200000000002,1.16521,1.16527,1.16521,1.16524,55
2026-01-09 06:46:00,1.1651200000000002,1.16515,1.1651,1.1651,1.16524,1.16528,1.16522,1.16522,81
2026-01-09 06:47:00,1.1651,1.16521,1.1650600000000002,1.16521,1.16522,1.16534,1.16518,1.16533,68
2026-01-09 06:48:00,1.16521,1.16521,1.1648900000000002,1.1648900000000002,1.16533,1.16533,1.16503,1.16503,146
2026-01-09 06:49:00,1.1648900000000002,1.1648900000000002,1.1647900000000002,1.16481,1.16503,1.16504,1.16492,1.16495,103
2026-01-09 06:50:00,1.16481,1.16491,1.16481,1.1649,1.16495,1.16504,1.16494,1.16504,51
2026-01-09 06:51:00,1.1649,1.16491,1.1648500000000002,1.1649,1.16504,1.16505,1.165,1.16504,36
2026-01-09 06:52:00,1.1649,1.16491,1.1648500000000002,1.16486,1.16504,1.16505,1.16499,1.165,38
2026-01-09 06:53:00,1.16486,1.16491,1.1648500000000002,1.1648900000000002,1.165,1.16504,1.16499,1.16503,45
2026-01-09 06:54:00,1.1648900000000002,1.16491,1.16484,1.1648500000000002,1.16503,1.16505,1.16498,1.16499,73
2026-01-09 06:55:00,1.1648500000000002,1.16491,1.16483,1.16487,1.16499,1.16505,1.16496,1.16501,70
2026-01-09 06:56:00,1.16487,1.16487,1.16478,1.16483,1.16501,1.16502,1.16492,1.16498,91
2026-01-09 06:57:00,1.16483,1.1649200000000002,1.1648200000000002,1.1649,1.16498,1.16505,1.16495,1.16503,77
2026-01-09 06:58:00,1.1649,1.1649,1.16484,1.16488,1.16503,1.16504,1.16499,1.16502,88
2026-01-09 06:59:00,1.16488,1.1649200000000002,1.16481,1.1648200000000002,1.16502,1.16506,1.16496,1.16498,82
2026-01-09 07:00:00,1.1648200000000002,1.1648500000000002,1.1646500000000002,1.1646500000000002,1.16498,1.16498,1.16479,1.16479,172
2026-01-09 07:01:00,1.1646500000000002,1.16466,1.1645500000000002,1.16457,1.16479,1.1648,1.16467,1.1647,104
2026-01-09 07:02:00,1.16457,1.1646200000000002,1.1645,1.1646200000000002,1.1647,1.16475,1.16463,1.16475,136
2026-01-09 07:03:00,1.1646200000000002,1.16471,1.1646,1.16463,1.16475,1.16484,1.16474,1.16476,147
2026-01-09 07:04:00,1.16463,1.16471,1.16461,1.16471,1.16476,1.16484,1.16475,1.16484,83
2026-01-09 07:05:00,1.16471,1.1648500000000002,1.1647,1.16477,1.16484,1.16499,1.16484,1.16491,163
2026-01-09 07:06:00,1.16477,1.16491,1.16476,1.16491,1.16491,1.16505,1.1649,1.16504,114
2026-01-09 07:07:00,1.16491,1.16491,1.1648200000000002,1.1648200000000002,1.16504,1.16505,1.16495,1.16496,71
2026-01-09 07:08:00,1.1648200000000002,1.1648200000000002,1.16474,1.16477,1.16496,1.16496,1.16488,1.1649,80
2026-01-09 07:09:00,1.16477,1.16487,1.16476,1.16483,1.1649,1.165,1.1649,1.16497,109
2026-01-09 07:10:00,1.16483,1.16487,1.16481,1.16486,1.16497,1.165,1.16494,1.165,53
2026-01-09 07:11:00,1.16486,1.16487,1.16478,1.1648,1.165,1.16501,1.16491,1.16493,59
2026-01-09 07:12:00,1.1648,1.16486,1.16478,1.1647900000000002,1.16493,1.16498,1.16491,1.16492,73
2026-01-09 07:13:00,1.1647900000000002,1.16481,1.16474,1.16476,1.16492,1.16494,1.16487,1.1649,54
2026-01-09 07:14:00,1.16476,1.16476,1.1644500000000002,1.16446,1.1649,1.1649,1.16459,1.16459,121
2026-01-09 07:15:00,1.16446,1.16461,1.1644500000000002,1.1645800000000002,1.16459,1.16473,1.16459,1.16471,103
2026-01-09 07:16:00,1.1645800000000002,1.16464,1.16453,1.16454,1.16471,1.16477,1.16468,1.16468,79
2026-01-09 07:17:00,1.16454,1.16466,1.16454,1.1646,1.16468,1.1648,1.16468,1.16473,91
2026-01-09 07:18:00,1.1646,1.1646,1.1644,1.1644500000000002,1.16473,1.16473,1.16454,1.16458,93
2026-01-09 07:19:00,1.1644500000000002,1.1644500000000002,1.1644,1.1644100000000002,1.16458,1.16458,1.16453,1.16454,58
2026-01-09 07:20:00,1.1644100000000002,1.1645,1.16426,1.1642800000000002,1.16454,1.16463,1.16439,1.16441,113
2026-01-09 07:21:00,1.1642800000000002,1.16435,1.16426,1.16435,1.16441,1.16449,1.1644,1.16448,93
2026-01-09 07:22:00,1.16435,1.16442,1.1643400000000002,1.1644,1.16448,1.16456,1.16448,1.16454,47
2026-01-09 07:23:00,1.1644,1.1644,1.16432,1.16435,1.16454,1.16454,1.16447,1.16448,52
2026-01-09 07:24:00,1.16435,1.16436,1.16429,1.16435,1.16448,1.16449,1.16441,1.16448,58
2026-01-09 07:25:00,1.16435,1.1644,1.1643,1.1643800000000002,1.16448,1.16452,1.16443,1.16451,65
2026-01-09 07:26:00,1.1643800000000002,1.16443,1.1643800000000002,1.1644100000000002,1.16451,1.16458,1.16451,1.16454,103
2026-01-09 07:27:00,1.1644100000000002,1.16444,1.1644100000000002,1.16443,1.16454,1.16456,1.16453,1.16456,36
2026-01-09 07:28:00,1.16443,1.16454,1.16443,1.16454,1.16456,1.16467,1.16456,1.16467,180
2026-01-09 07:29:00,1.16454,1.16454,1.16443,1.16444,1.16467,1.16467,1.16455,1.16457,84
2026-01-09 07:30:00,1.16444,1.1645100000000002,1.1644,1.1644100000000002,1.16457,1.16464,1.16453,1.16454,78
2026-01-09 07:31:00,1.1644100000000002,1.16443,1.16433,1.1644,1.16454,1.16458,1.16446,1.16454,91
2026-01-09 07:32:00,1.1644,1.1644100000000002,1.16425,1.16426,1.16454,1.16454,1.16439,1.16439,105
2026-01-09 07:33:00,1.16426,1.16427,1.16409,1.1641,1.16439,1.16439,1.16421,1.16423,80
2026-01-09 07:34:00,1.1641,1.1641100000000002,1.1640100000000002,1.16406,1.16423,1.16425,1.16416,1.16419,126
2026-01-09 07:35:00,1.16406,1.1641,1.16399,1.16403,1.16419,1.16422,1.16412,1.16416,128
2026-01-09 07:36:00,1.16403,1.16406,1.164,1.16406,1.16416,1.16419,1.16414,1.16418,106
2026-01-09 07:37:00,1.16406,1.1641,1.1640400000000002,1.1640700000000002,1.16418,1.16423,1.16417,1.1642,56
2026-01-09 07:38:00,1.1640700000000002,1.16409,1.16392,1.16405,1.1642,1.16422,1.16406,1.16419,111
2026-01-09 07:39:00,1.16405,1.1641100000000002,1.1639700000000002,1.1641,1.16419,1.16424,1.16412,1.16424,107
2026-01-09 07:40:00,1.1641,1.1641,1.16399,1.1640100000000002,1.16424,1.16424,1.16413,1.16414,115
2026-01-09 07:41:00,1.1640100000000002,1.1640700000000002,1.16396,1.1640700000000002,1.16414,1.16419,1.1641,1.16419,107
2026-01-09 07:42:00,1.1640700000000002,1.16409,1.16403,1.16405,1.16419,1.16421,1.16416,1.16418,50
2026-01-09 07:43:00,1.16405,1.16408,1.16398,1.1640700000000002,1.16418,1.16421,1.16411,1.1642,85
2026-01-09 07:44:00,1.1640700000000002,1.1641800000000002,1.16402,1.16416,1.1642,1.16431,1.16415,1.1643,74
2026-01-09 07:45:00,1.16416,1.1642400000000002,1.16416,1.16422,1.1643,1.16438,1.16429,1.16435,35
2026-01-09 07:46:00,1.16422,1.1643,1.16422,1.16429,1.16435,1.16444,1.16434,1.16444,44
2026-01-09 07:47:00,1.16429,1.16436,1.1642400000000002,1.16425,1.16444,1.1645,1.16437,1.16438,76
2026-01-09 07:48:00,1.16425,1.16426,1.16416,1.16425,1.16438,1.1644,1.16428,1.16437,110
2026-01-09 07:49:00,1.16425,1.16429,1.1641800000000002,1.16422,1.16437,1.16444,1.16431,1.16435,159
2026-01-09 07:50:00,1.16422,1.16432,1.1642,1.1643100000000002,1.16435,1.16446,1.16432,1.16446,76
2026-01-09 07:51:00,1.1643100000000002,1.1643100000000002,1.1641400000000002,1.16415,1.16446,1.16446,1.16428,1.16428,93
2026-01-09 07:52:00,1.16415,1.1642400000000002,1.1640400000000002,1.1642400000000002,1.16428,1.16438,1.16417,1.16438,135
2026-01-09 07:53:00,1.1642400000000002,1.1645,1.1642400000000002,1.16449,1.16438,1.16463,1.16438,1.16461,214
2026-01-09 07:54:00,1.16449,1.16453,1.1644500000000002,1.1644800000000002,1.16461,1.16469,1.16461,1.16461,142
2026-01-09 07:55:00,1.1644800000000002,1.1645,1.1643100000000002,1.16432,1.16461,1.16464,1.16444,1.16444,100
2026-01-09 07:56:00,1.16432,1.16436,1.1643,1.16433,1.16444,1.16449,1.16444,1.16448,57
2026-01-09 07:57:00,1.16433,1.16483,1.16433,1.16483,1.16448,1.16497,1.16446,1.16497,259
2026-01-09 07:58:00,1.16483,1.16501,1.16474,1.16484,1.16497,1.16514,1.16487,1.16496,297
2026-01-09 07:59:00,1.16484,1.1650200000000002,1.1648,1.1650200000000002,1.16496,1.16516,1.16494,1.16516,233
2026-01-09 08:00:00,1.1650200000000002,1.1651,1.16477,1.1651,1.16516,1.16523,1.1649,1.16523,360
2026-01-09 08:01:00,1.1651,1.16521,1.1650200000000002,1.16521,1.16523,1.16535,1.16516,1.16535,318
2026-01-09 08:02:00,1.16521,1.16524,1.16474,1.16476,1.16535,1.16538,1.16488,1.16488,310
2026-01-09 08:03:00,1.16476,1.1649500000000002,1.1647500000000002,1.16476,1.16488,1.16509,1.16487,1.16489,240
2026-01-09 08:04:00,1.16476,1.16476,1.1646200000000002,1.1646500000000002,1.16489,1.1649,1.16474,1.16479,204
2026-01-09 08:05:00,1.1646500000000002,1.16471,1.16461,1.16471,1.16479,1.16485,1.16475,1.16483,265
2026-01-09 08:06:00,1.16471,1.1647200000000002,1.1645500000000002,1.16456,1.16483,1.16485,1.16467,1.16469,223
2026-01-09 08:07:00,1.16456,1.16461,1.16447,1.16447,1.16469,1.16474,1.16461,1.16463,186
2026-01-09 08:08:00,1.16447,1.1645500000000002,1.16447,1.1645500000000002,1.16463,1.16469,1.16461,1.16468,156
2026-01-09 08:09:00,1.1645500000000002,1.1646500000000002,1.1645100000000002,1.1645100000000002,1.16468,1.16479,1.16463,1.16464,195
2026-01-09 08:10:00,1.1645100000000002,1.1645100000000002,1.1644500000000002,1.16446,1.16464,1.16464,1.16457,1.16459,128
2026-01-09 08:11:00,1.16446,1.1644800000000002,1.1643,1.1643100000000002,1.16459,1.16461,1.16444,1.16445,192
2026-01-09 08:12:00,1.1643100000000002,1.16437,1.1642800000000002,1.16432,1.16445,1.1645,1.16442,1.16445,114
2026-01-09 08:13:00,1.16432,1.16436,1.1643,1.1643100000000002,1.16445,1.1645,1.16444,1.16444,96
2026-01-09 08:14:00,1.1643100000000002,1.16436,1.1642800000000002,1.1643100000000002,1.16444,1.1645,1.16442,1.16445,112
2026-01-09 08:15:00,1.1643100000000002,1.16437,1.1643,1.1643100000000002,1.16445,1.1645,1.16443,1.16445,111
2026-01-09 08:16:00,1.1643100000000002,1.16435,1.16425,1.16432,1.16445,1.16449,1.16438,1.16445,106
2026-01-09 08:17:00,1.16432,1.16433,1.1642100000000002,1.1642100000000002,1.16445,1.16448,1.16435,1.16435,73
2026-01-09 08:18:00,1.1642100000000002,1.16437,1.1642100000000002,1.16437,1.16435,1.16451,1.16435,1.1645,110
2026-01-09 08:19:00,1.16437,1.16446,1.1643400000000002,1.1644500000000002,1.1645,1.16458,1.16448,1.16458,89
2026-01-09 08:20:00,1.1644500000000002,1.16446,1.16439,1.1644,1.16458,1.16459,1.16453,1.16454,50
2026-01-09 08:21:00,1.1644,1.16467,1.1643400000000002,1.1646500000000002,1.16454,1.16481,1.16448,1.16478,137
2026-01-09 08:22:00,1.1646500000000002,1.16467,1.16447,1.16456,1.16478,1.1648,1.16459,1.16468,179
2026-01-09 08:23:00,1.16456,1.16463,1.1645500000000002,1.16456,1.16468,1.16476,1.16467,1.16469,104
2026-01-09 08:24:00,1.16456,1.16469,1.1645500000000002,1.1646,1.16469,1.16483,1.16468,1.16473,167
2026-01-09 08:25:00,1.1646,1.1646,1.1645100000000002,1.1646,1.16473,1.16473,1.16464,1.16473,152
2026-01-09 08:26:00,1.1646,1.16467,1.16446,1.16446,1.16473,1.16481,1.16459,1.16459,163
2026-01-09 08:27:00,1.16446,1.1645800000000002,1.16446,1.16456,1.16459,1.16471,1.16459,1.16469,96
2026-01-09 08:28:00,1.16456,1.1645800000000002,1.16446,1.16446,1.16469,1.16471,1.1646,1.16461,111
2026-01-09 08:29:00,1.16446,1.16456,1.16446,1.1645,1.16461,1.16469,1.1646,1.16464,101
2026-01-09 08:30:00,1.1645,1.1645500000000002,1.1643800000000002,1.1644,1.16464,1.16469,1.16451,1.16454,164
2026-01-09 08:31:00,1.1644,1.16447,1.16426,1.16436,1.16454,1.1646,1.1644,1.16449,168
2026-01-09 08:32:00,1.16436,1.16447,1.16435,1.1644500000000002,1.16449,1.16461,1.16449,1.1646,88
2026-01-09 08:33:00,1.1644500000000002,1.16446,1.16427,1.16433,1.1646,1.1646,1.1644,1.16445,153
2026-01-09 08:34:00,1.16433,1.16436,1.1641800000000002,1.1642100000000002,1.16445,1.16448,1.16433,1.16434,113
2026-01-09 08:35:00,1.1642100000000002,1.16422,1.1641100000000002,1.16417,1.16434,1.16435,1.16425,1.16429,176
2026-01-09 08:36:00,1.16417,1.16426,1.16405,1.16425,1.16429,1.16439,1.1642,1.16439,197
2026-01-09 08:37:00,1.16425,1.16426,1.16417,1.16422,1.16439,1.16439,1.16429,1.16434,139
2026-01-09 08:38:00,1.16422,1.16435,1.1642100000000002,1.1642800000000002,1.16434,1.16448,1.16434,1.1644,99
2026-01-09 08:39:00,1.1642800000000002,1.1642800000000002,1.16422,1.16422,1.1644,1.16441,1.16434,1.16435,152
2026-01-09 08:40:00,1.16422,1.1643800000000002,1.1642100000000002,1.1643800000000002,1.16435,1.16451,1.16435,1.16451,123
2026-01-09 08:41:00,1.1643800000000002,1.16443,1.16432,1.16437,1.16451,1.16456,1.16446,1.16452,146
2026-01-09 08:42:00,1.16437,1.16442,1.1643400000000002,1.16439,1.16452,1.16456,1.16447,1.16455,182
2026-01-09 08:43:00,1.16439,1.16443,1.16439,1.1644100000000002,1.16455,1.16457,1.16454,1.16455,105
2026-01-09 08:44:00,1.1644100000000002,1.1644100000000002,1.1642,1.1642,1.16455,1.16456,1.16434,1.16435,198
2026-01-09 08:45:00,1.1642,1.16437,1.1641800000000002,1.1643100000000002,1.16435,1.1645,1.16432,1.16445,187
2026-01-09 08:46:00,1.1643100000000002,1.1643800000000002,1.16425,1.16435,1.16445,1.16452,1.1644,1.1645,218
2026-01-09 08:47:00,1.16435,1.16437,1.16425,1.1642800000000002,1.1645,1.1645,1.16441,1.16444,142
2026-01-09 08:48:00,1.1642800000000002,1.16443,1.1642800000000002,1.16443,1.16444,1.16457,1.16442,1.16457,126
2026-01-09 08:49:00,1.16443,1.16454,1.1644100000000002,1.16453,1.16457,1.16469,1.16455,1.16468,218
2026-01-09 08:50:00,1.16453,1.16454,1.16436,1.1644,1.16468,1.16468,1.1645,1.16454,163
2026-01-09 08:51:00,1.1644,1.1645100000000002,1.16427,1.16446,1.16454,1.16466,1.16441,1.16461,201
2026-01-09 08:52:00,1.16446,1.16461,1.1644100000000002,1.16459,1.16461,1.16476,1.16456,1.16473,167
2026-01-09 08:53:00,1.16459,1.1646,1.16447,1.16452,1.16473,1.16475,1.1646,1.16465,140
2026-01-09 08:54:00,1.16452,1.1647200000000002,1.1645100000000002,1.1646800000000002,1.16465,1.16486,1.16464,1.16482,110
2026-01-09 08:55:00,1.1646800000000002,1.1647500000000002,1.16459,1.16461,1.16482,1.16489,1.16473,1.16475,175
2026-01-09 08:56:00,1.16461,1.16466,1.16457,1.1646500000000002,1.16475,1.16479,1.1647,1.16478,110
2026-01-09 08:57:00,1.1646500000000002,1.16486,1.1646,1.16483,1.16478,1.16499,1.16474,1.16497,175
2026-01-09 08:58:00,1.16483,1.16493,1.1648200000000002,1.1649200000000002,1.16497,1.16506,1.16497,1.16505,231
2026-01-09 08:59:00,1.1649200000000002,1.16493,1.16473,1.16484,1.16505,1.16505,1.16486,1.16498,138
2026-01-09 09:00:00,1.16484,1.16488,1.1647500000000002,1.16476,1.16498,1.16502,1.16488,1.16489,147
2026-01-09 09:01:00,1.16476,1.16487,1.16476,1.16483,1.16489,1.16501,1.16489,1.16496,182
2026-01-09 09:02:00,1.16483,1.1648900000000002,1.16481,1.16483,1.16496,1.16502,1.16494,1.16497,155
2026-01-09 09:03:00,1.16483,1.16491,1.16481,1.16483,1.16497,1.16504,1.16494,1.16495,124
2026-01-09 09:04:00,1.16483,1.16496,1.1648,1.16488,1.16495,1.1651,1.16494,1.16503,120
2026-01-09 09:05:00,1.16488,1.16491,1.16483,1.16488,1.16503,1.16506,1.16497,1.16502,104
2026-01-09 09:06:00,1.16488,1.16494,1.16486,1.16487,1.16502,1.16507,1.16499,1.16501,72
2026-01-09 09:07:00,1.16487,1.16491,1.16474,1.16474,1.16501,1.16504,1.16488,1.16489,82
2026-01-09 09:08:00,1.16474,1.1647500000000002,1.1646,1.1647200000000002,1.16489,1.1649,1.16472,1.16486,155
2026-01-09 09:09:00,1.1647200000000002,1.16473,1.16464,1.16471,1.16486,1.16486,1.16478,1.16484,48
2026-01-09 09:10:00,1.16471,1.16481,1.16471,1.1648,1.16484,1.16493,1.16484,1.16493,85
2026-01-09 09:11:00,1.1648,1.1649500000000002,1.1648,1.16488,1.16493,1.16509,1.16493,1.16502,112
2026-01-09 09:12:00,1.16488,1.16496,1.16487,1.16491,1.16502,1.1651,1.16501,1.16504,54
2026-01-09 09:13:00,1.16491,1.16493,1.16481,1.1648200000000002,1.16504,1.16506,1.16494,1.16495,58
2026-01-09 09:14:00,1.1648200000000002,1.1648200000000002,1.16469,1.16471,1.16495,1.16495,1.16482,1.16485,55
2026-01-09 09:15:00,1.16471,1.16481,1.1647,1.1647200000000002,1.16485,1.16495,1.16483,1.16484,96
2026-01-09 09:16:00,1.1647200000000002,1.16477,1.1647,1.16473,1.16484,1.16491,1.16484,1.16486,41
2026-01-09 09:17:00,1.16473,1.16477,1.16466,1.16471,1.16486,1.16491,1.16478,1.16484,89
2026-01-09 09:18:00,1.16471,1.1647200000000002,1.1646500000000002,1.16469,1.16484,1.16485,1.16478,1.16481,49
2026-01-09 09:19:00,1.16469,1.16469,1.1645100000000002,1.1645100000000002,1.16481,1.16481,1.16464,1.16464,107
2026-01-09 09:20:00,1.1645100000000002,1.1645500000000002,1.1644500000000002,1.1645,1.16464,1.16468,1.16458,1.16463,88
2026-01-09 09:21:00,1.1645,1.1645100000000002,1.16442,1.16444,1.16463,1.16465,1.16454,1.16457,52
2026-01-09 09:22:00,1.16444,1.16446,1.1644,1.1644100000000002,1.16457,1.16459,1.16453,1.16454,95
2026-01-09 09:23:00,1.1644100000000002,1.16442,1.16436,1.16437,1.16454,1.16455,1.16449,1.16449,95
2026-01-09 09:24:00,1.16437,1.16447,1.16436,1.16447,1.16449,1.1646,1.16448,1.1646,61
2026-01-09 09:25:00,1.16447,1.1645800000000002,1.1644500000000002,1.16457,1.1646,1.16471,1.16458,1.1647,72
2026-01-09 09:26:00,1.16457,1.16457,1.16435,1.16436,1.1647,1.16471,1.16449,1.1645,96
2026-01-09 09:27:00,1.16436,1.16443,1.16427,1.1643,1.1645,1.16456,1.16441,1.16444,74
2026-01-09 09:28:00,1.1643,1.16432,1.16426,1.16427,1.16444,1.16445,1.16439,1.1644,116
2026-01-09 09:29:00,1.16427,1.1642800000000002,1.1642,1.16422,1.1644,1.1644,1.16434,1.16434,139
2026-01-09 09:30:00,1.16422,1.1643100000000002,1.1642,1.16422,1.16434,1.16444,1.16434,1.16435,105
2026-01-09 09:31:00,1.16422,1.16433,1.1642100000000002,1.16432,1.16435,1.16446,1.16435,1.16446,98
2026-01-09 09:32:00,1.16432,1.16443,1.1643100000000002,1.16442,1.16446,1.16456,1.16446,1.16456,105
2026-01-09 09:33:00,1.16442,1.16442,1.1643100000000002,1.16433,1.16456,1.16456,1.16446,1.16448,138
2026-01-09 09:34:00,1.16433,1.1643800000000002,1.16427,1.1642800000000002,1.16448,1.16452,1.16441,1.16442,121
2026-01-09 09:35:00,1.1642800000000002,1.1642800000000002,1.16426,1.16427,1.16442,1.16442,1.16438,1.16441,63
2026-01-09 09:36:00,1.16427,1.1643800000000002,1.16426,1.16436,1.16441,1.16451,1.16439,1.16449,153
2026-01-09 09:37:00,1.16436,1.16437,1.16426,1.1642800000000002,1.16449,1.16449,1.16438,1.16441,73
2026-01-09 09:38:00,1.1642800000000002,1.16436,1.1642100000000002,1.16435,1.16441,1.16449,1.16434,1.16448,124
2026-01-09 09:39:00,1.16435,1.16442,1.1643100000000002,1.16442,1.16448,1.16455,1.16444,1.16454,119
2026-01-09 09:40:00,1.16442,1.1645100000000002,1.1644100000000002,1.1644800000000002,1.16454,1.16464,1.16454,1.1646,93
2026-01-09 09:41:00,1.1644800000000002,1.1644800000000002,1.1644,1.16446,1.1646,1.16461,1.16454,1.1646,172
2026-01-09 09:42:00,1.16446,1.16446,1.16437,1.16437,1.1646,1.1646,1.1645,1.1645,64
2026-01-09 09:43:00,1.16437,1.16442,1.16429,1.1643100000000002,1.1645,1.16455,1.16442,1.16444,78
2026-01-09 09:44:00,1.1643100000000002,1.16432,1.16422,1.1642800000000002,1.16444,1.16444,1.16434,1.16442,121
2026-01-09 09:45:00,1.1642800000000002,1.16433,1.16427,1.16432,1.16442,1.16447,1.1644,1.16447,51
2026-01-09 09:46:00,1.16432,1.1644100000000002,1.1642800000000002,1.1644,1.16447,1.16453,1.1644,1.16453,90
2026-01-09 09:47:00,1.1644,1.16443,1.16432,1.16433,1.16453,1.16456,1.16445,1.16446,95
2026-01-09 09:48:00,1.16433,1.1643800000000002,1.16427,1.16427,1.16446,1.16451,1.1644,1.1644,60
2026-01-09 09:49:00,1.16427,1.16439,1.16425,1.1643800000000002,1.1644,1.16451,1.16439,1.16451,79
2026-01-09 09:50:00,1.1643800000000002,1.1643800000000002,1.16423,1.1642400000000002,1.16451,1.16451,1.16436,1.16437,91
2026-01-09 09:51:00,1.1642400000000002,1.1643100000000002,1.1642,1.1642400000000002,1.16437,1.16444,1.16433,1.16437,95
2026-01-09 09:52:00,1.1642400000000002,1.16429,1.16417,1.1642,1.16437,1.16442,1.1643,1.16433,84
2026-01-09 09:53:00,1.1642,1.1642400000000002,1.16419,1.1642400000000002,1.16433,1.16436,1.16431,1.16436,41
2026-01-09 09:54:00,1.1642400000000002,1.16433,1.16423,1.16433,1.16436,1.16446,1.16435,1.16446,55
2026-01-09 09:55:00,1.16433,1.16439,1.16432,1.16435,1.16446,1.16451,1.16445,1.16448,82
2026-01-09 09:56:00,1.16435,1.1644,1.1643,1.16437,1.16448,1.16452,1.16444,1.16449,57
2026-01-09 09:57:00,1.16437,1.1643800000000002,1.1642100000000002,1.16422,1.16449,1.16451,1.16434,1.16435,86
2026-01-09 09:58:00,1.16422,1.16426,1.16422,1.16423,1.16435,1.1644,1.16435,1.16436,58
2026-01-09 09:59:00,1.16423,1.16423,1.16417,1.1641800000000002,1.16436,1.16436,1.1643,1.16431,64
2026-01-09 10:00:00,1.1641800000000002,1.16423,1.16417,1.16422,1.16431,1.16436,1.1643,1.16435,79
2026-01-09 10:01:00,1.16422,1.16437,1.1642100000000002,1.16429,1.16435,1.1645,1.16434,1.16443,102
2026-01-09 10:02:00,1.16429,1.1643400000000002,1.1642,1.1642100000000002,1.16443,1.16447,1.16433,1.16434,62
2026-01-09 10:03:00,1.1642100000000002,1.1642400000000002,1.16417,1.16417,1.16434,1.16438,1.1643,1.16431,64
2026-01-09 10:04:00,1.16417,1.16425,1.16417,1.1642100000000002,1.16431,1.16439,1.1643,1.16434,69
2026-01-09 10:05:00,1.1642100000000002,1.16422,1.16416,1.1641800000000002,1.16434,1.16435,1.16428,1.16432,126
2026-01-09 10:06:00,1.1641800000000002,1.1642100000000002,1.16415,1.16416,1.16432,1.16434,1.16427,1.16429,51
2026-01-09 10:07:00,1.16416,1.16416,1.16402,1.16403,1.16429,1.16429,1.16415,1.16416,66
2026-01-09 10:08:00,1.16403,1.16403,1.1639700000000002,1.16399,1.16416,1.16416,1.1641,1.16412,54
2026-01-09 10:09:00,1.16399,1.1642800000000002,1.16399,1.16427,1.16412,1.16441,1.16412,1.1644,135
2026-01-09 10:10:00,1.16427,1.16433,1.16426,1.16427,1.1644,1.16446,1.16439,1.1644,73
2026-01-09 10:11:00,1.16427,1.16435,1.16427,1.1643100000000002,1.1644,1.16448,1.1644,1.16444,31
2026-01-09 10:12:00,1.1643100000000002,1.16432,1.16426,1.1643100000000002,1.16444,1.16445,1.16438,1.16443,100
2026-01-09 10:13:00,1.1643100000000002,1.1644,1.1643,1.1643800000000002,1.16443,1.16453,1.16443,1.16452,91
2026-01-09 10:14:00,1.1643800000000002,1.16439,1.16429,1.16429,1.16452,1.16452,1.16442,1.16442,40
2026-01-09 10:15:00,1.16429,1.16432,1.16427,1.16432,1.16442,1.16445,1.1644,1.16445,85
2026-01-09 10:16:00,1.16432,1.16435,1.1643100000000002,1.16435,1.16445,1.16448,1.16444,1.16448,77
2026-01-09 10:17:00,1.16435,1.16436,1.16429,1.16429,1.16448,1.16449,1.16441,1.16442,85
2026-01-09 10:18:00,1.16429,1.1643100000000002,1.16426,1.16429,1.16442,1.16444,1.16439,1.16442,80
2026-01-09 10:19:00,1.16429,1.1643,1.16417,1.16422,1.16442,1.16442,1.1643,1.16435,90
2026-01-09 10:20:00,1.16422,1.16422,1.16409,1.16415,1.16435,1.16435,1.16422,1.16429,126
2026-01-09 10:21:00,1.16415,1.16415,1.16405,1.16406,1.16429,1.16429,1.16418,1.16419,91
2026-01-09 10:22:00,1.16406,1.1640700000000002,1.1639400000000002,1.1639400000000002,1.16419,1.16419,1.16407,1.16408,101
2026-01-09 10:23:00,1.1639400000000002,1.164,1.16385,1.1639000000000002,1.16408,1.16413,1.16398,1.16403,122
2026-01-09 10:24:00,1.1639000000000002,1.16396,1.1636300000000002,1.16396,1.16403,1.16409,1.16377,1.16409,224
2026-01-09 10:25:00,1.16396,1.1639700000000002,1.16385,1.16395,1.16409,1.16411,1.16398,1.16407,122
2026-01-09 10:26:00,1.16395,1.16408,1.16392,1.16405,1.16407,1.16421,1.16404,1.16418,102
2026-01-09 10:27:00,1.16405,1.1640700000000002,1.164,1.16402,1.16418,1.16419,1.16413,1.16415,86
2026-01-09 10:28:00,1.16402,1.1641800000000002,1.1639700000000002,1.1641400000000002,1.16415,1.16431,1.1641,1.16426,147
2026-01-09 10:29:00,1.1641400000000002,1.16422,1.16409,1.1642100000000002,1.16426,1.16435,1.16422,1.16434,152
2026-01-09 10:30:00,1.1642100000000002,1.1642400000000002,1.1640700000000002,1.1641,1.16434,1.16437,1.1642,1.16422,138
2026-01-09 10:31:00,1.1641,1.16419,1.16405,1.16405,1.16422,1.16432,1.16417,1.16417,116
2026-01-09 10:32:00,1.16405,1.16413,1.1640100000000002,1.16402,1.16417,1.16426,1.16413,1.16416,94
2026-01-09 10:33:00,1.16402,1.16409,1.16402,1.16403,1.16416,1.16423,1.16415,1.16416,78
2026-01-09 10:34:00,1.16403,1.1642,1.16403,1.16419,1.16416,1.16433,1.16416,1.16432,67
2026-01-09 10:35:00,1.16419,1.1643,1.16416,1.16429,1.16432,1.16444,1.16429,1.16442,53
2026-01-09 10:36:00,1.16429,1.1643100000000002,1.16427,1.1643100000000002,1.16442,1.16445,1.1644,1.16444,51
2026-01-09 10:37:00,1.1643100000000002,1.16437,1.16429,1.16436,1.16444,1.1645,1.16443,1.16449,56
2026-01-09 10:38:00,1.16436,1.16442,1.1643400000000002,1.1644100000000002,1.16449,1.16454,1.16446,1.16454,57
2026-01-09 10:39:00,1.1644100000000002,1.16442,1.1644100000000002,1.16442,1.16454,1.16455,1.16453,1.16454,36
2026-01-09 10:40:00,1.16442,1.16442,1.1643100000000002,1.16437,1.16454,1.16455,1.16444,1.1645,177
2026-01-09 10:41:00,1.16437,1.1643800000000002,1.16429,1.16429,1.1645,1.1645,1.16442,1.16442,70
2026-01-09 10:42:00,1.16429,1.1644,1.16429,1.16436,1.16442,1.16453,1.16441,1.16449,79
2026-01-09 10:43:00,1.16436,1.16436,1.1641100000000002,1.16415,1.16449,1.16449,1.16425,1.16428,93
2026-01-09 10:44:00,1.16415,1.16423,1.16415,1.16422,1.16428,1.16436,1.16428,1.16435,51
2026-01-09 10:45:00,1.16422,1.1642400000000002,1.1642100000000002,1.16422,1.16435,1.16437,1.16434,1.16435,41
2026-01-09 10:46:00,1.16422,1.16427,1.1642,1.16426,1.16435,1.1644,1.16434,1.16439,39
2026-01-09 10:47:00,1.16426,1.16429,1.1642400000000002,1.16426,1.16439,1.16442,1.16438,1.16439,40
2026-01-09 10:48:00,1.16426,1.16427,1.16422,1.16425,1.16439,1.1644,1.16436,1.16439,89
2026-01-09 10:49:00,1.16425,1.16433,1.16425,1.1643100000000002,1.16439,1.16446,1.16438,1.16443,62
2026-01-09 10:50:00,1.1643100000000002,1.16435,1.1642100000000002,1.16435,1.16443,1.16449,1.16435,1.16449,81
2026-01-09 10:51:00,1.16435,1.16436,1.1643100000000002,1.1643400000000002,1.16449,1.16449,1.16445,1.16447,76
2026-01-09 10:52:00,1.1643400000000002,1.16444,1.16432,1.16442,1.16447,1.16457,1.16445,1.16454,93
2026-01-09 10:53:00,1.16442,1.16457,1.1643400000000002,1.16456,1.16454,1.16471,1.16448,1.1647,108
2026-01-09 10:54:00,1.16456,1.16457,1.16446,1.16456,1.1647,1.1647,1.16459,1.16469,146
2026-01-09 10:55:00,1.16456,1.16456,1.1644100000000002,1.1644500000000002,1.16469,1.16469,1.16453,1.16459,111
2026-01-09 10:56:00,1.1644500000000002,1.16457,1.16444,1.16456,1.16459,1.1647,1.16458,1.16469,65
2026-01-09 10:57:00,1.16456,1.16457,1.1645,1.16456,1.16469,1.1647,1.16463,1.1647,64
2026-01-09 10:58:00,1.16456,1.16459,1.1645100000000002,1.16456,1.1647,1.16472,1.16464,1.16469,68
2026-01-09 10:59:00,1.16456,1.1646200000000002,1.1645,1.1646200000000002,1.16469,1.16475,1.16463,1.16475,81
2026-01-09 11:00:00,1.1646200000000002,1.16464,1.16447,1.16453,1.16475,1.16477,1.16459,1.16465,257
2026-01-09 11:01:00,1.16453,1.16454,1.16426,1.16427,1.16465,1.16467,1.16439,1.16439,152
2026-01-09 11:02:00,1.16427,1.16429,1.16422,1.16422,1.16439,1.16443,1.16435,1.16436,103
2026-01-09 11:03:00,1.16422,1.16433,1.16419,1.1642100000000002,1.16436,1.16447,1.16433,1.16434,103
2026-01-09 11:04:00,1.1642100000000002,1.1643100000000002,1.1642,1.1643,1.16434,1.16444,1.16434,1.16444,45
2026-01-09 11:05:00,1.1643,1.16432,1.1641100000000002,1.1642100000000002,1.16444,1.16445,1.16423,1.16435,99
2026-01-09 11:06:00,1.1642100000000002,1.16422,1.16415,1.16415,1.16435,1.16435,1.16428,1.16429,50
2026-01-09 11:07:00,1.16415,1.1641800000000002,1.1641100000000002,1.16415,1.16429,1.16431,1.16424,1.16429,51
2026-01-09 11:08:00,1.16415,1.1644500000000002,1.16415,1.16444,1.16429,1.16458,1.16428,1.16458,109
2026-01-09 11:09:00,1.16444,1.1644500000000002,1.16423,1.1642400000000002,1.16458,1.16459,1.16437,1.16438,117
2026-01-09 11:10:00,1.1642400000000002,1.16443,1.1642400000000002,1.1643800000000002,1.16438,1.16456,1.16437,1.16452,76
2026-01-09 11:11:00,1.1643800000000002,1.1644800000000002,1.16437,1.16443,1.16452,1.16461,1.16451,1.16456,80
2026-01-09 11:12:00,1.16443,1.16443,1.1643800000000002,1.1643800000000002,1.16456,1.16456,1.16452,1.16452,37
2026-01-09 11:13:00,1.1643800000000002,1.1643800000000002,1.1642400000000002,1.1643,1.16452,1.16452,1.16437,1.16443,81
2026-01-09 11:14:00,1.1643,1.16437,1.16425,1.16435,1.16443,1.16451,1.16438,1.16449,59
2026-01-09 11:15:00,1.16435,1.1644,1.1643,1.1643100000000002,1.16449,1.16454,1.16443,1.16444,79
2026-01-09 11:16:00,1.1643100000000002,1.16432,1.16427,1.16432,1.16444,1.16446,1.16439,1.16445,35
2026-01-09 11:17:00,1.16432,1.16433,1.16432,1.16433,1.16445,1.16446,1.16445,1.16446,22
2026-01-09 11:18:00,1.16433,1.16442,1.16432,1.1644,1.16446,1.16456,1.16446,1.16454,79
2026-01-09 11:19:00,1.1644,1.16443,1.16432,1.16442,1.16454,1.16456,1.16447,1.16456,57
2026-01-09 11:20:00,1.16442,1.16442,1.1643800000000002,1.16442,1.16456,1.16456,1.1645,1.16454,58
2026-01-09 11:21:00,1.16442,1.16443,1.16435,1.16435,1.16454,1.16457,1.16448,1.16449,70
2026-01-09 11:22:00,1.16435,1.1644100000000002,1.16435,1.16436,1.16449,1.16455,1.16448,1.16449,88
2026-01-09 11:23:00,1.16436,1.16446,1.16435,1.1644500000000002,1.16449,1.16459,1.16448,1.16459,96
2026-01-09 11:24:00,1.1644500000000002,1.1644800000000002,1.1644100000000002,1.16446,1.16459,1.16461,1.16453,1.16459,52
2026-01-09 11:25:00,1.16446,1.16453,1.16444,1.16447,1.16459,1.16467,1.16458,1.16461,105
2026-01-09 11:26:00,1.16447,1.1645100000000002,1.16442,1.16446,1.16461,1.16465,1.16455,1.1646,40
2026-01-09 11:27:00,1.16446,1.1645100000000002,1.16442,1.16444,1.1646,1.16465,1.16455,1.16458,70
2026-01-09 11:28:00,1.16444,1.16446,1.16443,1.16444,1.16458,1.16459,1.16456,1.16456,63
2026-01-09 11:29:00,1.16444,1.1644500000000002,1.16439,1.1644500000000002,1.16456,1.16457,1.16453,1.16457,92
2026-01-09 11:30:00,1.1644500000000002,1.1645500000000002,1.16444,1.1645100000000002,1.16457,1.16468,1.16457,1.16463,114
2026-01-09 11:31:00,1.1645100000000002,1.1645100000000002,1.1644100000000002,1.16442,1.16463,1.16464,1.16455,1.16455,61
2026-01-09 11:32:00,1.16442,1.16449,1.16442,1.16449,1.16455,1.16462,1.16455,1.16462,55
2026-01-09 11:33:00,1.16449,1.1645500000000002,1.1643100000000002,1.1643400000000002,1.16462,1.16469,1.16444,1.16449,122
2026-01-09 11:34:00,1.1643400000000002,1.1644100000000002,1.16433,1.1644100000000002,1.16449,1.16453,1.16447,1.16453,48
2026-01-09 11:35:00,1.1644100000000002,1.16446,1.16429,1.1643,1.16453,1.16459,1.16442,1.16442,123
2026-01-09 11:36:00,1.1643,1.16433,1.16429,1.16429,1.16442,1.16447,1.16442,1.16442,42
2026-01-09 11:37:00,1.16429,1.16429,1.1642,1.1642100000000002,1.16442,1.16442,1.16433,1.16434,42
2026-01-09 11:38:00,1.1642100000000002,1.16429,1.16416,1.16429,1.16434,1.16443,1.16429,1.16442,39
2026-01-09 11:39:00,1.16429,1.16435,1.16429,1.16435,1.16442,1.16448,1.16442,1.16448,28
2026-01-09 11:40:00,1.16435,1.1644800000000002,1.16435,1.1644500000000002,1.16448,1.16462,1.16448,1.16459,75
2026-01-09 11:41:00,1.1644500000000002,1.16453,1.16442,1.1645,1.16459,1.16466,1.16455,1.16463,77
2026-01-09 11:42:00,1.1645,1.16453,1.1644800000000002,1.16453,1.16463,1.16466,1.16463,1.16465,50
2026-01-09 11:43:00,1.16453,1.16454,1.1644500000000002,1.16449,1.16465,1.16466,1.16457,1.16461,38
2026-01-09 11:44:00,1.16449,1.16452,1.1644500000000002,1.1645100000000002,1.16461,1.16465,1.16458,1.16465,65
2026-01-09 11:45:00,1.1645100000000002,1.16453,1.1645100000000002,1.1645100000000002,1.16465,1.16466,1.16464,1.16464,23
2026-01-09 11:46:00,1.1645100000000002,1.16454,1.16446,1.16453,1.16464,1.16467,1.1646,1.16466,39
2026-01-09 11:47:00,1.16453,1.16456,1.16452,1.16453,1.16466,1.16469,1.16465,1.16466,41
2026-01-09 11:48:00,1.16453,1.16454,1.16442,1.16443,1.16466,1.16467,1.16455,1.16456,89
2026-01-09 11:49:00,1.16443,1.1644800000000002,1.16437,1.1644500000000002,1.16456,1.16461,1.1645,1.16459,76
2026-01-09 11:50:00,1.1644500000000002,1.1644800000000002,1.1644500000000002,1.1644800000000002,1.16459,1.16462,1.16458,1.16461,42
2026-01-09 11:51:00,1.1644800000000002,1.1644800000000002,1.1644,1.16444,1.16461,1.16462,1.16453,1.16457,54
2026-01-09 11:52:00,1.16444,1.1645100000000002,1.16444,1.16446,1.16457,1.16464,1.16457,1.16459,65
2026-01-09 11:53:00,1.16446,1.16459,1.16446,1.1645100000000002,1.16459,1.16472,1.16459,1.16464,89
2026-01-09 11:54:00,1.1645100000000002,1.16452,1.16443,1.16447,1.16464,1.16465,1.16456,1.1646,42
2026-01-09 11:55:00,1.16447,1.16461,1.16446,1.16456,1.1646,1.16474,1.1646,1.1647,78
2026-01-09 11:56:00,1.16456,1.16457,1.16449,1.16449,1.1647,1.16471,1.16462,1.16462,31
2026-01-09 11:57:00,1.16449,1.16456,1.1644800000000002,1.1645500000000002,1.16462,1.1647,1.16462,1.16468,30
2026-01-09 11:58:00,1.1645500000000002,1.1645500000000002,1.16449,1.1645,1.16468,1.16469,1.16462,1.16464,51
2026-01-09 11:59:00,1.1645,1.16456,1.16449,1.16454,1.16464,1.1647,1.16463,1.16468,104
2026-01-09 12:00:00,1.16454,1.16456,1.1644100000000002,1.1644500000000002,1.16468,1.16469,1.16454,1.16458,150
2026-01-09 12:01:00,1.1644500000000002,1.1644500000000002,1.16435,1.16435,1.16458,1.16458,1.16448,1.16449,150
2026-01-09 12:02:00,1.16435,1.1644800000000002,1.1643100000000002,1.1644800000000002,1.16449,1.16461,1.16444,1.16461,140
2026-01-09 12:03:00,1.1644800000000002,1.1645500000000002,1.16447,1.16454,1.16461,1.16469,1.1646,1.16468,95
2026-01-09 12:04:00,1.16454,1.1645500000000002,1.16447,1.16452,1.16468,1.16468,1.1646,1.16465,112
2026-01-09 12:05:00,1.16452,1.16454,1.16449,1.16449,1.16465,1.16468,1.16462,1.16462,49
2026-01-09 12:06:00,1.16449,1.1645500000000002,1.16446,1.16446,1.16462,1.16469,1.16459,1.16459,79
2026-01-09 12:07:00,1.16446,1.1644800000000002,1.1644,1.1644100000000002,1.16459,1.16462,1.16453,1.16454,121
2026-01-09 12:08:00,1.1644100000000002,1.16449,1.16439,1.16444,1.16454,1.16462,1.16452,1.16458,108
2026-01-09 12:09:00,1.16444,1.1645,1.16444,1.16446,1.16458,1.16463,1.16457,1.16459,71
2026-01-09 12:10:00,1.16446,1.16446,1.16426,1.16426,1.16459,1.16459,1.16439,1.1644,66
2026-01-09 12:11:00,1.16426,1.16439,1.16423,1.1643800000000002,1.1644,1.16452,1.16436,1.16452,56
2026-01-09 12:12:00,1.1643800000000002,1.16443,1.16419,1.16425,1.16452,1.16457,1.16432,1.16438,125
2026-01-09 12:13:00,1.16425,1.16436,1.16423,1.1643400000000002,1.16438,1.1645,1.16437,1.16448,104
2026-01-09 12:14:00,1.1643400000000002,1.16436,1.16429,1.16433,1.16448,1.1645,1.16443,1.16446,98
2026-01-09 12:15:00,1.16433,1.1644100000000002,1.16427,1.16427,1.16446,1.16454,1.1644,1.16441,97
2026-01-09 12:16:00,1.16427,1.1644,1.16427,1.1643800000000002,1.16441,1.16454,1.16441,1.1645,52
2026-01-09 12:17:00,1.1643800000000002,1.16443,1.1643400000000002,1.1643400000000002,1.1645,1.16456,1.16447,1.16448,73
2026-01-09 12:18:00,1.1643400000000002,1.16435,1.1643,1.1643100000000002,1.16448,1.16449,1.16442,1.16444,55
2026-01-09 12:19:00,1.1643100000000002,1.16433,1.16425,1.16427,1.16444,1.16446,1.16438,1.1644,70
2026-01-09 12:20:00,1.16427,1.16433,1.1642400000000002,1.16432,1.1644,1.16447,1.16437,1.16445,95
2026-01-09 12:21:00,1.16432,1.16436,1.16429,1.16433,1.16445,1.16449,1.16442,1.16447,93
2026-01-09 12:22:00,1.16433,1.16435,1.1641800000000002,1.1641800000000002,1.16447,1.16449,1.16431,1.16431,95
2026-01-09 12:23:00,1.1641800000000002,1.16422,1.1641400000000002,1.1641400000000002,1.16431,1.16436,1.16427,1.16427,57
2026-01-09 12:24:00,1.1641400000000002,1.16415,1.1641,1.1641400000000002,1.16427,1.16428,1.16423,1.16427,23
2026-01-09 12:25:00,1.1641400000000002,1.16415,1.1640400000000002,1.1640700000000002,1.16427,1.16428,1.16417,1.16421,101
2026-01-09 12:26:00,1.1640700000000002,1.16408,1.16392,1.16398,1.16421,1.16421,1.16406,1.16412,152
2026-01-09 12:27:00,1.16398,1.16415,1.16393,1.16415,1.16412,1.16428,1.16406,1.16428,128
2026-01-09 12:28:00,1.16415,1.16433,1.16415,1.16429,1.16428,1.16446,1.16428,1.16443,136
2026-01-09 12:29:00,1.16429,1.16436,1.1642800000000002,1.16429,1.16443,1.16449,1.16441,1.16442,112
2026-01-09 12:30:00,1.16429,1.16436,1.1642400000000002,1.1642800000000002,1.16442,1.16449,1.16437,1.16442,100
2026-01-09 12:31:00,1.1642800000000002,1.16429,1.16412,1.16413,1.16442,1.16442,1.16425,1.16426,108
2026-01-09 12:32:00,1.16413,1.1641400000000002,1.1640100000000002,1.1640700000000002,1.16426,1.16426,1.16413,1.1642,92
2026-01-09 12:33:00,1.1640700000000002,1.16409,1.16393,1.16396,1.1642,1.16421,1.16406,1.16409,167
2026-01-09 12:34:00,1.16396,1.16405,1.16392,1.16402,1.16409,1.16418,1.16405,1.16414,172
2026-01-09 12:35:00,1.16402,1.16422,1.1640100000000002,1.1642100000000002,1.16414,1.16434,1.16414,1.16434,154
2026-01-09 12:36:00,1.1642100000000002,1.1642400000000002,1.16406,1.1640700000000002,1.16434,1.16436,1.16419,1.16419,189
2026-01-09 12:37:00,1.1640700000000002,1.1641100000000002,1.16405,1.16409,1.16419,1.16424,1.16417,1.16421,92
2026-01-09 12:38:00,1.16409,1.1642,1.16408,1.1641,1.16421,1.16432,1.1642,1.16423,151
2026-01-09 12:39:00,1.1641,1.16413,1.16396,1.16399,1.16423,1.16426,1.16409,1.16412,155
2026-01-09 12:40:00,1.16399,1.16406,1.1639400000000002,1.16405,1.16412,1.16418,1.16407,1.16418,89
2026-01-09 12:41:00,1.16405,1.16408,1.16402,1.16402,1.16418,1.16421,1.16414,1.16415,58
2026-01-09 12:42:00,1.16402,1.16406,1.164,1.1640400000000002,1.16415,1.16419,1.16413,1.16417,49
2026-01-09 12:43:00,1.1640400000000002,1.16415,1.1640400000000002,1.16415,1.16417,1.16428,1.16417,1.16428,89
2026-01-09 12:44:00,1.16415,1.16422,1.16406,1.16409,1.16428,1.16435,1.16419,1.16422,111
2026-01-09 12:45:00,1.16409,1.16419,1.16408,1.16419,1.16422,1.16432,1.16421,1.16432,61
2026-01-09 12:46:00,1.16419,1.16423,1.16412,1.16419,1.16432,1.16435,1.16424,1.16432,73
2026-01-09 12:47:00,1.16419,1.16423,1.1641400000000002,1.16422,1.16432,1.16435,1.16427,1.16435,57
2026-01-09 12:48:00,1.16422,1.16437,1.1642100000000002,1.16433,1.16435,1.1645,1.16434,1.16445,69
2026-01-09 12:49:00,1.16433,1.16436,1.16425,1.16429,1.16445,1.16448,1.16437,1.16441,124
2026-01-09 12:50:00,1.16429,1.16439,1.16426,1.16426,1.16441,1.16451,1.16438,1.16439,168
2026-01-09 12:51:00,1.16426,1.16437,1.16425,1.1643400000000002,1.16439,1.16449,1.16438,1.16446,111
2026-01-09 12:52:00,1.1643400000000002,1.16435,1.1642400000000002,1.1643100000000002,1.16446,1.16449,1.16437,1.16443,114
2026-01-09 12:53:00,1.1643100000000002,1.16433,1.1642100000000002,1.16423,1.16443,1.16445,1.16434,1.16436,112
2026-01-09 12:54:00,1.16423,1.1642400000000002,1.16406,1.16406,1.16436,1.16437,1.16418,1.16418,77
2026-01-09 12:55:00,1.16406,1.16406,1.16395,1.16395,1.16418,1.16418,1.16407,1.16408,93
2026-01-09 12:56:00,1.16395,1.16409,1.16395,1.1640400000000002,1.16408,1.16422,1.16408,1.16417,129
2026-01-09 12:57:00,1.1640400000000002,1.1640400000000002,1.1639400000000002,1.16398,1.16417,1.16417,1.16407,1.1641,105
2026-01-09 12:58:00,1.16398,1.16409,1.16395,1.16403,1.1641,1.16422,1.16407,1.16415,140
2026-01-09 12:59:00,1.16403,1.16413,1.1640100000000002,1.16409,1.16415,1.16425,1.16413,1.16422,152
2026-01-09 13:00:00,1.16409,1.16423,1.16405,1.1642,1.16422,1.16436,1.16417,1.16432,226
2026-01-09 13:01:00,1.1642,1.16423,1.16416,1.16422,1.16432,1.16436,1.16428,1.16435,165
2026-01-09 13:02:00,1.16422,1.16432,1.1641800000000002,1.1643100000000002,1.16435,1.16445,1.16431,1.16444,207
2026-01-09 13:03:00,1.1643100000000002,1.1643400000000002,1.1640400000000002,1.1640700000000002,1.16444,1.16447,1.16417,1.1642,199
2026-01-09 13:04:00,1.1640700000000002,1.1642100000000002,1.1640700000000002,1.16413,1.1642,1.16433,1.1642,1.16425,142
2026-01-09 13:05:00,1.16413,1.1642100000000002,1.16412,1.1642100000000002,1.16425,1.16434,1.16424,1.16434,63
2026-01-09 13:06:00,1.1642100000000002,1.1642800000000002,1.16419,1.1642400000000002,1.16434,1.16441,1.16431,1.16436,125
2026-01-09 13:07:00,1.1642400000000002,1.1643100000000002,1.1642,1.16427,1.16436,1.16444,1.16434,1.1644,152
2026-01-09 13:08:00,1.16427,1.16427,1.16415,1.16416,1.1644,1.1644,1.16427,1.16428,101
2026-01-09 13:09:00,1.16416,1.1642,1.16408,1.16417,1.16428,1.16432,1.1642,1.16429,195
2026-01-09 13:10:00,1.16417,1.1641800000000002,1.16409,1.16413,1.16429,1.16432,1.16422,1.16427,99
2026-01-09 13:11:00,1.16413,1.1641400000000002,1.16408,1.16409,1.16427,1.16427,1.16421,1.16422,61
2026-01-09 13:12:00,1.16409,1.16426,1.16409,1.1641,1.16422,1.16438,1.16422,1.16423,118
2026-01-09 13:13:00,1.1641,1.1642100000000002,1.1641,1.1641800000000002,1.16423,1.16434,1.16423,1.16431,70
2026-01-09 13:14:00,1.1641800000000002,1.1643100000000002,1.1641800000000002,1.1643100000000002,1.16431,1.16444,1.16431,1.16443,108
2026-01-09 13:15:00,1.1643100000000002,1.1644100000000002,1.1642800000000002,1.16437,1.16443,1.16453,1.16441,1.16449,176
2026-01-09 13:16:00,1.16437,1.16437,1.1642,1.16436,1.16449,1.16449,1.16434,1.16448,191
2026-01-09 13:17:00,1.16436,1.1645100000000002,1.16435,1.1644500000000002,1.16448,1.16464,1.16448,1.16458,119
2026-01-09 13:18:00,1.1644500000000002,1.1644800000000002,1.16435,1.1644500000000002,1.16458,1.1646,1.16448,1.16458,128
2026-01-09 13:19:00,1.1644500000000002,1.16446,1.16436,1.16436,1.16458,1.16459,1.16448,1.16449,84
2026-01-09 13:20:00,1.16436,1.16444,1.1642800000000002,1.16443,1.16449,1.16456,1.1644,1.16456,143
2026-01-09 13:21:00,1.16443,1.1645,1.1644100000000002,1.1644500000000002,1.16456,1.16462,1.16453,1.16457,118
2026-01-09 13:22:00,1.1644500000000002,1.16446,1.1643400000000002,1.1643800000000002,1.16457,1.16459,1.16448,1.16451,103
2026-01-09 13:23:00,1.1643800000000002,1.16442,1.16432,1.1643400000000002,1.16451,1.16455,1.16445,1.16447,162
2026-01-09 13:24:00,1.1643400000000002,1.1645500000000002,1.16433,1.16447,1.16447,1.16468,1.16447,1.1646,140
2026-01-09 13:25:00,1.16447,1.1644800000000002,1.1642100000000002,1.1642100000000002,1.1646,1.16461,1.16434,1.16434,151
2026-01-09 13:26:00,1.1642100000000002,1.1642400000000002,1.1640400000000002,1.16417,1.16434,1.16437,1.16417,1.16429,140
2026-01-09 13:27:00,1.16417,1.16425,1.1641400000000002,1.1642400000000002,1.16429,1.16438,1.16426,1.16437,121
2026-01-09 13:28:00,1.1642400000000002,1.1643100000000002,1.16423,1.1643,1.16437,1.16443,1.16436,1.16442,165
2026-01-09 13:29:00,1.1643,1.16436,1.1642100000000002,1.1642800000000002,1.16442,1.16457,1.16433,1.16445,237
2026-01-09 13:30:00,1.1642800000000002,1.1645,1.16247,1.16385,1.16445,1.16467,1.16268,1.16398,1827
2026-01-09 13:31:00,1.16385,1.16439,1.16371,1.16427,1.16398,1.16454,1.16388,1.16442,1014
2026-01-09 13:32:00,1.16427,1.16551,1.1641100000000002,1.16507,1.16442,1.16567,1.16428,1.16522,1070
2026-01-09 13:33:00,1.16507,1.16517,1.1646200000000002,1.16476,1.16522,1.16533,1.16477,1.16491,869
2026-01-09 13:34:00,1.16476,1.1653600000000002,1.16463,1.16508,1.16491,1.16551,1.16478,1.16524,709
2026-01-09 13:35:00,1.16508,1.16591,1.16508,1.16578,1.16524,1.16605,1.16524,1.16593,1036
2026-01-09 13:36:00,1.16578,1.16578,1.16527,1.16545,1.16593,1.16593,1.16542,1.16559,707
2026-01-09 13:37:00,1.16545,1.1660100000000002,1.1654000000000002,1.1655600000000002,1.16559,1.16616,1.16555,1.16572,751
2026-01-09 13:38:00,1.1655600000000002,1.1655600000000002,1.16504,1.16521,1.16572,1.16572,1.16519,1.16535,497
2026-01-09 13:39:00,1.16521,1.1653,1.16456,1.16466,1.16535,1.16544,1.1647,1.16482,721
2026-01-09 13:40:00,1.16466,1.1652300000000002,1.1646500000000002,1.1651,1.16482,1.16538,1.16481,1.16525,727
2026-01-09 13:41:00,1.1651,1.1652,1.16476,1.16505,1.16525,1.16535,1.16492,1.16518,783
2026-01-09 13:42:00,1.16505,1.16537,1.1649,1.1653600000000002,1.16518,1.16552,1.16504,1.16549,528
2026-01-09 13:43:00,1.1653600000000002,1.16586,1.16535,1.1658000000000002,1.16549,1.16601,1.16549,1.16595,663
2026-01-09 13:44:00,1.1658000000000002,1.1658000000000002,1.1655000000000002,1.1656000000000002,1.16595,1.16595,1.16563,1.16573,644
2026-01-09 13:45:00,1.1656000000000002,1.16575,1.16525,1.16571,1.16573,1.1659,1.16539,1.16585,739
2026-01-09 13:46:00,1.16571,1.16572,1.1654600000000002,1.16571,1.16585,1.16587,1.16562,1.16585,641
2026-01-09 13:47:00,1.16571,1.16575,1.1652,1.16521,1.16585,1.16589,1.16533,1.16534,663
2026-01-09 13:48:00,1.16521,1.16522,1.1648200000000002,1.16496,1.16534,1.16535,1.16495,1.16509,547
2026-01-09 13:49:00,1.16496,1.16501,1.16466,1.1648200000000002,1.16509,1.16514,1.1648,1.16496,534
2026-01-09 13:50:00,1.1648200000000002,1.16483,1.1644800000000002,1.16449,1.16496,1.16496,1.1646,1.16463,437
2026-01-09 13:51:00,1.16449,1.1645500000000002,1.16435,1.16436,1.16463,1.16469,1.16449,1.1645,433
2026-01-09 13:52:00,1.16436,1.1647200000000002,1.16413,1.16466,1.1645,1.16487,1.16426,1.16478,603
2026-01-09 13:53:00,1.16466,1.16474,1.16447,1.1646800000000002,1.16478,1.16488,1.16462,1.16482,380
2026-01-09 13:54:00,1.1646800000000002,1.16477,1.1645100000000002,1.1645500000000002,1.16482,1.1649,1.16464,1.16468,307
2026-01-09 13:55:00,1.1645500000000002,1.16461,1.16436,1.16437,1.16468,1.16475,1.16449,1.16451,310
2026-01-09 13:56:00,1.16437,1.16449,1.1642400000000002,1.16432,1.16451,1.16463,1.16439,1.16446,359
2026-01-09 13:57:00,1.16432,1.16466,1.1643,1.1644,1.16446,1.16482,1.16443,1.16454,492
2026-01-09 13:58:00,1.1644,1.1644500000000002,1.16415,1.1644,1.16454,1.16459,1.16428,1.16454,358
2026-01-09 13:59:00,1.1644,1.16452,1.1642800000000002,1.16446,1.16454,1.16465,1.1644,1.1646,390
2026-01-09 14:00:00,1.16446,1.16483,1.1644,1.1647500000000002,1.1646,1.16497,1.16452,1.16489,572
2026-01-09 14:01:00,1.1647500000000002,1.16481,1.16459,1.16467,1.16489,1.16494,1.16473,1.1648,377
2026-01-09 14:02:00,1.16467,1.16471,1.1644100000000002,1.1645500000000002,1.1648,1.16485,1.16455,1.16468,319
2026-01-09 14:03:00,1.1645500000000002,1.16514,1.16449,1.1651200000000002,1.16468,1.16526,1.16462,1.16524,449
2026-01-09 14:04:00,1.1651200000000002,1.16517,1.1647,1.1647200000000002,1.16524,1.1653,1.16483,1.16485,390
2026-01-09 14:05:00,1.1647200000000002,1.1651200000000002,1.16469,1.16486,1.16485,1.16524,1.16483,1.16499,543
2026-01-09 14:06:00,1.16486,1.1652,1.16477,1.16477,1.16499,1.16534,1.16491,1.16491,375
2026-01-09 14:07:00,1.16477,1.16481,1.1646500000000002,1.1647,1.16491,1.16495,1.1648,1.16482,281
2026-01-09 14:08:00,1.1647,1.16473,1.1644,1.1644100000000002,1.16482,1.16485,1.16454,1.16455,327
2026-01-09 14:09:00,1.1644100000000002,1.1644100000000002,1.16425,1.16433,1.16455,1.16455,1.16439,1.16445,248
2026-01-09 14:10:00,1.16433,1.16436,1.1642100000000002,1.16435,1.16445,1.16449,1.16434,1.16449,265
2026-01-09 14:11:00,1.16435,1.16456,1.1642100000000002,1.16436,1.16449,1.1647,1.16434,1.1645,466
2026-01-09 14:12:00,1.16436,1.16437,1.1639700000000002,1.16417,1.1645,1.16451,1.16411,1.16431,633
2026-01-09 14:13:00,1.16417,1.1642100000000002,1.16396,1.16412,1.16431,1.16435,1.16409,1.16426,517
2026-01-09 14:14:00,1.16412,1.16429,1.16405,1.1642100000000002,1.16426,1.16443,1.1642,1.16435,449
2026-01-09 14:15:00,1.1642100000000002,1.1646,1.16413,1.16446,1.16435,1.16474,1.16426,1.16459,942
2026-01-09 14:16:00,1.16446,1.16456,1.1642100000000002,1.16429,1.16459,1.1647,1.16435,1.16442,414
2026-01-09 14:17:00,1.16429,1.16442,1.16416,1.16429,1.16442,1.16455,1.1643,1.16442,356
2026-01-09 14:18:00,1.16429,1.16439,1.1641,1.1641,1.16442,1.16452,1.16424,1.16424,351
2026-01-09 14:19:00,1.1641,1.16437,1.16405,1.16436,1.16424,1.16451,1.16418,1.1645,426
2026-01-09 14:20:00,1.16436,1.16456,1.1643,1.1644800000000002,1.1645,1.16471,1.16443,1.16462,496
2026-01-09 14:21:00,1.1644800000000002,1.1646,1.16435,1.16443,1.16462,1.16474,1.16449,1.16457,360
2026-01-09 14:22:00,1.16443,1.1645,1.16429,1.16446,1.16457,1.16464,1.16442,1.16459,180
2026-01-09 14:23:00,1.16446,1.16446,1.1639000000000002,1.16409,1.16459,1.16459,1.16403,1.16424,402
2026-01-09 14:24:00,1.16409,1.1644,1.16409,1.16433,1.16424,1.16455,1.16424,1.16447,376
2026-01-09 14:25:00,1.16433,1.16444,1.1638400000000002,1.1638400000000002,1.16447,1.16457,1.16397,1.16398,293
2026-01-09 14:26:00,1.1638400000000002,1.16385,1.16347,1.16355,1.16398,1.164,1.1636,1.16368,342
2026-01-09 14:27:00,1.16355,1.16371,1.16341,1.16361,1.16368,1.16386,1.16353,1.16375,375
2026-01-09 14:28:00,1.16361,1.16378,1.16359,1.16365,1.16375,1.16393,1.16373,1.16379,382
2026-01-09 14:29:00,1.16365,1.1638700000000002,1.16358,1.16375,1.16379,1.164,1.1637,1.16388,361
2026-01-09 14:30:00,1.16375,1.16393,1.16369,1.1639000000000002,1.16388,1.16406,1.16382,1.16403,409
2026-01-09 14:31:00,1.1639000000000002,1.16402,1.16376,1.16379,1.16403,1.16415,1.1639,1.16392,320
2026-01-09 14:32:00,1.16379,1.16388,1.16355,1.16355,1.16392,1.16401,1.16369,1.16369,269
2026-01-09 14:33:00,1.16355,1.1637700000000002,1.1635000000000002,1.16361,1.16369,1.16391,1.16363,1.16374,320
2026-01-09 14:34:00,1.16361,1.1637700000000002,1.16351,1.16362,1.16374,1.16391,1.16365,1.16374,335
2026-01-09 14:35:00,1.16362,1.16406,1.16351,1.164,1.16374,1.16421,1.16364,1.16414,421
2026-01-09 14:36:00,1.164,1.1641,1.16378,1.1640100000000002,1.16414,1.16425,1.16392,1.16415,499
2026-01-09 14:37:00,1.1640100000000002,1.1643800000000002,1.16399,1.16417,1.16415,1.16452,1.16413,1.16431,336
2026-01-09 14:38:00,1.16417,1.1642800000000002,1.16395,1.16395,1.16431,1.16442,1.16409,1.16409,405
2026-01-09 14:39:00,1.16395,1.16399,1.16365,1.1638400000000002,1.16409,1.16413,1.16378,1.16397,231
2026-01-09 14:40:00,1.1638400000000002,1.16393,1.16366,1.1636700000000002,1.16397,1.16407,1.16379,1.16379,301
2026-01-09 14:41:00,1.1636700000000002,1.1636700000000002,1.16349,1.16358,1.16379,1.16381,1.16362,1.16371,208
2026-01-09 14:42:00,1.16358,1.1636300000000002,1.16351,1.16352,1.16371,1.16376,1.16364,1.16365,237
2026-01-09 14:43:00,1.16352,1.16352,1.16335,1.16337,1.16365,1.16365,1.16348,1.1635,270
2026-01-09 14:44:00,1.16337,1.16339,1.16324,1.16334,1.1635,1.16353,1.16337,1.16347,340
2026-01-09 14:45:00,1.16334,1.1634600000000002,1.16315,1.16325,1.16347,1.16358,1.16329,1.16337,365
2026-01-09 14:46:00,1.16325,1.16328,1.16307,1.1630900000000002,1.16337,1.16341,1.1632,1.16322,461
2026-01-09 14:47:00,1.1630900000000002,1.16315,1.1629500000000002,1.1629600000000002,1.16322,1.16328,1.16308,1.16309,342
2026-01-09 14:48:00,1.1629600000000002,1.16322,1.1629600000000002,1.16318,1.16309,1.16335,1.16308,1.16332,345
2026-01-09 14:49:00,1.16318,1.1633600000000002,1.1630200000000002,1.1632900000000002,1.16332,1.16349,1.16315,1.16342,467
2026-01-09 14:50:00,1.1632900000000002,1.16334,1.1629900000000002,1.1630600000000002,1.16342,1.16348,1.16314,1.16321,433
2026-01-09 14:51:00,1.1630600000000002,1.1632900000000002,1.163,1.16318,1.16321,1.16342,1.16314,1.16331,335
2026-01-09 14:52:00,1.16318,1.16334,1.16315,1.16327,1.16331,1.16348,1.16327,1.1634,458
2026-01-09 14:53:00,1.16327,1.1636700000000002,1.16327,1.1635700000000002,1.1634,1.16381,1.1634,1.16371,371
2026-01-09 14:54:00,1.1635700000000002,1.16361,1.1634600000000002,1.16347,1.16371,1.16375,1.1636,1.1636,359
2026-01-09 14:55:00,1.16347,1.16356,1.1633,1.16332,1.1636,1.16369,1.16343,1.16346,352
2026-01-09 14:56:00,1.16332,1.16361,1.16327,1.16359,1.16346,1.16376,1.1634,1.16371,228
2026-01-09 14:57:00,1.16359,1.1636700000000002,1.1633600000000002,1.16341,1.16371,1.1638,1.16349,1.16354,200
2026-01-09 14:58:00,1.16341,1.16365,1.16339,1.16365,1.16354,1.16378,1.16352,1.16377,149
2026-01-09 14:59:00,1.16365,1.16375,1.16356,1.16361,1.16377,1.16387,1.16373,1.16377,333
2026-01-09 15:00:00,1.16361,1.16361,1.16321,1.16341,1.16377,1.16377,1.16336,1.16353,386
2026-01-09 15:01:00,1.16341,1.1634300000000002,1.16317,1.16342,1.16353,1.16356,1.1633,1.16355,383
2026-01-09 15:02:00,1.16342,1.1638400000000002,1.1631900000000002,1.16355,1.16355,1.16401,1.16332,1.16369,905
2026-01-09 15:03:00,1.16355,1.16355,1.16303,1.16321,1.16369,1.16369,1.16319,1.16337,647
2026-01-09 15:04:00,1.16321,1.16348,1.16308,1.1631200000000002,1.16337,1.16362,1.16322,1.16325,416
2026-01-09 15:05:00,1.1631200000000002,1.16328,1.16287,1.16287,1.16325,1.1634,1.163,1.16301,478
2026-01-09 15:06:00,1.16287,1.16287,1.16257,1.1626200000000002,1.16301,1.16301,1.1627,1.16276,442
2026-01-09 15:07:00,1.1626200000000002,1.16269,1.16254,1.1625500000000002,1.16276,1.16282,1.16267,1.16269,423
2026-01-09 15:08:00,1.1625500000000002,1.16288,1.1625100000000002,1.16287,1.16269,1.16303,1.16264,1.163,381
2026-01-09 15:09:00,1.16287,1.1628900000000002,1.16246,1.1624800000000002,1.163,1.16303,1.1626,1.16262,370
2026-01-09 15:10:00,1.1624800000000002,1.1625100000000002,1.1621,1.1622,1.16262,1.16265,1.16225,1.16234,432
2026-01-09 15:11:00,1.1622,1.1623800000000002,1.1621400000000002,1.1623800000000002,1.16234,1.16252,1.16227,1.16252,222
2026-01-09 15:12:00,1.1623800000000002,1.16239,1.16222,1.1623400000000002,1.16252,1.16253,1.16235,1.16247,305
2026-01-09 15:13:00,1.1623400000000002,1.16257,1.16229,1.1623800000000002,1.16247,1.16272,1.16241,1.16252,279
2026-01-09 15:14:00,1.1623800000000002,1.16254,1.1623500000000002,1.16254,1.16252,1.16267,1.16248,1.16267,179
2026-01-09 15:15:00,1.16254,1.16254,1.16236,1.16243,1.16267,1.16267,1.1625,1.16256,256
2026-01-09 15:16:00,1.16243,1.16244,1.16219,1.16226,1.16256,1.16258,1.16231,1.1624,256
2026-01-09 15:17:00,1.16226,1.1622800000000002,1.16205,1.1621800000000002,1.1624,1.16241,1.16219,1.16231,236
2026-01-09 15:18:00,1.1621800000000002,1.1622100000000002,1.16205,1.16206,1.16231,1.16234,1.16218,1.16219,215
2026-01-09 15:19:00,1.16206,1.1621800000000002,1.1620400000000002,1.1621800000000002,1.16219,1.16231,1.16216,1.16231,159
2026-01-09 15:20:00,1.1621800000000002,1.1621800000000002,1.16176,1.16181,1.16231,1.16231,1.1619,1.16195,393
2026-01-09 15:21:00,1.16181,1.16212,1.16175,1.1620700000000002,1.16195,1.16227,1.16189,1.16221,349
2026-01-09 15:22:00,1.1620700000000002,1.1623800000000002,1.16199,1.16203,1.16221,1.16252,1.16213,1.16217,390
2026-01-09 15:23:00,1.16203,1.16242,1.16203,1.16227,1.16217,1.16256,1.16216,1.16242,284
2026-01-09 15:24:00,1.16227,1.1625100000000002,1.16226,1.16244,1.16242,1.16265,1.1624,1.16257,293
2026-01-09 15:25:00,1.16244,1.16252,1.16232,1.1625100000000002,1.16257,1.16265,1.16245,1.16264,339
2026-01-09 15:26:00,1.1625100000000002,1.16266,1.1624100000000002,1.16264,1.16264,1.16278,1.16254,1.16278,206
2026-01-09 15:27:00,1.16264,1.16278,1.1626200000000002,1.16269,1.16278,1.16292,1.16276,1.16282,301
2026-01-09 15:28:00,1.16269,1.16277,1.1625100000000002,1.16271,1.16282,1.16291,1.16264,1.16284,425
2026-01-09 15:29:00,1.16271,1.16271,1.1624800000000002,1.16256,1.16284,1.16284,1.16262,1.1627,256
2026-01-09 15:30:00,1.16256,1.1626500000000002,1.1624800000000002,1.16257,1.1627,1.16278,1.1626,1.1627,228
2026-01-09 15:31:00,1.16257,1.1627500000000002,1.16247,1.16274,1.1627,1.16288,1.16259,1.16287,264
2026-01-09 15:32:00,1.16274,1.16307,1.16273,1.16294,1.16287,1.16322,1.16287,1.16307,487
2026-01-09 15:33:00,1.16294,1.16318,1.1629200000000002,1.1631600000000002,1.16307,1.16332,1.16306,1.16329,365
2026-01-09 15:34:00,1.1631600000000002,1.16332,1.1631600000000002,1.1632,1.16329,1.16345,1.16329,1.16333,291
2026-01-09 15:35:00,1.1632,1.1636000000000002,1.1632,1.16344,1.16333,1.16373,1.16332,1.16359,386
2026-01-09 15:36:00,1.16344,1.16354,1.16334,1.1635300000000002,1.16359,1.16368,1.16347,1.16367,274
2026-01-09 15:37:00,1.1635300000000002,1.16365,1.16341,1.16342,1.16367,1.16378,1.16355,1.16356,244
2026-01-09 15:38:00,1.16342,1.16355,1.16342,1.16347,1.16356,1.16369,1.16356,1.1636,227
2026-01-09 15:39:00,1.16347,1.1637000000000002,1.1634600000000002,1.1635300000000002,1.1636,1.16382,1.1636,1.16367,194
2026-01-09 15:40:00,1.1635300000000002,1.1638000000000002,1.1635300000000002,1.16365,1.16367,1.16393,1.16367,1.16379,314
2026-01-09 15:41:00,1.16365,1.16366,1.16347,1.16358,1.16379,1.16379,1.16362,1.1637,232
2026-01-09 15:42:00,1.16358,1.1637000000000002,1.1634300000000002,1.16356,1.1637,1.16383,1.16356,1.16368,301
2026-01-09 15:43:00,1.16356,1.16361,1.16339,1.16348,1.16368,1.16373,1.16353,1.16361,218
2026-01-09 15:44:00,1.16348,1.16355,1.16332,1.1634000000000002,1.16361,1.16369,1.16344,1.16353,300
2026-01-09 15:45:00,1.1634000000000002,1.16369,1.16338,1.16369,1.16353,1.16382,1.16351,1.16381,292
2026-01-09 15:46:00,1.16369,1.16381,1.16366,1.1638000000000002,1.16381,1.16394,1.16379,1.16393,289
2026-01-09 15:47:00,1.1638000000000002,1.1638000000000002,1.16344,1.16347,1.16393,1.16393,1.16358,1.1636,236
2026-01-09 15:48:00,1.16347,1.16347,1.1632,1.1632900000000002,1.1636,1.16361,1.16334,1.16342,256
2026-01-09 15:49:00,1.1632900000000002,1.16362,1.1632,1.16358,1.16342,1.16375,1.16334,1.16372,265
2026-01-09 15:50:00,1.16358,1.16374,1.1635700000000002,1.16374,1.16372,1.16387,1.16371,1.16387,206
2026-01-09 15:51:00,1.16374,1.1639000000000002,1.16368,1.1638700000000002,1.16387,1.16403,1.16382,1.164,194
2026-01-09 15:52:00,1.1638700000000002,1.1640400000000002,1.16379,1.16379,1.164,1.16417,1.16392,1.16392,307
2026-01-09 15:53:00,1.16379,1.16382,1.16338,1.16352,1.16392,1.16394,1.16352,1.16366,288
2026-01-09 15:54:00,1.16352,1.16364,1.16351,1.16354,1.16366,1.16378,1.16366,1.16367,276
2026-01-09 15:55:00,1.16354,1.1635700000000002,1.16335,1.16354,1.16367,1.1637,1.16349,1.16367,350
2026-01-09 15:56:00,1.16354,1.16358,1.16342,1.1635700000000002,1.16367,1.16372,1.16356,1.1637,255
2026-01-09 15:57:00,1.1635700000000002,1.16389,1.16356,1.16386,1.1637,1.16403,1.1637,1.164,428
2026-01-09 15:58:00,1.16386,1.1640100000000002,1.16386,1.16399,1.164,1.16413,1.16399,1.16412,250
2026-01-09 15:59:00,1.16399,1.16402,1.16393,1.164,1.16412,1.16414,1.16406,1.16412,239
2026-01-09 16:00:00,1.164,1.16413,1.164,1.16406,1.16412,1.16425,1.16412,1.16418,315
2026-01-09 16:01:00,1.16406,1.1641800000000002,1.16403,1.16417,1.16418,1.1643,1.16416,1.1643,184
2026-01-09 16:02:00,1.16417,1.1642800000000002,1.1641400000000002,1.1642100000000002,1.1643,1.16441,1.16427,1.16435,246
2026-01-09 16:03:00,1.1642100000000002,1.16422,1.16376,1.1637700000000002,1.16435,1.16435,1.16389,1.16391,273
2026-01-09 16:04:00,1.1637700000000002,1.1639000000000002,1.16375,1.1639000000000002,1.16391,1.16403,1.16389,1.16402,174
2026-01-09 16:05:00,1.1639000000000002,1.16409,1.1639000000000002,1.16408,1.16402,1.16423,1.16402,1.16421,244
2026-01-09 16:06:00,1.16408,1.1641800000000002,1.16393,1.16408,1.16421,1.16432,1.16406,1.16421,180
2026-01-09 16:07:00,1.16408,1.16417,1.16403,1.16409,1.16421,1.16431,1.16417,1.16421,281
2026-01-09 16:08:00,1.16409,1.16409,1.16396,1.16403,1.16421,1.16422,1.16409,1.16416,268
2026-01-09 16:09:00,1.16403,1.1640400000000002,1.16378,1.1638000000000002,1.16416,1.16417,1.16391,1.16392,213
2026-01-09 16:10:00,1.1638000000000002,1.1638700000000002,1.16365,1.16365,1.16392,1.164,1.16378,1.16378,204
2026-01-09 16:11:00,1.16365,1.16379,1.16365,1.1637700000000002,1.16378,1.16392,1.16378,1.16389,124
2026-01-09 16:12:00,1.1637700000000002,1.16383,1.16368,1.16378,1.16389,1.16396,1.16382,1.1639,173
2026-01-09 16:13:00,1.16378,1.16379,1.16358,1.16371,1.1639,1.16392,1.16371,1.16383,222
2026-01-09 16:14:00,1.16371,1.1638400000000002,1.16371,1.1638000000000002,1.16383,1.16397,1.16383,1.16392,194
2026-01-09 16:15:00,1.1638000000000002,1.16391,1.1638000000000002,1.16383,1.16392,1.16403,1.16392,1.16396,180
2026-01-09 16:16:00,1.16383,1.1639000000000002,1.16379,1.16388,1.16396,1.16402,1.16391,1.164,170
2026-01-09 16:17:00,1.16388,1.1639000000000002,1.16375,1.16375,1.164,1.16402,1.16388,1.16388,120
2026-01-09 16:18:00,1.16375,1.16386,1.16369,1.16376,1.16388,1.164,1.16381,1.16388,172
2026-01-09 16:19:00,1.16376,1.16399,1.16371,1.16398,1.16388,1.16412,1.16384,1.16411,187
2026-01-09 16:20:00,1.16398,1.16399,1.16372,1.1637300000000002,1.16411,1.16412,1.16385,1.16386,250
2026-01-09 16:21:00,1.1637300000000002,1.1637700000000002,1.1636700000000002,1.16368,1.16386,1.1639,1.1638,1.1638,186
2026-01-09 16:22:00,1.16368,1.1637000000000002,1.16341,1.1634300000000002,1.1638,1.16382,1.16354,1.16355,254
2026-01-09 16:23:00,1.1634300000000002,1.1634300000000002,1.16327,1.16328,1.16355,1.16356,1.1634,1.1634,260
2026-01-09 16:24:00,1.16328,1.1633300000000002,1.1631,1.16313,1.1634,1.16346,1.16323,1.16325,260
2026-01-09 16:25:00,1.16313,1.1632300000000002,1.163,1.16322,1.16325,1.16336,1.16313,1.16335,233
2026-01-09 16:26:00,1.16322,1.1632300000000002,1.1630200000000002,1.16303,1.16335,1.16336,1.16315,1.16315,118
2026-01-09 16:27:00,1.16303,1.1631600000000002,1.16301,1.1630600000000002,1.16315,1.16329,1.16315,1.16319,109
2026-01-09 16:28:00,1.1630600000000002,1.16308,1.16298,1.16305,1.16319,1.16321,1.16311,1.16318,234
2026-01-09 16:29:00,1.16305,1.1631200000000002,1.16291,1.1629200000000002,1.16318,1.16325,1.16306,1.16307,172
2026-01-09 16:30:00,1.1629200000000002,1.1629900000000002,1.16283,1.16287,1.16307,1.16312,1.16297,1.16301,210
2026-01-09 16:31:00,1.16287,1.1629200000000002,1.16277,1.16277,1.16301,1.16305,1.1629,1.16291,129
2026-01-09 16:32:00,1.16277,1.16303,1.16277,1.16303,1.16291,1.16317,1.16291,1.16317,243
2026-01-09 16:33:00,1.16303,1.16315,1.1628900000000002,1.16291,1.16317,1.16328,1.16303,1.16305,172
2026-01-09 16:34:00,1.16291,1.1630600000000002,1.1629,1.16305,1.16305,1.16319,1.16303,1.16318,138
2026-01-09 16:35:00,1.16305,1.16335,1.16301,1.16331,1.16318,1.16348,1.16315,1.16344,203
2026-01-09 16:36:00,1.16331,1.16337,1.16321,1.16334,1.16344,1.16351,1.16335,1.16346,228
2026-01-09 16:37:00,1.16334,1.1633600000000002,1.16327,1.16334,1.16346,1.1635,1.1634,1.16346,115
2026-01-09 16:38:00,1.16334,1.16335,1.16318,1.16324,1.16346,1.16348,1.1633,1.16336,137
2026-01-09 16:39:00,1.16324,1.16335,1.1632300000000002,1.16331,1.16336,1.16347,1.16335,1.16344,126
2026-01-09 16:40:00,1.16331,1.1635300000000002,1.16331,1.1634600000000002,1.16344,1.16366,1.16343,1.16358,213
2026-01-09 16:41:00,1.1634600000000002,1.16351,1.1633300000000002,1.1634300000000002,1.16358,1.16363,1.16346,1.16356,182
2026-01-09 16:42:00,1.1634300000000002,1.16344,1.1632600000000002,1.16328,1.16356,1.16356,1.16339,1.16341,144
2026-01-09 16:43:00,1.16328,1.16337,1.1632300000000002,1.16332,1.16341,1.16349,1.16335,1.16345,87
2026-01-09 16:44:00,1.16332,1.1634300000000002,1.16332,1.16339,1.16345,1.16356,1.16345,1.16352,208
2026-01-09 16:45:00,1.16339,1.1634600000000002,1.16332,1.16341,1.16352,1.16359,1.16345,1.16353,190
2026-01-09 16:46:00,1.16341,1.16341,1.1633,1.1633300000000002,1.16353,1.16354,1.16343,1.16345,158
2026-01-09 16:47:00,1.1633300000000002,1.1634300000000002,1.16327,1.1634000000000002,1.16345,1.16356,1.1634,1.16352,198
2026-01-09 16:48:00,1.1634000000000002,1.16344,1.16334,1.16337,1.16352,1.16356,1.16347,1.1635,175
2026-01-09 16:49:00,1.16337,1.16337,1.1632900000000002,1.16332,1.1635,1.1635,1.16343,1.16346,105
2026-01-09 16:50:00,1.16332,1.16342,1.16328,1.16335,1.16346,1.16355,1.16341,1.16348,108
2026-01-09 16:51:00,1.16335,1.16338,1.1632300000000002,1.1632300000000002,1.16348,1.16351,1.16336,1.16336,95
2026-01-09 16:52:00,1.1632300000000002,1.16331,1.16318,1.16322,1.16336,1.16343,1.16332,1.16335,100
2026-01-09 16:53:00,1.16322,1.16335,1.1631900000000002,1.16328,1.16335,1.16348,1.16332,1.16341,92
2026-01-09 16:54:00,1.16328,1.16334,1.16322,1.1633,1.16341,1.16347,1.16336,1.16343,79
2026-01-09 16:55:00,1.1633,1.1633300000000002,1.1632300000000002,1.1633,1.16343,1.16346,1.16336,1.16343,97
2026-01-09 16:56:00,1.1633,1.16334,1.1632900000000002,1.1633,1.16343,1.16347,1.16342,1.16343,74
2026-01-09 16:57:00,1.1633,1.1633300000000002,1.16321,1.1633300000000002,1.16343,1.16346,1.16333,1.16346,121
2026-01-09 16:58:00,1.1633300000000002,1.1634300000000002,1.16331,1.16335,1.16346,1.16356,1.16344,1.16348,192
2026-01-09 16:59:00,1.16335,1.16335,1.1632600000000002,1.1632600000000002,1.16348,1.16348,1.16339,1.16339,117
2026-01-09 17:00:00,1.1632600000000002,1.16327,1.16315,1.16318,1.16339,1.16341,1.16328,1.16331,188
2026-01-09 17:01:00,1.16318,1.16322,1.16311,1.1631600000000002,1.16331,1.16336,1.16325,1.1633,209
2026-01-09 17:02:00,1.1631600000000002,1.1633,1.1631200000000002,1.16327,1.1633,1.16344,1.16325,1.1634,215
2026-01-09 17:03:00,1.16327,1.1634000000000002,1.16305,1.1630600000000002,1.1634,1.16353,1.1632,1.16321,185
2026-01-09 17:04:00,1.1630600000000002,1.16307,1.1628,1.16281,1.16321,1.16321,1.16295,1.16295,161
2026-01-09 17:05:00,1.16281,1.16298,1.1627900000000002,1.1629200000000002,1.16295,1.1631,1.16292,1.16306,136
2026-01-09 17:06:00,1.1629200000000002,1.16293,1.1628,1.1628200000000002,1.16306,1.16306,1.16294,1.16294,110
2026-01-09 17:07:00,1.1628200000000002,1.16303,1.1628200000000002,1.163,1.16294,1.16317,1.16294,1.16312,129
2026-01-09 17:08:00,1.163,1.163,1.1628900000000002,1.1629600000000002,1.16312,1.16313,1.16302,1.1631,109
2026-01-09 17:09:00,1.1629600000000002,1.16305,1.1629200000000002,1.1629900000000002,1.1631,1.16318,1.16305,1.16313,76
2026-01-09 17:10:00,1.1629900000000002,1.1631200000000002,1.1629,1.1631,1.16313,1.16325,1.16303,1.16323,90
2026-01-09 17:11:00,1.1631,1.1631,1.16293,1.1629500000000002,1.16323,1.16323,1.16306,1.16309,90
2026-01-09 17:12:00,1.1629500000000002,1.16303,1.16294,1.16297,1.16309,1.16316,1.16308,1.1631,55
2026-01-09 17:13:00,1.16297,1.16307,1.16294,1.16307,1.1631,1.1632,1.16308,1.1632,106
2026-01-09 17:14:00,1.16307,1.1631200000000002,1.1630600000000002,1.16307,1.1632,1.16327,1.16319,1.1632,57
2026-01-09 17:15:00,1.16307,1.16307,1.1629200000000002,1.16293,1.1632,1.1632,1.16305,1.16307,129
2026-01-09 17:16:00,1.16293,1.1630200000000002,1.1628900000000002,1.1629600000000002,1.16307,1.16315,1.16302,1.1631,164
2026-01-09 17:17:00,1.1629600000000002,1.1630200000000002,1.16294,1.1629500000000002,1.1631,1.16315,1.16307,1.16307,147
2026-01-09 17:18:00,1.1629500000000002,1.16298,1.1626800000000002,1.16291,1.16307,1.16313,1.16282,1.16305,244
2026-01-09 17:19:00,1.16291,1.1629200000000002,1.1627900000000002,1.16287,1.16305,1.16306,1.16293,1.163,119
2026-01-09 17:20:00,1.16287,1.16291,1.16276,1.16287,1.163,1.16304,1.16289,1.16299,130
2026-01-09 17:21:00,1.16287,1.16287,1.16271,1.16271,1.16299,1.16299,1.16284,1.16285,147
2026-01-09 17:22:00,1.16271,1.16284,1.16271,1.1628,1.16285,1.16297,1.16285,1.16293,117
2026-01-09 17:23:00,1.1628,1.16284,1.1627200000000002,1.16273,1.16293,1.16297,1.16286,1.16286,82
2026-01-09 17:24:00,1.16273,1.16284,1.16273,1.16283,1.16286,1.16297,1.16286,1.16296,91
2026-01-09 17:25:00,1.16283,1.16291,1.16283,1.16287,1.16296,1.16304,1.16295,1.163,149
2026-01-09 17:26:00,1.16287,1.16287,1.16276,1.1628200000000002,1.163,1.163,1.16289,1.16295,118
2026-01-09 17:27:00,1.1628200000000002,1.16291,1.16274,1.1629,1.16295,1.16304,1.16287,1.16303,188
2026-01-09 17:28:00,1.1629,1.1629200000000002,1.1628500000000002,1.16291,1.16303,1.16306,1.16299,1.16305,130
2026-01-09 17:29:00,1.16291,1.16303,1.16291,1.16303,1.16305,1.16316,1.16305,1.16316,113
2026-01-09 17:30:00,1.16303,1.16304,1.16293,1.16303,1.16316,1.16317,1.16306,1.16315,187
2026-01-09 17:31:00,1.16303,1.1630600000000002,1.16291,1.16293,1.16315,1.1632,1.16304,1.16305,180
2026-01-09 17:32:00,1.16293,1.1629600000000002,1.16288,1.1628900000000002,1.16305,1.1631,1.163,1.16302,107
2026-01-09 17:33:00,1.1628900000000002,1.16303,1.16287,1.16297,1.16302,1.16315,1.163,1.1631,152
2026-01-09 17:34:00,1.16297,1.16304,1.16297,1.16303,1.1631,1.16317,1.16309,1.16315,152
2026-01-09 17:35:00,1.16303,1.16303,1.1629,1.16298,1.16315,1.16316,1.16302,1.16312,237
2026-01-09 17:36:00,1.16298,1.16303,1.16298,1.1630200000000002,1.16312,1.16315,1.1631,1.16315,147
2026-01-09 17:37:00,1.1630200000000002,1.16307,1.1630200000000002,1.1630200000000002,1.16315,1.1632,1.16314,1.16315,109
2026-01-09 17:38:00,1.1630200000000002,1.1630600000000002,1.1628900000000002,1.1629,1.16315,1.16319,1.16302,1.16302,132
2026-01-09 17:39:00,1.1629,1.1629200000000002,1.16283,1.1629200000000002,1.16302,1.16305,1.16296,1.16305,129
2026-01-09 17:40:00,1.1629200000000002,1.1629200000000002,1.1628200000000002,1.1628900000000002,1.16305,1.16305,1.16295,1.16301,151
2026-01-09 17:41:00,1.1628900000000002,1.16294,1.1628500000000002,1.1629200000000002,1.16301,1.16307,1.16299,1.16306,114
2026-01-09 17:42:00,1.1629200000000002,1.16308,1.1629,1.1630600000000002,1.16306,1.1632,1.16303,1.16318,127
2026-01-09 17:43:00,1.1630600000000002,1.16318,1.1630600000000002,1.16315,1.16318,1.16331,1.16318,1.16328,122
2026-01-09 17:44:00,1.16315,1.16317,1.16301,1.16304,1.16328,1.16329,1.16315,1.16317,123
2026-01-09 17:45:00,1.16304,1.16313,1.16303,1.16313,1.16317,1.16326,1.16315,1.16326,105
2026-01-09 17:46:00,1.16313,1.16314,1.16303,1.16308,1.16326,1.16327,1.16315,1.16322,122
2026-01-09 17:47:00,1.16308,1.16315,1.16308,1.16313,1.16322,1.16329,1.16322,1.16326,142
2026-01-09 17:48:00,1.16313,1.16317,1.1631200000000002,1.16317,1.16326,1.1633,1.16324,1.16329,112
2026-01-09 17:49:00,1.16317,1.16324,1.16313,1.16324,1.16329,1.16337,1.16325,1.16337,134
2026-01-09 17:50:00,1.16324,1.1632600000000002,1.16317,1.16318,1.16337,1.16338,1.16331,1.16331,113
2026-01-09 17:51:00,1.16318,1.16322,1.1631200000000002,1.1631600000000002,1.16331,1.16335,1.16325,1.1633,97
2026-01-09 17:52:00,1.1631600000000002,1.16318,1.16315,1.16317,1.1633,1.16332,1.16329,1.1633,27
2026-01-09 17:53:00,1.16317,1.16318,1.16311,1.1631600000000002,1.1633,1.16332,1.16325,1.1633,71
2026-01-09 17:54:00,1.1631600000000002,1.1631900000000002,1.1631,1.16318,1.1633,1.16332,1.16323,1.16332,57
2026-01-09 17:55:00,1.16318,1.16318,1.1630200000000002,1.16304,1.16332,1.16332,1.16315,1.16317,105
2026-01-09 17:56:00,1.16304,1.1631,1.16298,1.16305,1.16317,1.16323,1.16311,1.16319,124
2026-01-09 17:57:00,1.16305,1.16311,1.16305,1.1630600000000002,1.16319,1.16323,1.16318,1.1632,105
2026-01-09 17:58:00,1.1630600000000002,1.16315,1.1630600000000002,1.16311,1.1632,1.16328,1.16319,1.16324,143
2026-01-09 17:59:00,1.16311,1.16313,1.16304,1.16311,1.16324,1.16326,1.16317,1.16324,116
2026-01-09 18:00:00,1.16311,1.16317,1.16311,1.16313,1.16324,1.16331,1.16324,1.16326,117
2026-01-09 18:01:00,1.16313,1.16315,1.16308,1.16308,1.16326,1.16328,1.16322,1.16322,62
2026-01-09 18:02:00,1.16308,1.16322,1.16308,1.16317,1.16322,1.16335,1.16322,1.16331,98
2026-01-09 18:03:00,1.16317,1.16324,1.1631,1.1632300000000002,1.16331,1.16337,1.16323,1.16337,75
2026-01-09 18:04:00,1.1632300000000002,1.16327,1.16317,1.16324,1.16337,1.16341,1.1633,1.16338,127
2026-01-09 18:05:00,1.16324,1.16324,1.1631900000000002,1.1631900000000002,1.16338,1.16338,1.16332,1.16332,46
2026-01-09 18:06:00,1.1631900000000002,1.16328,1.16318,1.16324,1.16332,1.16341,1.16331,1.16337,87
2026-01-09 18:07:00,1.16324,1.16338,1.16324,1.1633600000000002,1.16337,1.16352,1.16337,1.1635,90
2026-01-09 18:08:00,1.1633600000000002,1.16337,1.16325,1.1632900000000002,1.1635,1.16351,1.16338,1.16341,65
2026-01-09 18:09:00,1.1632900000000002,1.16331,1.16322,1.16322,1.16341,1.16344,1.16335,1.16335,87
2026-01-09 18:10:00,1.16322,1.1632900000000002,1.1631600000000002,1.16328,1.16335,1.16342,1.16328,1.1634,110
2026-01-09 18:11:00,1.16328,1.16328,1.1630900000000002,1.1631,1.1634,1.16341,1.16322,1.16322,105
2026-01-09 18:12:00,1.1631,1.16325,1.16308,1.1632300000000002,1.16322,1.16338,1.16321,1.16336,88
2026-01-09 18:13:00,1.1632300000000002,1.1632300000000002,1.16318,1.1631900000000002,1.16336,1.16336,1.16332,1.16333,65
2026-01-09 18:14:00,1.1631900000000002,1.16321,1.16308,1.16313,1.16333,1.16335,1.16321,1.16326,58
2026-01-09 18:15:00,1.16313,1.16321,1.16313,1.16314,1.16326,1.16334,1.16326,1.16328,50
2026-01-09 18:16:00,1.16314,1.1631600000000002,1.16304,1.16308,1.16328,1.16328,1.16318,1.16321,54
2026-01-09 18:17:00,1.16308,1.1632300000000002,1.16307,1.1632300000000002,1.16321,1.16336,1.1632,1.16336,101
2026-01-09 18:18:00,1.1632300000000002,1.16327,1.16322,1.1632600000000002,1.16336,1.1634,1.16336,1.16339,45
2026-01-09 18:19:00,1.1632600000000002,1.1633300000000002,1.16325,1.16331,1.16339,1.16346,1.16338,1.16344,95
2026-01-09 18:20:00,1.16331,1.16334,1.16328,1.16331,1.16344,1.16347,1.16342,1.16344,49
2026-01-09 18:21:00,1.16331,1.16335,1.1632900000000002,1.1633300000000002,1.16344,1.16348,1.16342,1.16346,101
2026-01-09 18:22:00,1.1633300000000002,1.16334,1.16324,1.16328,1.16346,1.16347,1.16337,1.16341,93
2026-01-09 18:23:00,1.16328,1.1633600000000002,1.16327,1.16335,1.16341,1.16348,1.16341,1.16348,90
2026-01-09 18:24:00,1.16335,1.1633600000000002,1.16331,1.16334,1.16348,1.16348,1.16344,1.16347,90
2026-01-09 18:25:00,1.16334,1.16335,1.16327,1.16328,1.16347,1.16347,1.16341,1.16341,78
2026-01-09 18:26:00,1.16328,1.1632900000000002,1.16322,1.16322,1.16341,1.16342,1.16335,1.16336,64
2026-01-09 18:27:00,1.16322,1.16328,1.16322,1.16325,1.16336,1.16341,1.16336,1.16338,82
2026-01-09 18:28:00,1.16325,1.1632900000000002,1.1632300000000002,1.16327,1.16338,1.16341,1.16335,1.1634,90
2026-01-09 18:29:00,1.16327,1.1633,1.16325,1.16327,1.1634,1.16343,1.16339,1.16341,49
2026-01-09 18:30:00,1.16327,1.16339,1.16327,1.1633600000000002,1.16341,1.16352,1.16341,1.16349,84
2026-01-09 18:31:00,1.1633600000000002,1.1633600000000002,1.16328,1.16328,1.16349,1.1635,1.16341,1.16341,43
2026-01-09 18:32:00,1.16328,1.1633300000000002,1.16328,1.1633300000000002,1.16341,1.16347,1.1634,1.16347,25
2026-01-09 18:33:00,1.1633300000000002,1.16342,1.16327,1.16341,1.16347,1.16356,1.1634,1.16355,111
2026-01-09 18:34:00,1.16341,1.1635700000000002,1.16341,1.1635700000000002,1.16355,1.1637,1.16355,1.1637,73
2026-01-09 18:35:00,1.1635700000000002,1.16372,1.1635700000000002,1.16368,1.1637,1.16386,1.1637,1.16381,133
2026-01-09 18:36:00,1.16368,1.16374,1.16364,1.16372,1.16381,1.16388,1.16378,1.16386,59
2026-01-09 18:37:00,1.16372,1.16383,1.16372,1.16382,1.16386,1.16396,1.16386,1.16395,59
2026-01-09 18:38:00,1.16382,1.16393,1.16382,1.16389,1.16395,1.16407,1.16395,1.16403,64
2026-01-09 18:39:00,1.16389,1.16389,1.16376,1.16376,1.16403,1.16403,1.16389,1.1639,49
2026-01-09 18:40:00,1.16376,1.16383,1.16375,1.16382,1.1639,1.16396,1.16387,1.16396,62
2026-01-09 18:41:00,1.16382,1.16383,1.16368,1.16372,1.16396,1.16396,1.16383,1.16386,52
2026-01-09 18:42:00,1.16372,1.16381,1.16371,1.16372,1.16386,1.16394,1.16385,1.16386,59
2026-01-09 18:43:00,1.16372,1.16383,1.16372,1.16378,1.16386,1.16397,1.16386,1.16392,65
2026-01-09 18:44:00,1.16378,1.16382,1.16371,1.16372,1.16392,1.16395,1.16385,1.16386,58
2026-01-09 18:45:00,1.16372,1.16379,1.16372,1.16376,1.16386,1.16392,1.16386,1.16391,52
2026-01-09 18:46:00,1.16376,1.1637700000000002,1.1636700000000002,1.16372,1.16391,1.16391,1.1638,1.16385,57
2026-01-09 18:47:00,1.16372,1.16372,1.16365,1.16368,1.16385,1.16385,1.16378,1.16382,37
2026-01-09 18:48:00,1.16368,1.16372,1.1636300000000002,1.1636300000000002,1.16382,1.16386,1.16376,1.16377,51
2026-01-09 18:49:00,1.1636300000000002,1.16366,1.16358,1.1636300000000002,1.16377,1.1638,1.16371,1.16376,55
2026-01-09 18:50:00,1.1636300000000002,1.1636300000000002,1.1635700000000002,1.16358,1.16376,1.16377,1.16369,1.16372,94
2026-01-09 18:51:00,1.16358,1.16359,1.16352,1.16352,1.16372,1.16372,1.16365,1.16366,92
2026-01-09 18:52:00,1.16352,1.16359,1.16352,1.1635300000000002,1.16366,1.16372,1.16366,1.16367,47
2026-01-09 18:53:00,1.1635300000000002,1.16354,1.16347,1.16349,1.16367,1.16368,1.16361,1.16363,65
2026-01-09 18:54:00,1.16349,1.16359,1.16345,1.16358,1.16363,1.16372,1.16359,1.16372,60
2026-01-09 18:55:00,1.16358,1.16358,1.1633600000000002,1.16337,1.16372,1.16372,1.16349,1.16351,105
2026-01-09 18:56:00,1.16337,1.16349,1.16337,1.16342,1.16351,1.16363,1.1635,1.16355,102
2026-01-09 18:57:00,1.16342,1.1635300000000002,1.16341,1.16341,1.16355,1.16367,1.16354,1.16354,117
2026-01-09 18:58:00,1.16341,1.16341,1.16337,1.1634000000000002,1.16354,1.16354,1.1635,1.16354,102
2026-01-09 18:59:00,1.1634000000000002,1.1634000000000002,1.1632900000000002,1.16334,1.16354,1.16354,1.16343,1.16347,179
2026-01-09 19:00:00,1.16334,1.1633600000000002,1.16324,1.16327,1.16347,1.16349,1.16338,1.1634,140
2026-01-09 19:01:00,1.16327,1.16332,1.16325,1.1633,1.1634,1.16345,1.16338,1.16343,125
2026-01-09 19:02:00,1.1633,1.16348,1.16328,1.1634600000000002,1.16343,1.16361,1.16341,1.1636,140
2026-01-09 19:03:00,1.1634600000000002,1.1635700000000002,1.1634600000000002,1.16355,1.1636,1.16369,1.16359,1.16368,113
2026-01-09 19:04:00,1.16355,1.1635700000000002,1.16348,1.16348,1.16368,1.1637,1.16361,1.16361,57
2026-01-09 19:05:00,1.16348,1.16352,1.16339,1.16339,1.16361,1.16365,1.16353,1.16353,63
2026-01-09 19:06:00,1.16339,1.16342,1.16335,1.16338,1.16353,1.16355,1.16348,1.16352,74
2026-01-09 19:07:00,1.16338,1.1634600000000002,1.1633600000000002,1.16345,1.16352,1.1636,1.16349,1.16359,82
2026-01-09 19:08:00,1.16345,1.16354,1.16344,1.16352,1.16359,1.16368,1.16357,1.16365,88
2026-01-09 19:09:00,1.16352,1.1635300000000002,1.16348,1.1635300000000002,1.16365,1.16366,1.16362,1.16366,61
2026-01-09 19:10:00,1.1635300000000002,1.16362,1.1635300000000002,1.1635700000000002,1.16366,1.16376,1.16366,1.1637,62
2026-01-09 19:11:00,1.1635700000000002,1.16359,1.16352,1.16358,1.1637,1.16372,1.16365,1.16371,83
2026-01-09 19:12:00,1.16358,1.16368,1.16352,1.1635300000000002,1.16371,1.1638,1.16365,1.16366,131
2026-01-09 19:13:00,1.1635300000000002,1.16365,1.16352,1.1636300000000002,1.16366,1.16377,1.16364,1.16376,99
2026-01-09 19:14:00,1.1636300000000002,1.16364,1.1635300000000002,1.16354,1.16376,1.16377,1.16366,1.16367,74
2026-01-09 19:15:00,1.16354,1.1636300000000002,1.16354,1.1636000000000002,1.16367,1.16376,1.16366,1.16373,59
2026-01-09 19:16:00,1.1636000000000002,1.16362,1.1635700000000002,1.16359,1.16373,1.16375,1.16369,1.16371,59
2026-01-09 19:17:00,1.16359,1.1636700000000002,1.16358,1.1636700000000002,1.16371,1.1638,1.1637,1.1638,63
2026-01-09 19:18:00,1.1636700000000002,1.16376,1.16366,1.16374,1.1638,1.16389,1.16379,1.16387,70
2026-01-09 19:19:00,1.16374,1.16375,1.16365,1.16365,1.16387,1.16387,1.16378,1.16378,68
2026-01-09 19:20:00,1.16365,1.16369,1.16362,1.16368,1.16378,1.16381,1.16375,1.16381,92
2026-01-09 19:21:00,1.16368,1.16369,1.16366,1.16368,1.16381,1.16381,1.16378,1.16381,54
2026-01-09 19:22:00,1.16368,1.16368,1.16365,1.16368,1.16381,1.16382,1.16377,1.16381,61
2026-01-09 19:23:00,1.16368,1.16372,1.16368,1.16371,1.16381,1.16386,1.1638,1.16385,64
2026-01-09 19:24:00,1.16371,1.16375,1.1637000000000002,1.1637300000000002,1.16385,1.1639,1.16382,1.16387,73
2026-01-09 19:25:00,1.1637300000000002,1.1638000000000002,1.16372,1.16376,1.16387,1.16394,1.16385,1.1639,57
2026-01-09 19:26:00,1.16376,1.16382,1.16375,1.1637700000000002,1.1639,1.16396,1.16389,1.1639,51
2026-01-09 19:27:00,1.1637700000000002,1.1638000000000002,1.16376,1.16378,1.1639,1.16393,1.16389,1.1639,45
2026-01-09 19:28:00,1.16378,1.16382,1.16371,1.16372,1.1639,1.16395,1.16384,1.16386,87
2026-01-09 19:29:00,1.16372,1.16376,1.16368,1.16372,1.16386,1.16389,1.1638,1.16385,62
2026-01-09 19:30:00,1.16372,1.16372,1.1636300000000002,1.16368,1.16385,1.16385,1.16375,1.16381,91
2026-01-09 19:31:00,1.16368,1.16368,1.16365,1.16365,1.16381,1.16381,1.16378,1.16378,43
2026-01-09 19:32:00,1.16365,1.16365,1.1635300000000002,1.1635300000000002,1.16378,1.16378,1.16365,1.16366,89
2026-01-09 19:33:00,1.1635300000000002,1.1636300000000002,1.16352,1.1636000000000002,1.16366,1.16376,1.16365,1.16373,48
2026-01-09 19:34:00,1.1636000000000002,1.16361,1.16354,1.16355,1.16373,1.16374,1.16367,1.16368,68
2026-01-09 19:35:00,1.16355,1.16356,1.16351,1.16352,1.16368,1.16368,1.16364,1.16364,29
2026-01-09 19:36:00,1.16352,1.16352,1.1634600000000002,1.16348,1.16364,1.16364,1.16359,1.16361,57
2026-01-09 19:37:00,1.16348,1.16355,1.16341,1.1635300000000002,1.16361,1.16367,1.16354,1.16366,98
2026-01-09 19:38:00,1.1635300000000002,1.1635700000000002,1.1634000000000002,1.16341,1.16366,1.16369,1.16353,1.16354,70
2026-01-09 19:39:00,1.16341,1.1634300000000002,1.16339,1.16341,1.16354,1.16356,1.16351,1.16354,61
2026-01-09 19:40:00,1.16341,1.16342,1.16338,1.16338,1.16354,1.16355,1.16351,1.16351,72
2026-01-09 19:41:00,1.16338,1.16344,1.16338,1.1634300000000002,1.16351,1.16357,1.16351,1.16356,71
2026-01-09 19:42:00,1.1634300000000002,1.16348,1.1634000000000002,1.1634600000000002,1.16356,1.16361,1.16352,1.16358,97
2026-01-09 19:43:00,1.1634600000000002,1.16355,1.16345,1.1635300000000002,1.16358,1.16367,1.16358,1.16366,50
2026-01-09 19:44:00,1.1635300000000002,1.1635300000000002,1.16344,1.16351,1.16366,1.16366,1.16356,1.16364,104
2026-01-09 19:45:00,1.16351,1.16351,1.16342,1.16344,1.16364,1.16364,1.16356,1.16357,74
2026-01-09 19:46:00,1.16344,1.16348,1.1634300000000002,1.16348,1.16357,1.16361,1.16355,1.1636,60
2026-01-09 19:47:00,1.16348,1.16348,1.16335,1.16338,1.1636,1.16361,1.16349,1.16351,70
2026-01-09 19:48:00,1.16338,1.16341,1.16337,1.16341,1.16351,1.16353,1.16351,1.16353,35
2026-01-09 19:49:00,1.16341,1.1635000000000002,1.1634000000000002,1.16348,1.16353,1.16363,1.16353,1.16362,64
2026-01-09 19:50:00,1.16348,1.16352,1.16342,1.16347,1.16362,1.16365,1.16356,1.1636,129
2026-01-09 19:51:00,1.16347,1.1635300000000002,1.16341,1.16347,1.1636,1.16367,1.16355,1.1636,85
2026-01-09 19:52:00,1.16347,1.16352,1.16341,1.16352,1.1636,1.16365,1.16355,1.16365,59
2026-01-09 19:53:00,1.16352,1.1635300000000002,1.16348,1.16352,1.16365,1.16366,1.16361,1.16365,29
2026-01-09 19:54:00,1.16352,1.16352,1.1634600000000002,1.16349,1.16365,1.16365,1.16359,1.16363,58
2026-01-09 19:55:00,1.16349,1.16351,1.16341,1.16344,1.16363,1.16364,1.16354,1.16358,48
2026-01-09 19:56:00,1.16344,1.1634600000000002,1.16341,1.16341,1.16358,1.16359,1.16354,1.16355,87
2026-01-09 19:57:00,1.16341,1.1634300000000002,1.16338,1.16342,1.16355,1.16356,1.16351,1.16356,88
2026-01-09 19:58:00,1.16342,1.16342,1.16337,1.16341,1.16356,1.16356,1.1635,1.16355,40
2026-01-09 19:59:00,1.16341,1.16344,1.16335,1.16341,1.16355,1.16357,1.16348,1.16355,127
2026-01-09 20:00:00,1.16341,1.16347,1.16335,1.16338,1.16355,1.1636,1.16349,1.16351,69
2026-01-09 20:01:00,1.16338,1.16351,1.16337,1.1635000000000002,1.16351,1.16364,1.16351,1.16363,52
2026-01-09 20:02:00,1.1635000000000002,1.1635000000000002,1.1634600000000002,1.16347,1.16363,1.16363,1.1636,1.1636,23
2026-01-09 20:03:00,1.16347,1.1635000000000002,1.1634600000000002,1.16348,1.1636,1.16364,1.16359,1.16361,28
2026-01-09 20:04:00,1.16348,1.16348,1.16339,1.16339,1.16361,1.16361,1.16352,1.16353,37
2026-01-09 20:05:00,1.16339,1.16342,1.1633600000000002,1.16339,1.16353,1.16355,1.1635,1.16353,36
2026-01-09 20:06:00,1.16339,1.16342,1.16338,1.1634000000000002,1.16353,1.16355,1.16352,1.16354,29
2026-01-09 20:07:00,1.1634000000000002,1.1634600000000002,1.16338,1.1634000000000002,1.16354,1.16358,1.16351,1.16353,36
2026-01-09 20:08:00,1.1634000000000002,1.16341,1.16339,1.16341,1.16353,1.16355,1.16353,1.16355,29
2026-01-09 20:09:00,1.16341,1.16344,1.1634000000000002,1.16341,1.16355,1.16358,1.16353,1.16354,24
2026-01-09 20:10:00,1.16341,1.1634600000000002,1.1634000000000002,1.16345,1.16354,1.1636,1.16353,1.16359,45
2026-01-09 20:11:00,1.16345,1.16352,1.16345,1.16352,1.16359,1.16364,1.16359,1.16364,21
2026-01-09 20:12:00,1.16352,1.16352,1.1634600000000002,1.16347,1.16364,1.16365,1.1636,1.1636,21
2026-01-09 20:13:00,1.16347,1.16347,1.16341,1.16341,1.1636,1.1636,1.16354,1.16354,81
2026-01-09 20:14:00,1.16341,1.16351,1.16341,1.16351,1.16354,1.16364,1.16354,1.16364,49
2026-01-09 20:15:00,1.16351,1.16354,1.16351,1.16354,1.16364,1.16367,1.16364,1.16366,33
2026-01-09 20:16:00,1.16354,1.16354,1.16348,1.1635000000000002,1.16366,1.16366,1.16361,1.16362,84
2026-01-09 20:17:00,1.1635000000000002,1.16351,1.16348,1.16351,1.16362,1.16364,1.16361,1.16364,103
2026-01-09 20:18:00,1.16351,1.16352,1.16348,1.16351,1.16364,1.16365,1.16361,1.16364,53
2026-01-09 20:19:00,1.16351,1.16356,1.16351,1.16355,1.16364,1.16369,1.16364,1.16368,52
2026-01-09 20:20:00,1.16355,1.1635700000000002,1.1634300000000002,1.16345,1.16368,1.16369,1.16356,1.16358,101
2026-01-09 20:21:00,1.16345,1.16355,1.16345,1.16354,1.16358,1.16368,1.16358,1.16367,57
2026-01-09 20:22:00,1.16354,1.1635700000000002,1.16354,1.1635700000000002,1.16367,1.1637,1.16366,1.1637,68
2026-01-09 20:23:00,1.1635700000000002,1.1636700000000002,1.1635700000000002,1.1636700000000002,1.1637,1.1638,1.16369,1.1638,61
2026-01-09 20:24:00,1.1636700000000002,1.1637300000000002,1.16364,1.16366,1.1638,1.16385,1.16377,1.16378,79
2026-01-09 20:25:00,1.16366,1.1636700000000002,1.1636300000000002,1.16364,1.16378,1.16379,1.16376,1.16377,85
2026-01-09 20:26:00,1.16364,1.16365,1.16361,1.16361,1.16377,1.16377,1.16373,1.16374,46
2026-01-09 20:27:00,1.16361,1.16366,1.16361,1.16361,1.16374,1.16378,1.16374,1.16374,44
2026-01-09 20:28:00,1.16361,1.1636300000000002,1.16361,1.16361,1.16374,1.16376,1.16374,1.16374,20
2026-01-09 20:29:00,1.16361,1.16364,1.16361,1.16362,1.16374,1.16376,1.16374,1.16375,46
2026-01-09 20:30:00,1.16362,1.1636300000000002,1.16356,1.16361,1.16375,1.16375,1.16368,1.16373,53
2026-01-09 20:31:00,1.16361,1.1636300000000002,1.1635700000000002,1.1635700000000002,1.16373,1.16375,1.1637,1.1637,64
2026-01-09 20:32:00,1.1635700000000002,1.16362,1.16354,1.16361,1.1637,1.16375,1.16367,1.16374,49
2026-01-09 20:33:00,1.16361,1.16366,1.16361,1.1636300000000002,1.16374,1.16378,1.16374,1.16375,50
2026-01-09 20:34:00,1.1636300000000002,1.16366,1.1635700000000002,1.1635700000000002,1.16375,1.16378,1.1637,1.1637,85
2026-01-09 20:35:00,1.1635700000000002,1.1635700000000002,1.16347,1.16347,1.1637,1.1637,1.1636,1.1636,94
2026-01-09 20:36:00,1.16347,1.16348,1.16342,1.1634600000000002,1.1636,1.16362,1.16355,1.1636,115
2026-01-09 20:37:00,1.1634600000000002,1.1634600000000002,1.16341,1.16341,1.1636,1.1636,1.16354,1.16355,39
2026-01-09 20:38:00,1.16341,1.16351,1.16341,1.16347,1.16355,1.16364,1.16354,1.16361,54
2026-01-09 20:39:00,1.16347,1.16348,1.1634300000000002,1.16345,1.16361,1.16362,1.16357,1.16359,35
2026-01-09 20:40:00,1.16345,1.16347,1.16342,1.16342,1.16359,1.1636,1.16355,1.16356,41
2026-01-09 20:41:00,1.16342,1.16348,1.16342,1.16348,1.16356,1.16361,1.16354,1.16361,37
2026-01-09 20:42:00,1.16348,1.16348,1.16342,1.1634300000000002,1.16361,1.16361,1.16355,1.16356,24
2026-01-09 20:43:00,1.1634300000000002,1.16347,1.16341,1.16344,1.16356,1.1636,1.16354,1.16357,56
2026-01-09 20:44:00,1.16344,1.16349,1.16342,1.16348,1.16357,1.16362,1.16355,1.16362,34
2026-01-09 20:45:00,1.16348,1.1635000000000002,1.16342,1.16342,1.16362,1.16363,1.16355,1.16355,25
2026-01-09 20:46:00,1.16342,1.16345,1.16342,1.1634300000000002,1.16355,1.16359,1.16354,1.16356,27
2026-01-09 20:47:00,1.1634300000000002,1.16349,1.1634300000000002,1.16349,1.16356,1.16363,1.16356,1.16363,28
2026-01-09 20:48:00,1.16349,1.16352,1.16349,1.16351,1.16363,1.16365,1.16363,1.16365,24
2026-01-09 20:49:00,1.16351,1.16352,1.16342,1.16342,1.16365,1.16365,1.16355,1.16355,33
2026-01-09 20:50:00,1.16342,1.1634300000000002,1.16342,1.16342,1.16355,1.16357,1.16354,1.16355,27
2026-01-09 20:51:00,1.16342,1.16347,1.16341,1.16345,1.16355,1.16361,1.16355,1.16359,58
2026-01-09 20:52:00,1.16345,1.16349,1.1634300000000002,1.16347,1.16359,1.16362,1.16357,1.1636,32
2026-01-09 20:53:00,1.16347,1.16348,1.16345,1.16348,1.1636,1.16362,1.16359,1.16361,46
2026-01-09 20:54:00,1.16348,1.16348,1.1634600000000002,1.16348,1.16361,1.16362,1.1636,1.16362,27
2026-01-09 20:55:00,1.16348,1.16358,1.16348,1.16355,1.16362,1.16371,1.16362,1.16368,46
2026-01-09 20:56:00,1.16355,1.16356,1.16349,1.1635000000000002,1.16368,1.16368,1.16363,1.16363,35
2026-01-09 20:57:00,1.1635000000000002,1.16352,1.16342,1.16342,1.16363,1.16365,1.16356,1.16356,63
2026-01-09 20:58:00,1.16342,1.16342,1.16335,1.1633600000000002,1.16356,1.16356,1.16349,1.1635,43
2026-01-09 20:59:00,1.1633600000000002,1.16341,1.16335,1.16341,1.1635,1.16355,1.16349,1.16355,45
2026-01-09 21:00:00,1.16341,1.16341,1.1633600000000002,1.1633600000000002,1.16355,1.16355,1.16349,1.1635,51
2026-01-09 21:01:00,1.1633600000000002,1.1633600000000002,1.16334,1.1633600000000002,1.1635,1.1635,1.16348,1.16349,10
2026-01-09 21:02:00,1.1633600000000002,1.16339,1.16334,1.16338,1.16349,1.16353,1.16348,1.16352,39
2026-01-09 21:03:00,1.16338,1.16347,1.16338,1.16342,1.16352,1.1636,1.16352,1.16356,50
2026-01-09 21:04:00,1.16342,1.1634600000000002,1.16342,1.1634600000000002,1.16356,1.1636,1.16356,1.1636,29
2026-01-09 21:05:00,1.1634600000000002,1.16352,1.1634300000000002,1.1634300000000002,1.1636,1.16365,1.16357,1.16357,34
2026-01-09 21:06:00,1.1634300000000002,1.1634600000000002,1.1634300000000002,1.1634300000000002,1.16357,1.16359,1.16356,1.16357,17
2026-01-09 21:07:00,1.1634300000000002,1.16358,1.1634300000000002,1.1635700000000002,1.16357,1.16371,1.16357,1.16371,60
2026-01-09 21:08:00,1.1635700000000002,1.16358,1.1635300000000002,1.1635300000000002,1.16371,1.16372,1.16366,1.16366,35
2026-01-09 21:09:00,1.1635300000000002,1.1636300000000002,1.16351,1.16362,1.16366,1.16376,1.16364,1.16376,70
2026-01-09 21:10:00,1.16362,1.16362,1.16356,1.16356,1.16376,1.16376,1.16368,1.16368,25
2026-01-09 21:11:00,1.16356,1.1635700000000002,1.16356,1.16356,1.16368,1.1637,1.16368,1.16369,19
2026-01-09 21:12:00,1.16356,1.1635700000000002,1.1634300000000002,1.16344,1.16369,1.1637,1.16356,1.16356,56
2026-01-09 21:13:00,1.16344,1.16344,1.16341,1.16342,1.16356,1.16357,1.16354,1.16355,33
2026-01-09 21:14:00,1.16342,1.16348,1.16342,1.16345,1.16355,1.16361,1.16355,1.16359,42
2026-01-09 21:15:00,1.16345,1.16348,1.16345,1.16347,1.16359,1.16361,1.16359,1.16361,20
2026-01-09 21:16:00,1.16347,1.16348,1.16347,1.16347,1.16361,1.16363,1.1636,1.1636,18
2026-01-09 21:17:00,1.16347,1.16347,1.16332,1.16334,1.1636,1.1636,1.16346,1.16348,34
2026-01-09 21:18:00,1.16334,1.16334,1.16332,1.1633300000000002,1.16348,1.16348,1.16346,1.16346,19
2026-01-09 21:19:00,1.1633300000000002,1.16337,1.16331,1.16337,1.16346,1.1635,1.16344,1.1635,19
2026-01-09 21:20:00,1.16337,1.16347,1.16337,1.16347,1.1635,1.1636,1.1635,1.1636,23
2026-01-09 21:21:00,1.16347,1.1635300000000002,1.16347,1.1635300000000002,1.1636,1.16366,1.1636,1.16366,16
2026-01-09 21:22:00,1.1635300000000002,1.16355,1.16347,1.16347,1.16366,1.16369,1.1636,1.1636,17
2026-01-09 21:23:00,1.16347,1.16347,1.1634600000000002,1.1634600000000002,1.1636,1.1636,1.1636,1.1636,1
2026-01-09 21:24:00,1.1634600000000002,1.1634600000000002,1.1634600000000002,1.1634600000000002,1.1636,1.16361,1.1636,1.1636,4
2026-01-09 21:25:00,1.1634600000000002,1.1634600000000002,1.16338,1.16339,1.1636,1.1636,1.16353,1.16354,15
2026-01-09 21:26:00,1.16339,1.1634000000000002,1.16335,1.16339,1.16354,1.16354,1.16349,1.16353,11
2026-01-09 21:27:00,1.16339,1.16339,1.1633600000000002,1.16337,1.16353,1.16353,1.1635,1.16351,6
2026-01-09 21:28:00,1.16337,1.1634000000000002,1.16335,1.16337,1.16351,1.16354,1.16349,1.16351,32
2026-01-09 21:29:00,1.16337,1.16345,1.1633600000000002,1.16338,1.16351,1.16359,1.1635,1.16351,95
2026-01-09 21:30:00,1.16338,1.16338,1.16328,1.16328,1.16351,1.16352,1.16341,1.16342,23
2026-01-09 21:31:00,1.16328,1.16332,1.16328,1.1633,1.16342,1.16346,1.16342,1.16344,14
2026-01-09 21:32:00,1.1633,1.16331,1.1632900000000002,1.1632900000000002,1.16344,1.16345,1.16343,1.16344,13
2026-01-09 21:33:00,1.1632900000000002,1.16332,1.1632900000000002,1.1633,1.16344,1.16346,1.16344,1.16344,17
2026-01-09 21:34:00,1.1633,1.16331,1.16325,1.16325,1.16344,1.16345,1.16339,1.16339,29
2026-01-09 21:35:00,1.16325,1.16325,1.1631900000000002,1.1631900000000002,1.16339,1.1634,1.16333,1.16333,31
2026-01-09 21:36:00,1.1631900000000002,1.1632,1.16315,1.1631600000000002,1.16333,1.16334,1.1633,1.16331,26
2026-01-09 21:37:00,1.1631600000000002,1.16318,1.16315,1.16317,1.16331,1.16332,1.1633,1.16331,14
2026-01-09 21:38:00,1.16317,1.16317,1.16307,1.1630900000000002,1.16331,1.16331,1.16322,1.16323,43
2026-01-09 21:39:00,1.1630900000000002,1.1631,1.16305,1.1630600000000002,1.16323,1.16323,1.16319,1.1632,21
2026-01-09 21:40:00,1.1630600000000002,1.16307,1.163,1.16305,1.1632,1.1632,1.16315,1.16319,29
2026-01-09 21:41:00,1.16305,1.1630600000000002,1.1630200000000002,1.16304,1.16319,1.1632,1.16315,1.16317,25
2026-01-09 21:42:00,1.16304,1.16304,1.163,1.163,1.16317,1.16317,1.16314,1.16314,17
2026-01-09 21:43:00,1.163,1.16301,1.1629900000000002,1.16301,1.16314,1.16315,1.16314,1.16315,7
2026-01-09 21:44:00,1.16301,1.1630200000000002,1.1629900000000002,1.16301,1.16315,1.16316,1.16314,1.16315,14
2026-01-09 21:45:00,1.16301,1.16308,1.16298,1.16307,1.16315,1.16322,1.16314,1.1632,60
2026-01-09 21:46:00,1.16307,1.16308,1.163,1.16301,1.1632,1.1632,1.16313,1.16314,40
2026-01-09 21:47:00,1.16301,1.16307,1.16301,1.1630600000000002,1.16314,1.1632,1.16313,1.16318,27
2026-01-09 21:48:00,1.1630600000000002,1.16308,1.16294,1.1629500000000002,1.16318,1.16321,1.16307,1.16308,46
2026-01-09 21:49:00,1.1629500000000002,1.163,1.16294,1.16297,1.16308,1.16314,1.16307,1.16309,24
2026-01-09 21:50:00,1.16297,1.163,1.1629,1.163,1.16309,1.16314,1.16304,1.16313,67
2026-01-09 21:51:00,1.163,1.16301,1.16293,1.163,1.16313,1.16315,1.16307,1.16315,52
2026-01-09 21:52:00,1.163,1.16301,1.16294,1.163,1.16315,1.16316,1.1631,1.16313,50
2026-01-09 21:53:00,1.163,1.163,1.16294,1.16298,1.16313,1.16318,1.16313,1.16314,27
2026-01-09 21:54:00,1.16298,1.16305,1.1629,1.1629500000000002,1.16314,1.1632,1.16308,1.16309,52
2026-01-09 21:55:00,1.1629500000000002,1.16301,1.1628500000000002,1.1629200000000002,1.16309,1.16321,1.16307,1.16311,72
2026-01-09 21:56:00,1.1629200000000002,1.16325,1.16291,1.16318,1.16311,1.16353,1.16311,1.16339,101
2026-01-09 21:57:00,1.16318,1.1632600000000002,1.1631600000000002,1.16324,1.16339,1.1635,1.16336,1.1635,107
2026-01-09 21:58:00,1.16324,1.1633,1.16321,1.16324,1.1635,1.16365,1.16347,1.16364,57
